po_id,warehouse_id,supplier_id,order_date,product_category,order_priority,quantity_ordered,total_cost
PO000001,W027,SUP0069,2024-04-19,Electronics,Bulk,4300,8153347.55
PO000002,W015,SUP0106,2025-02-12,Personal Care,Standard,505,72479.54
PO000003,W004,SUP0117,2025-10-09,Electronics,Standard,576,1344876.92
PO000004,W024,SUP0079,2025-02-18,Grocery,Standard,930,61123.69
PO000005,W027,SUP0095,2025-08-24,Personal Care,Standard,518,78594.53
PO000006,W023,SUP0073,2025-10-30,Furniture,Bulk,2372,9031403.61
PO000007,W030,SUP0076,2025-10-18,Grocery,Standard,582,37360.8
PO000008,W006,SUP0082,2024-04-10,Furniture,Standard,869,3344441.51
PO000009,W006,SUP0141,2026-04-16,Grocery,Bulk,4454,269730.16
PO000010,W004,SUP0070,2025-09-28,Personal Care,Standard,424,69040.02
PO000011,W017,SUP0145,2024-12-01,Personal Care,Standard,1053,172166.98
PO000012,W011,SUP0073,2024-04-18,Grocery,Standard,379,25029.36
PO000013,W009,SUP0047,2024-07-23,Apparel,Standard,985,327607.02
PO000014,W013,SUP0017,2026-01-04,Apparel,Standard,807,266656.27
PO000015,W006,SUP0049,2025-12-09,Personal Care,Standard,426,58886.9
PO000016,W001,SUP0097,2026-02-20,Stationery,Urgent,334,14645.47
PO000017,W014,SUP0140,2024-02-27,Grocery,Standard,175,8973.91
PO000018,W007,SUP0057,2025-03-04,Furniture,Urgent,365,1243318.89
PO000019,W013,SUP0129,2024-09-28,Grocery,Standard,870,61542.55
PO000020,W030,SUP0116,2025-06-23,Stationery,Bulk,3710,168910.13
PO000021,W005,SUP0131,2024-06-17,Grocery,Bulk,2082,126694.55
PO000022,W020,SUP0041,2025-07-29,Home & Kitchen,Bulk,1698,793519.77
PO000023,W021,SUP0069,2025-10-16,Personal Care,Bulk,3885,551425.02
PO000024,W007,SUP0021,2024-10-28,Personal Care,Urgent,260,35459.47
PO000025,W014,SUP0063,2026-05-21,Grocery,Urgent,371,20896.4
PO000026,W030,SUP0125,2025-03-12,Home & Kitchen,Standard,625,292587.63
PO000027,W009,SUP0118,2025-11-01,Electronics,Standard,927,2178440.94
PO000028,W023,SUP0017,2024-03-28,Home & Kitchen,Standard,670,369536.38
PO000029,W027,SUP0145,2024-02-28,Grocery,Urgent,186,12548.45
PO000030,W009,SUP0029,2024-05-23,Apparel,Standard,80,27649.44
PO000031,W030,SUP0022,2024-08-02,Stationery,Urgent,148,7078.72
PO000032,W020,SUP0028,2025-08-15,Grocery,Standard,975,56818.44
PO000033,W015,SUP0140,2024-06-05,Grocery,Standard,1144,62377.94
PO000034,W023,SUP0034,2026-07-01,Home & Kitchen,Bulk,1240,645173.15
PO000035,W012,SUP0087,2026-07-04,Apparel,Urgent,172,50586.15
PO000036,W023,SUP0079,2025-12-10,Grocery,Standard,948,61710.82
PO000037,W006,SUP0121,2024-04-29,Apparel,Standard,529,192889.29
PO000038,W030,SUP0103,2025-04-29,Apparel,Standard,1006,375652.37
PO000039,W017,SUP0128,2025-12-18,Apparel,Standard,1154,391385.31
PO000040,W006,SUP0150,2026-01-22,Grocery,Bulk,4333,284303.71
PO000041,W012,SUP0044,2025-05-24,Home & Kitchen,Bulk,3571,1712425.83
PO000042,W028,SUP0063,2025-11-23,Grocery,Urgent,345,22279.05
PO000043,W027,SUP0067,2024-01-22,Home & Kitchen,Urgent,189,102786.65
PO000044,W015,SUP0008,2024-04-06,Apparel,Standard,345,95149.78
PO000045,W009,SUP0054,2026-01-05,Electronics,Standard,243,615640.82
PO000046,W010,SUP0114,2025-01-09,Electronics,Bulk,2226,4649660.6
PO000047,W030,SUP0148,2024-12-16,Apparel,Urgent,168,51206.88
PO000048,W002,SUP0124,2026-04-27,Apparel,Standard,606,224081.86
PO000049,W028,SUP0102,2024-12-19,Stationery,Urgent,80,3476.93
PO000050,W027,SUP0085,2025-04-24,Home & Kitchen,Standard,229,123602.34
PO000051,W006,SUP0046,2024-02-11,Electronics,Urgent,227,519820.66
PO000052,W009,SUP0060,2024-02-20,Electronics,Standard,145,292356.89
PO000053,W018,SUP0073,2026-08-01,Apparel,Bulk,992,357488.05
PO000054,W027,SUP0069,2026-07-20,Apparel,Standard,351,120113.32
PO000055,W030,SUP0072,2025-12-14,Home & Kitchen,Bulk,1179,523122.58
PO000056,W030,SUP0077,2025-11-14,Home & Kitchen,Urgent,109,46328.13
PO000057,W007,SUP0011,2025-01-18,Furniture,Standard,256,1048256.39
PO000058,W005,SUP0115,2025-11-02,Grocery,Bulk,1636,110458.37
PO000059,W015,SUP0135,2025-07-29,Home & Kitchen,Bulk,2013,963944.84
PO000060,W017,SUP0110,2024-11-22,Grocery,Urgent,316,22313.09
PO000061,W021,SUP0067,2024-02-25,Apparel,Standard,293,105088.27
PO000062,W002,SUP0031,2025-03-07,Apparel,Bulk,4157,1162000.02
PO000063,W021,SUP0096,2025-11-27,Electronics,Urgent,357,937197.85
PO000064,W029,SUP0150,2025-05-01,Personal Care,Standard,219,32977.19
PO000065,W029,SUP0083,2024-08-05,Furniture,Urgent,238,709444.57
PO000066,W030,SUP0046,2025-12-01,Home & Kitchen,Bulk,1222,543380.87
PO000067,W029,SUP0017,2024-05-04,Grocery,Standard,546,33014.61
PO000068,W030,SUP0140,2026-02-01,Grocery,Standard,346,22948.16
PO000069,W001,SUP0030,2024-03-27,Electronics,Urgent,275,611777.76
PO000070,W029,SUP0047,2026-08-12,Furniture,Bulk,931,3587685.2
PO000071,W006,SUP0013,2024-01-12,Grocery,Bulk,1152,68161.45
PO000072,W008,SUP0087,2024-11-15,Home & Kitchen,Standard,1046,533777.25
PO000073,W013,SUP0097,2024-11-19,Electronics,Urgent,244,544546.41
PO000074,W030,SUP0030,2024-06-19,Grocery,Bulk,3475,246835.31
PO000075,W019,SUP0143,2024-06-16,Home & Kitchen,Standard,839,451985.81
PO000076,W009,SUP0139,2025-04-08,Stationery,Bulk,3235,138636.3
PO000077,W010,SUP0058,2024-03-03,Home & Kitchen,Urgent,327,151656.95
PO000078,W029,SUP0086,2025-09-12,Home & Kitchen,Standard,359,182727.79
PO000079,W027,SUP0125,2024-11-12,Apparel,Bulk,2516,790496.52
PO000080,W004,SUP0149,2025-12-02,Electronics,Bulk,2419,6027569.16
PO000081,W006,SUP0047,2024-10-17,Home & Kitchen,Standard,598,286430.04
PO000082,W010,SUP0078,2025-08-23,Furniture,Bulk,846,2815859.2
PO000083,W005,SUP0013,2024-05-24,Personal Care,Bulk,1704,225641.27
PO000084,W018,SUP0098,2026-05-21,Personal Care,Standard,1073,145923.5
PO000085,W006,SUP0079,2024-03-28,Apparel,Standard,831,244686.47
PO000086,W018,SUP0013,2026-02-07,Home & Kitchen,Bulk,3035,1547725.26
PO000087,W030,SUP0053,2025-11-24,Electronics,Urgent,150,348227.85
PO000088,W027,SUP0040,2024-01-10,Personal Care,Standard,229,33267.16
PO000089,W002,SUP0026,2025-03-05,Personal Care,Standard,1117,182014.62
PO000090,W005,SUP0096,2026-06-25,Personal Care,Standard,1086,160594.53
PO000091,W012,SUP0084,2024-07-12,Grocery,Standard,643,37692.24
PO000092,W021,SUP0132,2026-03-03,Electronics,Bulk,1720,3542606.13
PO000093,W010,SUP0126,2026-08-02,Stationery,Standard,267,11775.71
PO000094,W006,SUP0119,2025-04-19,Personal Care,Standard,112,15220.93
PO000095,W009,SUP0046,2025-06-15,Home & Kitchen,Standard,469,269387.96
PO000096,W005,SUP0002,2026-06-05,Apparel,Urgent,129,38867.55
PO000097,W027,SUP0012,2026-03-08,Grocery,Standard,965,64763.3
PO000098,W023,SUP0150,2026-04-18,Home & Kitchen,Standard,127,59045.56
PO000099,W011,SUP0091,2024-07-04,Electronics,Standard,121,278201.12
PO000100,W023,SUP0027,2026-06-10,Home & Kitchen,Standard,181,100089.2
PO000101,W016,SUP0066,2025-10-17,Electronics,Standard,234,483921.16
PO000102,W016,SUP0118,2025-08-01,Grocery,Standard,1087,64410.71
PO000103,W010,SUP0087,2025-04-04,Personal Care,Standard,531,88992.45
PO000104,W015,SUP0143,2024-08-15,Grocery,Bulk,3383,176744.2
PO000105,W030,SUP0103,2025-07-20,Furniture,Bulk,885,2912474.36
PO000106,W026,SUP0012,2025-06-09,Home & Kitchen,Urgent,267,111437.52
PO000107,W027,SUP0147,2024-05-28,Electronics,Standard,457,1092780.53
PO000108,W003,SUP0105,2024-11-01,Apparel,Standard,265,86051.13
PO000109,W015,SUP0085,2025-06-19,Grocery,Standard,1035,61036.61
PO000110,W009,SUP0043,2025-03-27,Grocery,Standard,75,4561.94
PO000111,W002,SUP0026,2024-09-22,Personal Care,Standard,501,61528.58
PO000112,W011,SUP0062,2025-09-25,Furniture,Bulk,1644,6458348.84
PO000113,W001,SUP0096,2024-04-09,Furniture,Standard,94,352006.88
PO000114,W006,SUP0044,2025-04-08,Stationery,Standard,528,24167.21
PO000115,W027,SUP0061,2025-10-05,Electronics,Standard,166,333458.23
PO000116,W022,SUP0146,2025-04-07,Apparel,Standard,355,107151.94
PO000117,W023,SUP0136,2025-02-25,Grocery,Standard,657,38122.22
PO000118,W001,SUP0141,2024-12-29,Grocery,Standard,984,68847.07
PO000119,W004,SUP0064,2024-04-26,Grocery,Standard,482,30249.74
PO000120,W001,SUP0122,2026-08-11,Electronics,Standard,462,1209256.9
PO000121,W002,SUP0109,2025-03-18,Stationery,Bulk,2450,97477.28
PO000122,W002,SUP0113,2024-10-23,Electronics,Standard,651,1289728.91
PO000123,W030,SUP0079,2025-10-17,Grocery,Bulk,3292,203203.55
PO000124,W028,SUP0017,2025-03-29,Grocery,Bulk,4813,274409.75
PO000125,W005,SUP0031,2025-01-03,Apparel,Bulk,2288,693279.77
PO000126,W006,SUP0053,2024-07-04,Grocery,Standard,521,34356.82
PO000127,W030,SUP0043,2024-07-20,Home & Kitchen,Bulk,4558,2442609.33
PO000128,W018,SUP0068,2024-06-28,Grocery,Urgent,382,24523.38
PO000129,W010,SUP0090,2024-07-15,Apparel,Standard,184,64313.74
PO000130,W014,SUP0084,2025-06-16,Electronics,Urgent,48,108922.25
PO000131,W006,SUP0032,2024-12-21,Electronics,Bulk,4538,8801696.47
PO000132,W018,SUP0099,2025-02-23,Furniture,Standard,595,1951133.8
PO000133,W024,SUP0085,2026-01-01,Personal Care,Standard,384,58909.67
PO000134,W015,SUP0009,2025-08-11,Apparel,Standard,1114,419306.61
PO000135,W027,SUP0032,2025-06-12,Grocery,Standard,551,37549.13
PO000136,W002,SUP0115,2026-06-05,Furniture,Bulk,3624,13339878.52
PO000137,W019,SUP0022,2026-07-08,Grocery,Bulk,4553,274888.36
PO000138,W030,SUP0102,2024-01-27,Apparel,Standard,92,27533.41
PO000139,W004,SUP0006,2024-03-31,Grocery,Standard,260,14963.04
PO000140,W015,SUP0125,2025-07-22,Personal Care,Standard,247,40604.15
PO000141,W020,SUP0003,2026-01-26,Grocery,Standard,1000,61981.14
PO000142,W009,SUP0098,2025-12-20,Apparel,Standard,242,85260.23
PO000143,W030,SUP0011,2024-09-01,Grocery,Standard,1075,72016.12
PO000144,W015,SUP0127,2024-04-22,Grocery,Standard,330,20583.27
PO000145,W014,SUP0045,2024-08-20,Furniture,Standard,996,3874000.46
PO000146,W029,SUP0012,2024-06-17,Stationery,Standard,846,41604.96
PO000147,W001,SUP0084,2025-09-03,Personal Care,Standard,860,143236.52
PO000148,W027,SUP0137,2024-02-23,Personal Care,Standard,542,86768.7
PO000149,W003,SUP0041,2026-01-02,Apparel,Bulk,3126,1135628.4
PO000150,W010,SUP0062,2026-05-17,Apparel,Standard,350,132748.15
PO000151,W015,SUP0115,2024-12-27,Grocery,Standard,73,4281.67
PO000152,W014,SUP0096,2025-06-27,Grocery,Standard,461,28397.72
PO000153,W001,SUP0082,2024-01-22,Grocery,Standard,863,58086.95
PO000154,W008,SUP0015,2025-04-09,Home & Kitchen,Bulk,829,343019.29
PO000155,W009,SUP0026,2025-12-23,Home & Kitchen,Bulk,2739,1406602.19
PO000156,W030,SUP0013,2026-04-05,Furniture,Urgent,148,462364.14
PO000157,W029,SUP0007,2025-04-01,Apparel,Bulk,2855,812706.9
PO000158,W018,SUP0078,2024-12-21,Home & Kitchen,Standard,1102,616501.5
PO000159,W030,SUP0041,2024-03-27,Apparel,Standard,353,113410.94
PO000160,W027,SUP0082,2025-06-07,Grocery,Standard,882,55675.58
PO000161,W010,SUP0106,2024-10-07,Grocery,Standard,1168,66611.64
PO000162,W002,SUP0058,2025-04-10,Home & Kitchen,Urgent,352,166481.02
PO000163,W019,SUP0078,2025-07-15,Home & Kitchen,Standard,1172,537973.56
PO000164,W008,SUP0126,2025-05-04,Apparel,Standard,546,168916.37
PO000165,W001,SUP0020,2024-07-12,Apparel,Standard,861,235337.43
PO000166,W030,SUP0013,2024-12-27,Grocery,Bulk,3153,197660.68
PO000167,W030,SUP0096,2025-05-18,Grocery,Bulk,2270,129856.69
PO000168,W016,SUP0035,2026-03-01,Grocery,Urgent,330,22867.92
PO000169,W020,SUP0085,2025-08-28,Home & Kitchen,Standard,950,444116.49
PO000170,W022,SUP0102,2026-02-20,Grocery,Standard,366,21869.15
PO000171,W030,SUP0011,2026-06-01,Electronics,Urgent,335,783994.65
PO000172,W014,SUP0078,2024-10-10,Personal Care,Standard,1023,135205.26
PO000173,W018,SUP0129,2025-10-07,Home & Kitchen,Bulk,1542,736134.89
PO000174,W006,SUP0090,2024-04-15,Grocery,Bulk,1462,89848.01
PO000175,W006,SUP0132,2026-03-07,Grocery,Bulk,2788,193286.43
PO000176,W016,SUP0071,2025-09-13,Grocery,Bulk,4251,242516.67
PO000177,W006,SUP0015,2024-12-27,Electronics,Standard,1187,2763898.38
PO000178,W001,SUP0089,2025-10-25,Electronics,Bulk,4592,9933042.62
PO000179,W010,SUP0032,2024-11-03,Grocery,Standard,346,20811.4
PO000180,W025,SUP0017,2025-01-21,Apparel,Standard,726,223806.27
PO000181,W007,SUP0076,2026-05-13,Home & Kitchen,Standard,717,317146.31
PO000182,W027,SUP0024,2025-03-12,Furniture,Bulk,709,2150479.63
PO000183,W023,SUP0120,2025-08-01,Furniture,Standard,1148,4503047.17
PO000184,W021,SUP0068,2025-07-05,Home & Kitchen,Standard,1109,587942.32
PO000185,W028,SUP0060,2025-03-16,Electronics,Standard,769,1706303.38
PO000186,W001,SUP0101,2024-01-11,Home & Kitchen,Standard,252,120153.4
PO000187,W005,SUP0062,2025-05-27,Electronics,Urgent,313,622478.66
PO000188,W029,SUP0107,2024-07-11,Stationery,Standard,951,47868.98
PO000189,W029,SUP0137,2026-07-09,Stationery,Standard,1135,56757.79
PO000190,W001,SUP0084,2024-04-04,Grocery,Standard,203,13874.36
PO000191,W026,SUP0074,2025-06-08,Grocery,Urgent,170,11132.9
PO000192,W001,SUP0105,2026-04-20,Stationery,Standard,911,43900.95
PO000193,W003,SUP0131,2025-06-20,Electronics,Standard,1084,2772567.09
PO000194,W002,SUP0132,2025-12-16,Grocery,Urgent,328,17462.4
PO000195,W008,SUP0038,2025-08-06,Stationery,Urgent,41,2014.94
PO000196,W010,SUP0138,2025-02-15,Personal Care,Standard,1182,140884.64
PO000197,W029,SUP0102,2024-11-07,Electronics,Standard,81,193139.8
PO000198,W012,SUP0072,2024-07-20,Grocery,Bulk,2679,185638.37
PO000199,W003,SUP0035,2026-07-06,Apparel,Bulk,2126,676159.95
PO000200,W006,SUP0110,2024-05-04,Grocery,Standard,1093,58190.85
PO000201,W001,SUP0149,2024-04-12,Grocery,Bulk,4517,308447.67
PO000202,W001,SUP0115,2025-09-19,Apparel,Bulk,602,209900.08
PO000203,W012,SUP0021,2025-08-15,Electronics,Urgent,201,418501.05
PO000204,W015,SUP0096,2024-02-03,Grocery,Standard,179,10440.49
PO000205,W006,SUP0109,2025-04-05,Home & Kitchen,Standard,500,278805.42
PO000206,W010,SUP0013,2025-08-19,Personal Care,Standard,161,24051.58
PO000207,W002,SUP0070,2024-09-12,Grocery,Standard,405,23332.32
PO000208,W021,SUP0149,2026-07-09,Furniture,Standard,906,3364092.92
PO000209,W010,SUP0082,2026-06-27,Apparel,Bulk,2490,866160.32
PO000210,W004,SUP0083,2025-11-22,Home & Kitchen,Standard,683,324400.72
PO000211,W015,SUP0001,2026-04-26,Apparel,Bulk,2493,702517.81
PO000212,W005,SUP0062,2024-06-23,Electronics,Standard,645,1402836.75
PO000213,W007,SUP0050,2025-01-06,Grocery,Standard,839,48706.88
PO000214,W003,SUP0063,2025-10-28,Grocery,Standard,769,48162.98
PO000215,W026,SUP0121,2025-01-31,Grocery,Standard,535,32178.7
PO000216,W007,SUP0133,2024-10-12,Home & Kitchen,Standard,369,165541.65
PO000217,W030,SUP0061,2024-05-12,Grocery,Standard,311,19485.55
PO000218,W011,SUP0143,2025-04-23,Personal Care,Bulk,1804,247198.4
PO000219,W004,SUP0132,2025-09-06,Home & Kitchen,Standard,476,217978.78
PO000220,W023,SUP0135,2025-05-02,Apparel,Standard,977,339638.3
PO000221,W024,SUP0077,2025-12-24,Stationery,Urgent,245,11638.51
PO000222,W028,SUP0149,2025-01-11,Apparel,Standard,1094,323610.34
PO000223,W003,SUP0150,2026-06-12,Personal Care,Urgent,66,9608.75
PO000224,W026,SUP0107,2024-10-03,Home & Kitchen,Bulk,735,381070.75
PO000225,W027,SUP0105,2025-08-04,Grocery,Standard,226,14822.87
PO000226,W008,SUP0130,2026-03-05,Personal Care,Standard,273,33397.72
PO000227,W013,SUP0140,2026-07-24,Electronics,Standard,658,1328156.38
PO000228,W020,SUP0094,2026-01-05,Electronics,Standard,308,769679.6
PO000229,W006,SUP0078,2025-02-12,Electronics,Standard,1001,2469214.29
PO000230,W027,SUP0092,2026-06-22,Home & Kitchen,Bulk,2765,1210058.28
PO000231,W023,SUP0119,2025-01-10,Home & Kitchen,Urgent,199,111178.63
PO000232,W027,SUP0136,2024-01-26,Home & Kitchen,Urgent,147,84670.51
PO000233,W013,SUP0027,2025-02-14,Electronics,Urgent,113,236671.37
PO000234,W016,SUP0021,2024-10-04,Furniture,Urgent,384,1461057.69
PO000235,W005,SUP0121,2025-02-18,Grocery,Standard,455,30437.75
PO000236,W008,SUP0029,2024-06-08,Electronics,Standard,686,1615311.03
PO000237,W024,SUP0132,2025-08-18,Apparel,Standard,1069,376569.17
PO000238,W030,SUP0070,2024-09-17,Furniture,Urgent,314,1068407.9
PO000239,W004,SUP0010,2024-01-01,Grocery,Bulk,2845,198929.47
PO000240,W001,SUP0004,2026-06-15,Personal Care,Urgent,44,7336.22
PO000241,W001,SUP0017,2025-11-28,Grocery,Bulk,2221,149516.68
PO000242,W012,SUP0101,2024-12-19,Personal Care,Standard,856,143728.71
PO000243,W026,SUP0137,2025-09-22,Personal Care,Standard,234,31848.05
PO000244,W006,SUP0006,2025-03-10,Apparel,Standard,1080,383102.35
PO000245,W014,SUP0024,2026-04-29,Personal Care,Urgent,280,34065.0
PO000246,W015,SUP0131,2025-12-16,Grocery,Urgent,85,5208.78
PO000247,W027,SUP0148,2024-07-12,Grocery,Urgent,306,17284.46
PO000248,W004,SUP0137,2025-07-13,Grocery,Bulk,2433,151874.1
PO000249,W001,SUP0016,2025-05-30,Stationery,Standard,761,34042.04
PO000250,W015,SUP0115,2024-07-25,Home & Kitchen,Standard,1046,544564.52
PO000251,W009,SUP0009,2024-08-31,Home & Kitchen,Standard,961,413577.07
PO000252,W007,SUP0071,2025-10-18,Electronics,Standard,340,789621.56
PO000253,W026,SUP0141,2025-03-14,Electronics,Bulk,4991,10965072.91
PO000254,W022,SUP0002,2024-06-22,Home & Kitchen,Standard,994,545739.44
PO000255,W002,SUP0006,2025-02-19,Personal Care,Standard,642,76787.18
PO000256,W017,SUP0125,2025-05-13,Grocery,Standard,625,35863.74
PO000257,W027,SUP0042,2024-04-23,Home & Kitchen,Standard,281,122263.58
PO000258,W029,SUP0031,2025-03-31,Apparel,Standard,394,131770.76
PO000259,W001,SUP0026,2024-04-22,Grocery,Bulk,4477,236221.78
PO000260,W027,SUP0126,2026-01-04,Electronics,Urgent,155,302835.58
PO000261,W001,SUP0021,2025-05-15,Stationery,Standard,1162,50336.16
PO000262,W022,SUP0145,2025-01-02,Furniture,Urgent,341,1270689.08
PO000263,W019,SUP0039,2026-01-18,Home & Kitchen,Standard,553,232883.96
PO000264,W030,SUP0056,2025-03-25,Grocery,Standard,347,19856.25
PO000265,W020,SUP0012,2024-07-09,Stationery,Standard,395,15744.42
PO000266,W001,SUP0059,2026-01-06,Personal Care,Urgent,187,25729.22
PO000267,W022,SUP0108,2025-10-24,Personal Care,Standard,804,101047.36
PO000268,W006,SUP0009,2026-07-30,Electronics,Bulk,2460,4709537.16
PO000269,W027,SUP0066,2024-04-19,Apparel,Urgent,381,120838.3
PO000270,W001,SUP0053,2024-02-21,Stationery,Standard,1073,53391.92
PO000271,W008,SUP0114,2024-11-02,Home & Kitchen,Urgent,92,48169.48
PO000272,W022,SUP0082,2024-06-16,Grocery,Urgent,225,11898.65
PO000273,W004,SUP0033,2024-02-10,Personal Care,Standard,497,76749.01
PO000274,W021,SUP0134,2024-01-03,Grocery,Urgent,281,16841.55
PO000275,W023,SUP0058,2024-10-17,Grocery,Standard,912,63569.23
PO000276,W024,SUP0101,2024-03-05,Apparel,Urgent,110,41057.27
PO000277,W028,SUP0130,2024-06-17,Electronics,Standard,762,1757923.84
PO000278,W012,SUP0002,2025-04-25,Grocery,Standard,993,59575.9
PO000279,W004,SUP0044,2025-07-01,Furniture,Bulk,3787,15728270.52
PO000280,W006,SUP0039,2025-09-26,Grocery,Bulk,3215,205091.67
PO000281,W010,SUP0047,2024-10-31,Apparel,Standard,804,261976.98
PO000282,W001,SUP0109,2025-10-24,Grocery,Bulk,4845,337149.92
PO000283,W023,SUP0134,2024-01-29,Personal Care,Standard,966,147678.8
PO000284,W001,SUP0037,2024-05-30,Home & Kitchen,Standard,902,422569.14
PO000285,W001,SUP0042,2024-09-03,Apparel,Standard,283,84178.74
PO000286,W030,SUP0060,2026-06-30,Grocery,Urgent,133,9191.05
PO000287,W027,SUP0083,2024-09-16,Home & Kitchen,Standard,565,297827.58
PO000288,W006,SUP0035,2024-08-20,Apparel,Standard,281,99582.38
PO000289,W009,SUP0016,2026-05-12,Apparel,Bulk,1101,398162.85
PO000290,W027,SUP0143,2024-05-17,Furniture,Urgent,385,1540855.42
PO000291,W020,SUP0002,2024-04-27,Home & Kitchen,Bulk,4720,2006715.83
PO000292,W006,SUP0068,2026-04-30,Home & Kitchen,Standard,442,222144.61
PO000293,W013,SUP0021,2026-03-04,Grocery,Standard,167,9935.08
PO000294,W027,SUP0125,2024-02-18,Electronics,Standard,486,1080851.06
PO000295,W001,SUP0111,2024-05-03,Home & Kitchen,Standard,229,117329.66
PO000296,W030,SUP0149,2026-06-12,Grocery,Standard,776,42313.81
PO000297,W018,SUP0013,2026-02-02,Personal Care,Bulk,595,94876.26
PO000298,W005,SUP0040,2024-05-05,Grocery,Standard,1124,79701.3
PO000299,W027,SUP0082,2026-01-09,Apparel,Bulk,3395,961329.12
PO000300,W001,SUP0047,2025-07-16,Electronics,Urgent,37,95553.42
PO000301,W011,SUP0026,2026-01-27,Grocery,Standard,964,49594.86
PO000302,W018,SUP0118,2025-08-18,Apparel,Bulk,4498,1279081.53
PO000303,W006,SUP0136,2026-03-30,Grocery,Standard,643,44591.17
PO000304,W028,SUP0071,2025-11-16,Electronics,Standard,562,1283941.77
PO000305,W023,SUP0083,2025-12-07,Personal Care,Standard,959,114769.51
PO000306,W004,SUP0141,2025-06-26,Stationery,Standard,1041,54132.7
PO000307,W004,SUP0128,2026-03-30,Personal Care,Standard,853,136740.15
PO000308,W001,SUP0044,2024-06-11,Home & Kitchen,Standard,519,287872.4
PO000309,W018,SUP0032,2025-09-17,Apparel,Standard,1131,335032.97
PO000310,W005,SUP0096,2026-07-04,Grocery,Urgent,128,6984.23
PO000311,W017,SUP0118,2025-01-04,Home & Kitchen,Standard,1009,477422.54
PO000312,W027,SUP0027,2024-12-28,Electronics,Standard,1040,2212090.58
PO000313,W028,SUP0109,2024-01-22,Grocery,Bulk,871,55960.33
PO000314,W002,SUP0146,2026-01-14,Home & Kitchen,Standard,609,254967.07
PO000315,W009,SUP0034,2024-09-25,Electronics,Urgent,319,831588.22
PO000316,W012,SUP0014,2025-12-16,Grocery,Urgent,68,4713.76
PO000317,W010,SUP0099,2026-03-03,Apparel,Urgent,70,21885.22
PO000318,W012,SUP0098,2024-10-15,Personal Care,Standard,339,51658.64
PO000319,W013,SUP0019,2024-11-07,Stationery,Standard,792,36642.11
PO000320,W025,SUP0123,2025-10-12,Grocery,Bulk,3825,221937.9
PO000321,W008,SUP0085,2026-05-26,Electronics,Standard,1036,2339158.11
PO000322,W009,SUP0101,2026-07-04,Grocery,Standard,765,41437.76
PO000323,W010,SUP0046,2024-07-29,Grocery,Bulk,4212,250633.42
PO000324,W004,SUP0029,2025-02-09,Apparel,Standard,395,133399.72
PO000325,W020,SUP0140,2024-05-27,Electronics,Standard,1179,2802862.53
PO000326,W011,SUP0124,2024-12-14,Grocery,Standard,213,13479.36
PO000327,W029,SUP0120,2024-11-07,Apparel,Bulk,3424,1303524.28
PO000328,W027,SUP0104,2025-12-07,Apparel,Bulk,1054,385681.53
PO000329,W006,SUP0039,2024-11-22,Furniture,Standard,577,2102844.18
PO000330,W006,SUP0079,2026-02-15,Grocery,Standard,91,5058.2
PO000331,W026,SUP0043,2025-02-13,Apparel,Bulk,2815,1038104.56
PO000332,W018,SUP0018,2025-10-25,Grocery,Standard,166,11823.51
PO000333,W001,SUP0110,2025-09-07,Grocery,Standard,748,49442.28
PO000334,W020,SUP0052,2024-01-06,Grocery,Standard,80,5155.02
PO000335,W011,SUP0054,2026-08-03,Grocery,Standard,105,6785.9
PO000336,W026,SUP0101,2025-02-19,Home & Kitchen,Bulk,1929,805649.31
PO000337,W025,SUP0061,2025-02-28,Personal Care,Standard,735,115411.23
PO000338,W029,SUP0057,2025-09-04,Electronics,Bulk,611,1154680.34
PO000339,W023,SUP0018,2024-11-20,Apparel,Bulk,958,305118.32
PO000340,W029,SUP0076,2025-12-28,Home & Kitchen,Standard,241,99081.13
PO000341,W007,SUP0130,2024-08-03,Grocery,Bulk,1236,72324.22
PO000342,W009,SUP0085,2025-06-09,Apparel,Standard,1186,342969.74
PO000343,W001,SUP0067,2025-09-08,Apparel,Standard,578,209875.76
PO000344,W027,SUP0063,2025-05-04,Personal Care,Bulk,3033,457771.9
PO000345,W004,SUP0107,2025-07-16,Stationery,Standard,619,27199.69
PO000346,W017,SUP0048,2025-06-26,Stationery,Standard,68,3198.76
PO000347,W015,SUP0058,2024-04-12,Home & Kitchen,Bulk,3469,1503116.48
PO000348,W027,SUP0023,2025-10-05,Grocery,Bulk,1236,87355.48
PO000349,W010,SUP0139,2025-10-01,Grocery,Standard,1077,59562.1
PO000350,W004,SUP0040,2026-03-07,Grocery,Bulk,3495,232380.9
PO000351,W010,SUP0008,2026-07-13,Grocery,Urgent,102,6334.04
PO000352,W001,SUP0046,2024-12-25,Personal Care,Standard,1071,138634.13
PO000353,W008,SUP0027,2026-07-23,Electronics,Bulk,4269,8680205.71
PO000354,W020,SUP0009,2026-03-19,Furniture,Standard,81,247468.18
PO000355,W001,SUP0112,2025-10-22,Furniture,Urgent,199,606647.97
PO000356,W030,SUP0047,2025-07-31,Electronics,Bulk,3576,9289060.56
PO000357,W016,SUP0132,2026-04-05,Furniture,Standard,92,303263.55
PO000358,W008,SUP0099,2025-03-20,Grocery,Standard,717,47997.78
PO000359,W027,SUP0040,2025-10-20,Grocery,Bulk,4584,254635.68
PO000360,W004,SUP0090,2025-08-06,Personal Care,Standard,597,98958.13
PO000361,W008,SUP0104,2024-05-19,Personal Care,Standard,728,86772.26
PO000362,W030,SUP0002,2026-06-12,Furniture,Standard,977,3160382.85
PO000363,W006,SUP0124,2024-02-23,Furniture,Standard,788,2388886.47
PO000364,W024,SUP0047,2026-03-03,Furniture,Standard,336,1409069.2
PO000365,W002,SUP0149,2024-10-31,Home & Kitchen,Bulk,1744,997024.78
PO000366,W016,SUP0096,2024-01-10,Grocery,Standard,1079,71706.39
PO000367,W021,SUP0138,2025-05-15,Personal Care,Standard,863,106512.61
PO000368,W005,SUP0039,2024-12-13,Home & Kitchen,Urgent,223,124025.42
PO000369,W009,SUP0136,2026-07-05,Grocery,Standard,81,4195.42
PO000370,W017,SUP0042,2025-05-31,Apparel,Urgent,377,106971.96
PO000371,W019,SUP0111,2024-01-21,Grocery,Bulk,1028,71394.62
PO000372,W004,SUP0106,2024-05-03,Stationery,Bulk,4804,216172.69
PO000373,W011,SUP0018,2024-07-02,Grocery,Standard,1167,71788.36
PO000374,W030,SUP0115,2024-04-25,Apparel,Bulk,1133,352518.74
PO000375,W008,SUP0147,2024-08-08,Personal Care,Bulk,2334,361393.1
PO000376,W026,SUP0111,2024-10-06,Home & Kitchen,Standard,600,251747.22
PO000377,W005,SUP0039,2024-02-14,Grocery,Standard,1189,84407.68
PO000378,W013,SUP0035,2024-09-30,Grocery,Urgent,354,21427.1
PO000379,W015,SUP0034,2024-10-15,Apparel,Urgent,387,116905.8
PO000380,W019,SUP0089,2025-03-08,Electronics,Standard,359,778329.87
PO000381,W024,SUP0103,2025-01-29,Furniture,Bulk,543,1774462.68
PO000382,W027,SUP0099,2025-05-28,Furniture,Standard,822,3443349.77
PO000383,W023,SUP0129,2026-04-25,Grocery,Standard,118,8269.31
PO000384,W027,SUP0052,2024-02-20,Electronics,Urgent,370,876009.08
PO000385,W028,SUP0121,2025-07-16,Home & Kitchen,Standard,51,24864.69
PO000386,W009,SUP0005,2025-10-24,Personal Care,Standard,1168,195923.46
PO000387,W027,SUP0014,2024-08-28,Personal Care,Bulk,3603,491467.04
PO000388,W016,SUP0078,2024-03-06,Electronics,Standard,709,1365134.3
PO000389,W006,SUP0083,2026-03-27,Apparel,Standard,592,178414.07
PO000390,W005,SUP0005,2026-05-11,Apparel,Urgent,287,97012.6
PO000391,W025,SUP0070,2025-08-07,Grocery,Standard,1132,66387.27
PO000392,W020,SUP0077,2024-07-28,Apparel,Bulk,2454,852648.27
PO000393,W001,SUP0084,2024-06-05,Personal Care,Standard,138,18599.11
PO000394,W018,SUP0013,2025-01-05,Personal Care,Bulk,1507,209610.56
PO000395,W001,SUP0032,2025-12-20,Grocery,Standard,780,50640.01
PO000396,W010,SUP0115,2025-06-19,Apparel,Standard,230,69644.35
PO000397,W018,SUP0030,2024-10-24,Stationery,Urgent,250,12061.38
PO000398,W021,SUP0120,2026-01-18,Personal Care,Bulk,1727,206013.93
PO000399,W004,SUP0054,2024-05-13,Electronics,Standard,536,1259339.53
PO000400,W001,SUP0054,2025-06-19,Electronics,Standard,86,197651.59
PO000401,W018,SUP0018,2024-01-01,Apparel,Standard,415,127127.97
PO000402,W027,SUP0094,2025-07-11,Grocery,Standard,545,30832.55
PO000403,W027,SUP0097,2025-03-24,Grocery,Urgent,65,3590.3
PO000404,W009,SUP0078,2025-03-09,Stationery,Standard,811,42778.78
PO000405,W018,SUP0087,2026-01-04,Apparel,Standard,654,248922.7
PO000406,W024,SUP0133,2025-03-17,Home & Kitchen,Bulk,3386,1517229.87
PO000407,W027,SUP0127,2026-05-20,Apparel,Bulk,2069,789325.91
PO000408,W015,SUP0024,2026-05-22,Home & Kitchen,Standard,466,215920.03
PO000409,W028,SUP0128,2024-03-13,Grocery,Standard,855,53046.01
PO000410,W008,SUP0092,2025-05-23,Stationery,Urgent,33,1318.28
PO000411,W006,SUP0061,2025-07-31,Apparel,Standard,943,300315.31
PO000412,W008,SUP0139,2025-04-29,Grocery,Standard,864,52977.61
PO000413,W024,SUP0092,2025-06-08,Personal Care,Standard,525,81523.03
PO000414,W028,SUP0103,2025-02-15,Apparel,Bulk,2908,971362.71
PO000415,W014,SUP0085,2026-07-31,Electronics,Standard,234,477347.26
PO000416,W023,SUP0121,2024-03-19,Apparel,Standard,1067,300770.26
PO000417,W004,SUP0100,2026-07-07,Grocery,Standard,459,30262.9
PO000418,W015,SUP0137,2025-05-09,Furniture,Urgent,233,933964.26
PO000419,W012,SUP0103,2024-05-23,Stationery,Bulk,1692,73259.7
PO000420,W012,SUP0108,2024-07-13,Apparel,Standard,1153,349085.45
PO000421,W005,SUP0093,2024-09-25,Grocery,Standard,661,41424.58
PO000422,W020,SUP0145,2025-06-07,Furniture,Urgent,177,592595.98
PO000423,W022,SUP0025,2026-06-06,Electronics,Standard,1155,2388488.31
PO000424,W020,SUP0010,2024-07-25,Grocery,Standard,815,57523.9
PO000425,W025,SUP0034,2025-11-03,Apparel,Urgent,207,77875.79
PO000426,W013,SUP0026,2025-02-19,Grocery,Bulk,919,60942.98
PO000427,W027,SUP0011,2024-07-25,Apparel,Standard,712,196480.1
PO000428,W018,SUP0065,2024-08-12,Personal Care,Standard,478,75677.26
PO000429,W028,SUP0069,2025-08-29,Home & Kitchen,Standard,961,425000.82
PO000430,W011,SUP0129,2024-07-27,Grocery,Standard,304,15816.58
PO000431,W023,SUP0128,2026-06-02,Furniture,Bulk,4572,14610753.58
PO000432,W005,SUP0030,2026-08-02,Home & Kitchen,Urgent,104,51136.85
PO000433,W002,SUP0058,2025-11-21,Home & Kitchen,Urgent,128,63716.77
PO000434,W030,SUP0035,2024-06-11,Grocery,Bulk,2194,135678.87
PO000435,W010,SUP0001,2025-08-17,Grocery,Bulk,912,54454.16
PO000436,W001,SUP0101,2025-11-05,Personal Care,Urgent,246,37541.99
PO000437,W020,SUP0109,2024-06-07,Furniture,Bulk,1592,4817633.67
PO000438,W030,SUP0025,2026-05-06,Apparel,Bulk,3111,1092513.16
PO000439,W026,SUP0119,2026-01-06,Grocery,Bulk,3157,197386.2
PO000440,W030,SUP0149,2024-08-07,Grocery,Bulk,2390,141539.44
PO000441,W030,SUP0025,2024-02-03,Electronics,Standard,646,1319126.19
PO000442,W013,SUP0036,2025-07-12,Home & Kitchen,Standard,354,187741.86
PO000443,W006,SUP0145,2025-03-16,Electronics,Standard,129,323524.39
PO000444,W001,SUP0111,2024-05-05,Home & Kitchen,Standard,1123,557484.56
PO000445,W006,SUP0054,2024-10-24,Apparel,Standard,1066,396138.41
PO000446,W020,SUP0095,2026-07-23,Grocery,Standard,670,42580.72
PO000447,W029,SUP0002,2025-07-07,Personal Care,Standard,1013,134007.27
PO000448,W001,SUP0086,2026-07-03,Personal Care,Bulk,2956,356457.51
PO000449,W027,SUP0030,2025-09-05,Grocery,Standard,448,31732.92
PO000450,W025,SUP0096,2025-11-03,Electronics,Standard,767,1699833.24
PO000451,W023,SUP0130,2024-09-10,Electronics,Standard,274,678574.47
PO000452,W003,SUP0141,2025-05-12,Personal Care,Urgent,252,31169.32
PO000453,W001,SUP0057,2025-07-18,Grocery,Standard,855,51889.38
PO000454,W024,SUP0112,2024-02-04,Grocery,Urgent,231,14918.68
PO000455,W020,SUP0039,2024-05-15,Electronics,Bulk,1124,2426186.35
PO000456,W010,SUP0092,2025-11-10,Home & Kitchen,Standard,234,108509.07
PO000457,W009,SUP0090,2026-05-12,Home & Kitchen,Bulk,2985,1292619.14
PO000458,W001,SUP0066,2024-04-06,Grocery,Standard,363,22294.99
PO000459,W030,SUP0050,2025-07-02,Apparel,Standard,553,160575.16
PO000460,W027,SUP0020,2025-07-02,Grocery,Standard,454,25856.73
PO000461,W030,SUP0012,2025-07-22,Grocery,Standard,541,35845.69
PO000462,W027,SUP0132,2026-02-16,Apparel,Bulk,623,176835.14
PO000463,W013,SUP0133,2024-02-24,Apparel,Bulk,2227,777586.91
PO000464,W027,SUP0116,2024-08-22,Grocery,Standard,591,42529.13
PO000465,W005,SUP0122,2025-06-16,Electronics,Standard,647,1493764.57
PO000466,W022,SUP0025,2024-05-03,Grocery,Urgent,139,7799.95
PO000467,W006,SUP0145,2026-03-04,Personal Care,Urgent,51,8121.59
PO000468,W010,SUP0022,2024-03-15,Apparel,Bulk,837,247809.57
PO000469,W027,SUP0110,2026-03-02,Home & Kitchen,Bulk,3302,1393815.43
PO000470,W012,SUP0072,2026-02-16,Apparel,Bulk,588,180843.85
PO000471,W028,SUP0042,2026-08-11,Electronics,Standard,230,569763.39
PO000472,W019,SUP0099,2024-05-31,Home & Kitchen,Urgent,97,52574.65
PO000473,W008,SUP0100,2026-07-24,Grocery,Standard,499,32637.97
PO000474,W006,SUP0113,2025-12-26,Stationery,Bulk,4429,172041.09
PO000475,W001,SUP0016,2026-03-09,Personal Care,Bulk,1013,130426.7
PO000476,W018,SUP0050,2025-10-02,Grocery,Standard,892,47222.58
PO000477,W027,SUP0028,2026-01-04,Stationery,Urgent,272,13285.93
PO000478,W006,SUP0011,2025-12-07,Grocery,Bulk,2981,208671.41
PO000479,W014,SUP0077,2026-02-01,Apparel,Bulk,1849,593077.74
PO000480,W030,SUP0039,2026-04-24,Home & Kitchen,Bulk,4702,2154584.21
PO000481,W010,SUP0147,2025-08-30,Apparel,Bulk,1448,404889.15
PO000482,W030,SUP0071,2026-03-12,Personal Care,Standard,525,68651.73
PO000483,W027,SUP0133,2025-08-24,Apparel,Standard,1058,355911.65
PO000484,W015,SUP0022,2025-12-02,Furniture,Standard,858,3386712.35
PO000485,W020,SUP0071,2025-11-30,Personal Care,Standard,826,114736.2
PO000486,W001,SUP0040,2024-03-30,Grocery,Urgent,193,12531.27
PO000487,W015,SUP0140,2026-07-14,Personal Care,Bulk,536,71675.55
PO000488,W025,SUP0067,2025-09-10,Grocery,Standard,1023,61167.01
PO000489,W006,SUP0009,2025-09-11,Electronics,Standard,1166,2372245.5
PO000490,W001,SUP0066,2024-12-28,Electronics,Standard,116,243013.21
PO000491,W001,SUP0097,2024-03-31,Stationery,Standard,955,42657.22
PO000492,W004,SUP0099,2025-07-05,Personal Care,Standard,135,18549.9
PO000493,W006,SUP0104,2026-07-07,Grocery,Standard,359,21040.94
PO000494,W027,SUP0031,2024-08-17,Electronics,Bulk,3730,7861339.17
PO000495,W013,SUP0023,2024-11-22,Stationery,Standard,437,22612.01
PO000496,W016,SUP0012,2024-06-15,Electronics,Standard,409,797501.34
PO000497,W008,SUP0054,2024-09-08,Apparel,Bulk,2554,905386.86
PO000498,W008,SUP0064,2025-11-23,Grocery,Urgent,283,18391.69
PO000499,W017,SUP0018,2024-05-18,Furniture,Bulk,3908,11989669.48
PO000500,W025,SUP0135,2025-09-30,Electronics,Standard,655,1407334.66
PO000501,W005,SUP0041,2025-11-08,Home & Kitchen,Urgent,287,156087.13
PO000502,W012,SUP0005,2024-03-02,Furniture,Standard,794,3034817.61
PO000503,W021,SUP0115,2024-01-19,Grocery,Bulk,1475,92490.87
PO000504,W030,SUP0094,2025-04-03,Electronics,Standard,361,877671.62
PO000505,W006,SUP0124,2026-02-06,Apparel,Bulk,4452,1279251.81
PO000506,W010,SUP0048,2026-07-01,Grocery,Standard,1090,56658.33
PO000507,W018,SUP0031,2025-02-05,Grocery,Urgent,163,10460.23
PO000508,W004,SUP0010,2024-09-04,Electronics,Standard,911,2088122.34
PO000509,W019,SUP0123,2025-02-21,Home & Kitchen,Bulk,3616,1774815.15
PO000510,W030,SUP0075,2025-12-27,Electronics,Bulk,3155,6293100.74
PO000511,W006,SUP0037,2025-08-11,Apparel,Standard,1140,354416.27
PO000512,W014,SUP0014,2024-05-23,Grocery,Bulk,1005,54677.17
PO000513,W002,SUP0032,2026-01-26,Apparel,Urgent,47,15875.41
PO000514,W015,SUP0111,2025-01-27,Personal Care,Standard,433,57305.44
PO000515,W030,SUP0147,2026-07-01,Stationery,Standard,707,37376.79
PO000516,W017,SUP0073,2025-02-16,Grocery,Standard,856,49401.6
PO000517,W005,SUP0061,2026-03-23,Stationery,Standard,467,24672.25
PO000518,W008,SUP0110,2025-09-29,Apparel,Bulk,1809,649807.99
PO000519,W020,SUP0010,2024-11-18,Grocery,Standard,1147,69823.17
PO000520,W027,SUP0115,2025-07-26,Personal Care,Standard,206,27293.78
PO000521,W013,SUP0003,2025-01-06,Home & Kitchen,Standard,640,352663.91
PO000522,W015,SUP0094,2024-05-04,Grocery,Bulk,838,52103.6
PO000523,W027,SUP0098,2025-12-15,Apparel,Standard,786,237166.41
PO000524,W002,SUP0036,2024-09-06,Furniture,Bulk,1289,5024942.37
PO000525,W030,SUP0011,2026-06-11,Personal Care,Bulk,1411,232210.66
PO000526,W014,SUP0123,2024-06-18,Home & Kitchen,Bulk,1465,788367.0
PO000527,W009,SUP0083,2025-02-07,Personal Care,Bulk,3299,457237.78
PO000528,W026,SUP0120,2025-05-26,Personal Care,Standard,430,66175.25
PO000529,W006,SUP0131,2024-05-26,Apparel,Standard,641,183940.89
PO000530,W004,SUP0051,2024-12-12,Home & Kitchen,Bulk,1047,515499.58
PO000531,W006,SUP0127,2026-05-22,Apparel,Standard,935,296593.44
PO000532,W022,SUP0011,2026-02-24,Home & Kitchen,Bulk,1585,686929.84
PO000533,W002,SUP0042,2025-11-18,Personal Care,Standard,305,49720.64
PO000534,W013,SUP0018,2026-07-09,Grocery,Bulk,3620,251416.33
PO000535,W006,SUP0070,2024-05-14,Home & Kitchen,Bulk,3648,1863672.79
PO000536,W017,SUP0045,2024-10-08,Home & Kitchen,Bulk,4670,2119567.0
PO000537,W004,SUP0137,2024-08-06,Furniture,Standard,786,2989245.52
PO000538,W026,SUP0060,2026-06-28,Personal Care,Standard,1109,135893.36
PO000539,W029,SUP0073,2026-05-08,Stationery,Standard,987,47534.46
PO000540,W008,SUP0004,2024-05-22,Apparel,Standard,962,325259.41
PO000541,W009,SUP0136,2025-09-01,Personal Care,Standard,1007,125287.66
PO000542,W019,SUP0135,2024-08-17,Electronics,Bulk,3211,7316691.75
PO000543,W024,SUP0040,2024-08-23,Grocery,Bulk,2211,125841.01
PO000544,W001,SUP0107,2026-04-08,Apparel,Urgent,134,48125.57
PO000545,W022,SUP0003,2024-01-30,Personal Care,Standard,816,99625.24
PO000546,W027,SUP0014,2025-10-07,Grocery,Standard,280,16632.82
PO000547,W026,SUP0099,2025-06-08,Stationery,Standard,162,8248.34
PO000548,W012,SUP0001,2025-10-24,Electronics,Bulk,1084,2562756.35
PO000549,W027,SUP0072,2025-08-12,Grocery,Standard,981,53960.36
PO000550,W017,SUP0035,2025-09-22,Grocery,Standard,628,42045.03
PO000551,W005,SUP0136,2024-03-19,Home & Kitchen,Standard,948,510600.7
PO000552,W007,SUP0117,2026-03-20,Home & Kitchen,Standard,593,261985.71
PO000553,W019,SUP0134,2026-02-12,Home & Kitchen,Bulk,687,386472.41
PO000554,W017,SUP0110,2026-01-09,Home & Kitchen,Standard,774,342531.93
PO000555,W027,SUP0036,2024-01-14,Personal Care,Urgent,342,49709.38
PO000556,W023,SUP0019,2025-07-25,Electronics,Standard,696,1832867.72
PO000557,W005,SUP0014,2024-11-09,Grocery,Urgent,373,21805.76
PO000558,W011,SUP0032,2026-07-09,Grocery,Urgent,72,4190.52
PO000559,W026,SUP0073,2026-05-28,Grocery,Bulk,4360,266860.02
PO000560,W013,SUP0072,2024-03-25,Furniture,Bulk,4401,17930535.23
PO000561,W006,SUP0015,2024-05-11,Personal Care,Standard,564,81153.33
PO000562,W030,SUP0118,2024-08-02,Electronics,Urgent,118,285190.13
PO000563,W013,SUP0076,2026-04-14,Stationery,Standard,836,34096.29
PO000564,W008,SUP0126,2026-07-06,Personal Care,Standard,76,9457.84
PO000565,W015,SUP0148,2026-01-15,Apparel,Standard,68,24689.35
PO000566,W008,SUP0140,2026-03-15,Grocery,Bulk,2170,151182.68
PO000567,W006,SUP0072,2025-07-01,Furniture,Bulk,3272,12237644.99
PO000568,W022,SUP0073,2026-06-25,Apparel,Bulk,2185,596115.43
PO000569,W026,SUP0134,2024-07-28,Furniture,Standard,263,814017.25
PO000570,W011,SUP0030,2026-06-17,Grocery,Standard,984,62004.99
PO000571,W004,SUP0126,2026-07-31,Home & Kitchen,Urgent,245,131311.2
PO000572,W014,SUP0040,2025-08-06,Home & Kitchen,Standard,1013,442060.64
PO000573,W011,SUP0065,2025-10-29,Home & Kitchen,Urgent,142,75036.65
PO000574,W012,SUP0024,2025-04-25,Home & Kitchen,Standard,340,145482.51
PO000575,W006,SUP0102,2025-05-24,Apparel,Standard,538,194539.52
PO000576,W026,SUP0098,2026-06-29,Grocery,Standard,509,32734.73
PO000577,W005,SUP0011,2026-05-11,Grocery,Standard,459,31146.42
PO000578,W001,SUP0032,2024-02-08,Apparel,Standard,499,179060.11
PO000579,W023,SUP0112,2024-02-15,Stationery,Urgent,231,9792.45
PO000580,W025,SUP0047,2024-06-06,Apparel,Standard,262,93551.13
PO000581,W006,SUP0112,2026-06-22,Home & Kitchen,Standard,1133,493255.31
PO000582,W005,SUP0091,2025-06-08,Electronics,Standard,831,2140315.06
PO000583,W018,SUP0101,2024-01-03,Grocery,Standard,225,13849.2
PO000584,W029,SUP0109,2025-09-26,Home & Kitchen,Bulk,4903,2064361.18
PO000585,W006,SUP0105,2024-02-25,Home & Kitchen,Urgent,254,120571.03
PO000586,W017,SUP0060,2024-01-08,Apparel,Standard,433,158011.34
PO000587,W006,SUP0042,2026-04-11,Personal Care,Standard,474,72007.59
PO000588,W025,SUP0108,2024-04-23,Home & Kitchen,Standard,1114,520488.3
PO000589,W014,SUP0091,2024-04-06,Grocery,Standard,257,13591.56
PO000590,W010,SUP0007,2025-12-24,Electronics,Bulk,1710,3848328.76
PO000591,W021,SUP0115,2025-08-13,Stationery,Bulk,556,21957.53
PO000592,W016,SUP0008,2024-02-14,Grocery,Urgent,326,18090.24
PO000593,W005,SUP0101,2025-01-29,Apparel,Standard,481,180200.51
PO000594,W012,SUP0037,2026-01-20,Personal Care,Standard,94,15042.09
PO000595,W030,SUP0138,2025-03-08,Home & Kitchen,Standard,932,505693.35
PO000596,W027,SUP0022,2024-02-26,Grocery,Bulk,4118,232109.89
PO000597,W015,SUP0140,2024-05-17,Grocery,Standard,763,39367.31
PO000598,W022,SUP0029,2025-01-26,Grocery,Standard,1019,68282.13
PO000599,W004,SUP0045,2026-05-06,Personal Care,Bulk,3170,419820.88
PO000600,W012,SUP0136,2024-09-12,Grocery,Standard,747,41717.25
PO000601,W028,SUP0080,2026-06-26,Electronics,Bulk,514,1266095.78
PO000602,W005,SUP0066,2026-03-04,Grocery,Standard,212,13180.54
PO000603,W030,SUP0120,2024-04-17,Grocery,Bulk,3981,255446.92
PO000604,W027,SUP0091,2025-01-10,Grocery,Standard,988,53730.79
PO000605,W022,SUP0051,2025-06-27,Grocery,Urgent,145,10251.04
PO000606,W010,SUP0060,2025-02-21,Stationery,Standard,233,11289.49
PO000607,W002,SUP0043,2024-08-11,Electronics,Bulk,611,1478624.49
PO000608,W008,SUP0064,2025-03-17,Home & Kitchen,Bulk,1944,992569.65
PO000609,W025,SUP0001,2026-01-17,Home & Kitchen,Urgent,165,88196.84
PO000610,W012,SUP0083,2024-09-11,Electronics,Bulk,1251,3005131.5
PO000611,W027,SUP0079,2024-08-02,Home & Kitchen,Urgent,355,183206.03
PO000612,W005,SUP0015,2025-08-28,Grocery,Standard,189,12397.12
PO000613,W027,SUP0076,2024-11-07,Grocery,Urgent,294,15083.75
PO000614,W027,SUP0082,2025-01-05,Grocery,Urgent,389,23871.98
PO000615,W024,SUP0109,2025-06-06,Home & Kitchen,Standard,971,425187.09
PO000616,W005,SUP0113,2024-04-12,Grocery,Standard,404,24378.77
PO000617,W006,SUP0107,2026-01-15,Furniture,Bulk,4273,14504160.01
PO000618,W001,SUP0011,2025-02-12,Grocery,Bulk,2353,125269.21
PO000619,W001,SUP0004,2024-08-01,Personal Care,Urgent,162,24238.36
PO000620,W025,SUP0042,2026-05-15,Grocery,Bulk,1794,120971.65
PO000621,W015,SUP0110,2025-11-08,Apparel,Urgent,112,31036.71
PO000622,W025,SUP0119,2025-05-07,Grocery,Bulk,3637,204882.17
PO000623,W007,SUP0017,2024-04-01,Apparel,Standard,182,55535.32
PO000624,W009,SUP0008,2024-10-01,Personal Care,Standard,777,106307.61
PO000625,W028,SUP0100,2026-06-05,Grocery,Standard,565,33210.77
PO000626,W030,SUP0063,2024-06-19,Apparel,Standard,558,208599.81
PO000627,W002,SUP0122,2024-09-24,Electronics,Standard,111,226713.7
PO000628,W026,SUP0021,2024-07-17,Furniture,Bulk,3492,11419091.45
PO000629,W017,SUP0005,2026-07-03,Apparel,Bulk,914,258804.47
PO000630,W001,SUP0105,2025-01-21,Personal Care,Standard,110,15637.25
PO000631,W019,SUP0074,2025-05-14,Grocery,Standard,1057,55987.61
PO000632,W007,SUP0021,2024-04-30,Apparel,Bulk,2390,764065.76
PO000633,W009,SUP0078,2024-03-03,Grocery,Standard,789,47594.28
PO000634,W030,SUP0068,2024-09-01,Stationery,Urgent,56,2591.22
PO000635,W025,SUP0069,2025-05-10,Personal Care,Urgent,212,26371.17
PO000636,W001,SUP0068,2025-03-18,Apparel,Standard,399,131340.5
PO000637,W022,SUP0145,2024-11-19,Grocery,Standard,593,36076.96
PO000638,W001,SUP0114,2025-04-16,Personal Care,Standard,977,146470.71
PO000639,W028,SUP0109,2024-04-10,Grocery,Urgent,204,10695.94
PO000640,W019,SUP0136,2025-12-21,Stationery,Standard,418,19343.03
PO000641,W020,SUP0120,2025-10-04,Home & Kitchen,Standard,100,51611.87
PO000642,W001,SUP0015,2025-12-04,Personal Care,Standard,529,82976.62
PO000643,W002,SUP0052,2025-11-11,Home & Kitchen,Urgent,94,44469.15
PO000644,W016,SUP0019,2026-06-27,Stationery,Urgent,208,10106.55
PO000645,W010,SUP0101,2025-10-28,Grocery,Standard,988,69094.15
PO000646,W027,SUP0120,2024-03-24,Apparel,Bulk,2836,910837.37
PO000647,W007,SUP0048,2024-05-23,Personal Care,Standard,693,102274.22
PO000648,W011,SUP0002,2024-03-08,Electronics,Urgent,26,55825.6
PO000649,W003,SUP0136,2025-05-10,Grocery,Standard,1097,75603.74
PO000650,W015,SUP0011,2025-12-02,Home & Kitchen,Standard,493,217079.59
PO000651,W030,SUP0145,2025-04-26,Grocery,Bulk,4240,240368.05
PO000652,W006,SUP0066,2026-02-12,Electronics,Standard,752,1645415.98
PO000653,W026,SUP0022,2025-12-26,Grocery,Standard,381,21338.7
PO000654,W004,SUP0121,2026-05-07,Grocery,Urgent,152,9688.43
PO000655,W028,SUP0134,2025-05-01,Apparel,Urgent,90,27111.62
PO000656,W015,SUP0078,2025-07-29,Grocery,Bulk,1721,120672.62
PO000657,W003,SUP0133,2025-06-18,Grocery,Standard,166,9050.77
PO000658,W026,SUP0072,2025-03-08,Grocery,Urgent,251,16965.17
PO000659,W028,SUP0101,2024-09-16,Furniture,Urgent,97,402282.5
PO000660,W004,SUP0034,2024-10-02,Stationery,Urgent,68,2656.25
PO000661,W002,SUP0140,2026-07-25,Personal Care,Bulk,2872,351694.2
PO000662,W006,SUP0104,2026-02-10,Stationery,Bulk,3941,155295.66
PO000663,W015,SUP0018,2025-01-20,Personal Care,Bulk,4700,693583.97
PO000664,W030,SUP0009,2025-04-01,Grocery,Urgent,320,20888.36
PO000665,W027,SUP0106,2025-01-13,Furniture,Bulk,2078,7291891.7
PO000666,W008,SUP0082,2025-08-29,Furniture,Urgent,112,451116.01
PO000667,W001,SUP0142,2024-09-18,Home & Kitchen,Standard,1122,506301.92
PO000668,W019,SUP0128,2026-04-21,Grocery,Urgent,339,22146.91
PO000669,W018,SUP0142,2024-08-05,Home & Kitchen,Bulk,578,279025.27
PO000670,W006,SUP0035,2024-12-14,Home & Kitchen,Urgent,351,195675.55
PO000671,W019,SUP0007,2026-07-08,Stationery,Bulk,2407,129151.91
PO000672,W030,SUP0037,2024-04-01,Stationery,Standard,887,39530.5
PO000673,W004,SUP0011,2024-12-01,Furniture,Standard,786,2704317.87
PO000674,W008,SUP0018,2025-05-21,Personal Care,Standard,505,75926.8
PO000675,W027,SUP0062,2026-06-19,Grocery,Standard,328,22820.86
PO000676,W004,SUP0011,2026-04-08,Apparel,Standard,980,369995.59
PO000677,W003,SUP0101,2025-08-13,Apparel,Standard,945,290326.13
PO000678,W005,SUP0121,2026-04-10,Apparel,Standard,379,119813.73
PO000679,W026,SUP0077,2024-04-29,Stationery,Bulk,2171,104739.33
PO000680,W003,SUP0146,2025-12-22,Apparel,Bulk,3524,1260934.48
PO000681,W002,SUP0106,2024-11-04,Home & Kitchen,Standard,182,92636.03
PO000682,W020,SUP0023,2026-05-20,Home & Kitchen,Bulk,873,385269.92
PO000683,W025,SUP0096,2024-01-16,Apparel,Standard,1198,362410.68
PO000684,W025,SUP0025,2024-03-12,Personal Care,Bulk,1202,184024.31
PO000685,W012,SUP0097,2024-01-05,Grocery,Standard,534,27450.62
PO000686,W029,SUP0027,2024-04-26,Grocery,Standard,456,24679.15
PO000687,W004,SUP0064,2024-12-09,Grocery,Standard,647,38668.03
PO000688,W012,SUP0020,2025-05-05,Furniture,Standard,221,728942.92
PO000689,W010,SUP0094,2024-09-28,Grocery,Urgent,376,26863.23
PO000690,W017,SUP0063,2024-05-14,Personal Care,Urgent,194,27855.73
PO000691,W005,SUP0063,2024-05-24,Grocery,Bulk,919,61367.79
PO000692,W004,SUP0032,2026-05-09,Home & Kitchen,Standard,84,37509.48
PO000693,W030,SUP0136,2026-03-27,Grocery,Standard,184,11649.14
PO000694,W008,SUP0075,2024-07-14,Personal Care,Standard,1009,159192.17
PO000695,W015,SUP0071,2024-08-24,Home & Kitchen,Bulk,4365,2195266.32
PO000696,W029,SUP0020,2024-05-21,Grocery,Bulk,2267,120753.59
PO000697,W008,SUP0146,2025-10-11,Apparel,Bulk,4606,1471291.55
PO000698,W009,SUP0144,2025-06-29,Electronics,Standard,518,1257578.31
PO000699,W018,SUP0146,2024-08-14,Apparel,Standard,980,334031.65
PO000700,W001,SUP0081,2026-07-12,Grocery,Bulk,2636,141700.28
PO000701,W001,SUP0088,2024-03-04,Grocery,Bulk,3036,180116.41
PO000702,W020,SUP0071,2025-06-19,Home & Kitchen,Standard,696,294390.61
PO000703,W010,SUP0115,2024-02-20,Electronics,Standard,408,1055652.14
PO000704,W001,SUP0091,2026-06-17,Grocery,Standard,706,37778.97
PO000705,W007,SUP0077,2025-06-02,Home & Kitchen,Bulk,4403,2187920.97
PO000706,W023,SUP0003,2026-03-05,Grocery,Urgent,339,20044.25
PO000707,W025,SUP0130,2025-05-10,Grocery,Bulk,4707,261989.22
PO000708,W015,SUP0126,2024-11-21,Personal Care,Bulk,3927,615540.45
PO000709,W006,SUP0047,2025-01-15,Apparel,Bulk,3077,1050178.29
PO000710,W027,SUP0002,2024-04-17,Personal Care,Standard,620,77822.06
PO000711,W005,SUP0137,2026-05-28,Stationery,Bulk,1556,61065.77
PO000712,W025,SUP0095,2025-12-01,Home & Kitchen,Standard,190,104729.31
PO000713,W004,SUP0122,2026-02-13,Personal Care,Standard,225,28371.74
PO000714,W030,SUP0010,2025-12-15,Grocery,Bulk,919,47484.4
PO000715,W026,SUP0117,2026-07-20,Personal Care,Standard,268,41086.47
PO000716,W015,SUP0112,2024-11-19,Grocery,Standard,882,48114.31
PO000717,W012,SUP0124,2024-06-26,Electronics,Bulk,3269,7025312.17
PO000718,W018,SUP0120,2026-07-01,Grocery,Bulk,1458,77165.24
PO000719,W022,SUP0062,2026-01-28,Stationery,Urgent,217,9916.06
PO000720,W018,SUP0005,2024-07-08,Home & Kitchen,Standard,1002,475005.98
PO000721,W023,SUP0114,2024-07-25,Home & Kitchen,Standard,446,250565.59
PO000722,W002,SUP0093,2025-05-17,Grocery,Bulk,3275,222193.68
PO000723,W012,SUP0028,2024-01-29,Grocery,Standard,354,25311.31
PO000724,W025,SUP0015,2025-09-22,Electronics,Standard,749,1794315.93
PO000725,W012,SUP0012,2025-11-06,Electronics,Bulk,2398,5545775.21
PO000726,W030,SUP0117,2024-01-11,Personal Care,Standard,130,21199.17
PO000727,W016,SUP0108,2024-11-30,Grocery,Standard,594,42139.42
PO000728,W008,SUP0051,2024-11-04,Electronics,Standard,824,1721046.27
PO000729,W028,SUP0130,2024-08-20,Grocery,Urgent,345,23171.73
PO000730,W012,SUP0120,2025-08-03,Personal Care,Standard,156,26136.47
PO000731,W017,SUP0067,2026-01-15,Grocery,Standard,678,38183.31
PO000732,W020,SUP0012,2025-11-02,Electronics,Standard,678,1337603.24
PO000733,W027,SUP0021,2025-07-06,Home & Kitchen,Urgent,48,22368.32
PO000734,W005,SUP0099,2026-05-14,Grocery,Standard,334,23046.23
PO000735,W028,SUP0037,2026-02-01,Furniture,Standard,148,584178.28
PO000736,W018,SUP0140,2026-05-12,Apparel,Standard,744,241550.37
PO000737,W009,SUP0037,2025-04-17,Personal Care,Bulk,2254,348789.9
PO000738,W009,SUP0062,2025-01-04,Grocery,Standard,719,50056.01
PO000739,W030,SUP0134,2026-07-13,Personal Care,Standard,194,28932.75
PO000740,W030,SUP0008,2025-05-24,Personal Care,Standard,996,149762.19
PO000741,W017,SUP0031,2024-11-14,Personal Care,Bulk,3038,456590.12
PO000742,W009,SUP0001,2025-12-09,Apparel,Bulk,3052,1082776.08
PO000743,W030,SUP0107,2024-12-26,Apparel,Standard,1111,310708.52
PO000744,W001,SUP0035,2025-04-01,Electronics,Bulk,2360,4791057.07
PO000745,W001,SUP0102,2025-01-06,Apparel,Bulk,1522,525602.38
PO000746,W015,SUP0090,2025-08-05,Grocery,Urgent,241,12410.61
PO000747,W018,SUP0050,2024-05-14,Apparel,Standard,1122,341751.48
PO000748,W001,SUP0105,2025-06-11,Personal Care,Standard,505,79740.22
PO000749,W005,SUP0056,2025-04-25,Grocery,Bulk,4050,219965.87
PO000750,W002,SUP0058,2025-10-14,Home & Kitchen,Bulk,2152,996332.55
PO000751,W006,SUP0145,2024-12-02,Apparel,Bulk,4524,1507619.5
PO000752,W005,SUP0117,2025-05-27,Grocery,Bulk,3596,258908.99
PO000753,W003,SUP0050,2025-07-28,Furniture,Standard,85,347648.87
PO000754,W003,SUP0045,2025-07-18,Furniture,Standard,790,2401944.57
PO000755,W010,SUP0040,2024-02-26,Grocery,Standard,1078,74246.63
PO000756,W003,SUP0105,2026-01-01,Furniture,Bulk,4684,16588122.98
PO000757,W026,SUP0058,2024-06-07,Apparel,Standard,947,342796.4
PO000758,W011,SUP0105,2025-03-10,Grocery,Urgent,329,18685.97
PO000759,W002,SUP0111,2025-03-06,Grocery,Urgent,47,2488.16
PO000760,W021,SUP0110,2024-01-06,Personal Care,Bulk,1855,288766.91
PO000761,W026,SUP0046,2024-08-30,Apparel,Standard,409,121882.64
PO000762,W009,SUP0022,2024-06-28,Furniture,Standard,274,1066624.56
PO000763,W001,SUP0078,2025-12-30,Apparel,Standard,919,345186.29
PO000764,W021,SUP0150,2024-02-23,Apparel,Standard,226,83456.85
PO000765,W025,SUP0001,2026-07-22,Apparel,Standard,705,228079.29
PO000766,W028,SUP0019,2025-10-16,Grocery,Standard,886,59449.06
PO000767,W023,SUP0060,2024-09-08,Stationery,Standard,889,38996.53
PO000768,W019,SUP0059,2025-03-22,Electronics,Standard,497,1099893.08
PO000769,W009,SUP0067,2024-05-25,Grocery,Standard,1083,61967.97
PO000770,W006,SUP0068,2025-03-03,Apparel,Standard,1045,339607.88
PO000771,W001,SUP0098,2024-10-10,Apparel,Standard,1092,314715.56
PO000772,W027,SUP0044,2024-06-22,Grocery,Standard,835,59541.24
PO000773,W018,SUP0031,2025-02-17,Grocery,Urgent,191,11152.83
PO000774,W007,SUP0108,2025-12-08,Personal Care,Urgent,258,41629.0
PO000775,W003,SUP0088,2025-08-09,Apparel,Standard,1026,319805.12
PO000776,W007,SUP0079,2025-10-07,Home & Kitchen,Urgent,241,123420.58
PO000777,W025,SUP0139,2024-06-09,Apparel,Urgent,396,107885.91
PO000778,W005,SUP0118,2025-12-03,Grocery,Standard,866,58551.43
PO000779,W001,SUP0085,2026-01-29,Apparel,Standard,370,123406.71
PO000780,W010,SUP0048,2025-02-16,Home & Kitchen,Standard,328,183281.23
PO000781,W009,SUP0028,2026-03-30,Stationery,Urgent,265,11976.09
PO000782,W023,SUP0130,2024-10-08,Electronics,Bulk,3365,7715012.2
PO000783,W017,SUP0075,2026-03-21,Furniture,Urgent,264,822995.6
PO000784,W014,SUP0008,2024-09-17,Electronics,Urgent,153,288084.21
PO000785,W030,SUP0072,2026-03-30,Electronics,Standard,1153,2166761.0
PO000786,W027,SUP0009,2026-07-01,Electronics,Bulk,1812,4698975.55
PO000787,W003,SUP0142,2025-01-21,Grocery,Standard,171,11366.57
PO000788,W006,SUP0119,2024-05-23,Grocery,Standard,167,10048.24
PO000789,W012,SUP0057,2024-05-04,Home & Kitchen,Urgent,74,41964.37
PO000790,W001,SUP0002,2025-07-18,Apparel,Bulk,1717,550490.45
PO000791,W025,SUP0141,2025-01-24,Grocery,Standard,840,50288.04
PO000792,W025,SUP0132,2026-04-06,Furniture,Bulk,1534,6399187.17
PO000793,W007,SUP0063,2024-02-09,Grocery,Standard,129,6638.04
PO000794,W029,SUP0051,2025-12-26,Home & Kitchen,Standard,998,434350.46
PO000795,W017,SUP0136,2024-07-04,Grocery,Standard,455,26650.93
PO000796,W006,SUP0043,2026-05-27,Apparel,Standard,568,182878.67
PO000797,W020,SUP0002,2025-05-09,Stationery,Bulk,1934,79018.6
PO000798,W022,SUP0119,2026-07-03,Grocery,Standard,170,10260.54
PO000799,W024,SUP0088,2025-09-29,Home & Kitchen,Standard,950,474953.59
PO000800,W030,SUP0029,2026-06-24,Apparel,Standard,97,32913.38
PO000801,W029,SUP0094,2024-12-11,Home & Kitchen,Standard,352,194438.31
PO000802,W012,SUP0107,2026-07-25,Personal Care,Standard,1067,136124.92
PO000803,W012,SUP0091,2025-01-27,Grocery,Urgent,276,18724.74
PO000804,W001,SUP0011,2026-07-05,Apparel,Standard,791,251838.27
PO000805,W012,SUP0052,2025-11-16,Grocery,Standard,887,51453.92
PO000806,W005,SUP0107,2025-05-06,Stationery,Bulk,1821,78726.27
PO000807,W003,SUP0052,2025-01-20,Grocery,Bulk,2228,150693.77
PO000808,W027,SUP0019,2026-03-18,Home & Kitchen,Standard,718,331335.41
PO000809,W001,SUP0082,2026-02-14,Apparel,Bulk,3259,944285.22
PO000810,W003,SUP0023,2026-05-28,Apparel,Bulk,1179,385660.95
PO000811,W022,SUP0108,2026-04-28,Personal Care,Standard,219,32213.38
PO000812,W018,SUP0095,2026-07-17,Electronics,Standard,58,112357.31
PO000813,W012,SUP0071,2026-03-06,Grocery,Standard,282,17971.6
PO000814,W027,SUP0022,2025-03-21,Apparel,Urgent,151,42447.92
PO000815,W006,SUP0098,2025-04-04,Home & Kitchen,Standard,1061,581604.82
PO000816,W005,SUP0114,2024-11-02,Grocery,Urgent,162,10922.59
PO000817,W015,SUP0140,2024-07-29,Furniture,Bulk,4817,16848797.89
PO000818,W002,SUP0103,2025-08-08,Home & Kitchen,Urgent,162,78512.38
PO000819,W022,SUP0075,2026-06-03,Electronics,Urgent,377,842231.41
PO000820,W030,SUP0121,2024-05-01,Grocery,Bulk,2918,152098.03
PO000821,W027,SUP0026,2026-08-09,Apparel,Urgent,87,27090.22
PO000822,W028,SUP0106,2026-05-21,Electronics,Standard,1087,2060528.49
PO000823,W001,SUP0023,2025-05-04,Grocery,Standard,120,6662.84
PO000824,W012,SUP0116,2025-09-07,Apparel,Urgent,393,119704.66
PO000825,W029,SUP0057,2026-05-10,Stationery,Standard,329,15927.57
PO000826,W027,SUP0056,2025-06-27,Home & Kitchen,Bulk,2632,1222578.45
PO000827,W019,SUP0096,2024-06-16,Furniture,Standard,508,1666990.32
PO000828,W021,SUP0059,2026-07-23,Grocery,Standard,668,47690.05
PO000829,W006,SUP0054,2026-02-28,Grocery,Standard,958,53127.89
PO000830,W006,SUP0139,2025-03-02,Furniture,Bulk,995,3867852.88
PO000831,W001,SUP0103,2024-08-25,Home & Kitchen,Standard,1135,646513.67
PO000832,W029,SUP0046,2026-08-03,Grocery,Standard,295,18477.75
PO000833,W007,SUP0029,2025-02-18,Furniture,Bulk,4352,15450557.8
PO000834,W030,SUP0008,2024-10-01,Apparel,Standard,1068,381628.94
PO000835,W001,SUP0129,2025-08-26,Electronics,Standard,245,527512.45
PO000836,W027,SUP0100,2024-09-18,Stationery,Standard,628,33583.77
PO000837,W016,SUP0106,2025-01-29,Apparel,Standard,108,33220.58
PO000838,W001,SUP0120,2025-04-14,Grocery,Standard,806,50635.72
PO000839,W022,SUP0148,2025-12-02,Home & Kitchen,Standard,455,227164.92
PO000840,W023,SUP0105,2026-06-02,Home & Kitchen,Standard,435,221679.82
PO000841,W023,SUP0128,2024-11-03,Electronics,Urgent,383,1003124.12
PO000842,W023,SUP0109,2024-03-06,Apparel,Standard,195,57533.98
PO000843,W022,SUP0048,2025-06-03,Home & Kitchen,Bulk,2443,1271343.73
PO000844,W025,SUP0004,2025-12-01,Electronics,Standard,445,1064539.81
PO000845,W010,SUP0135,2025-12-31,Home & Kitchen,Standard,923,390160.0
PO000846,W030,SUP0028,2024-10-14,Electronics,Urgent,24,54400.42
PO000847,W015,SUP0088,2024-12-24,Furniture,Urgent,112,334993.02
PO000848,W006,SUP0051,2024-07-26,Stationery,Bulk,2336,93092.13
PO000849,W030,SUP0035,2026-08-12,Grocery,Urgent,398,24607.07
PO000850,W007,SUP0012,2024-11-27,Home & Kitchen,Standard,105,44026.84
PO000851,W012,SUP0096,2026-04-30,Home & Kitchen,Standard,603,298135.09
PO000852,W023,SUP0049,2025-12-18,Electronics,Urgent,33,86966.0
PO000853,W027,SUP0103,2025-03-13,Home & Kitchen,Urgent,102,47987.12
PO000854,W008,SUP0032,2025-01-09,Apparel,Standard,807,242558.18
PO000855,W001,SUP0043,2024-05-25,Grocery,Standard,276,17487.14
PO000856,W018,SUP0042,2026-03-31,Grocery,Standard,246,15441.36
PO000857,W019,SUP0058,2025-02-26,Apparel,Bulk,975,290990.63
PO000858,W024,SUP0117,2024-05-23,Grocery,Bulk,2481,173179.85
PO000859,W006,SUP0056,2026-02-25,Grocery,Standard,1027,65079.44
PO000860,W027,SUP0093,2025-03-15,Electronics,Bulk,2321,6083708.85
PO000861,W026,SUP0083,2026-05-04,Grocery,Bulk,2456,172893.91
PO000862,W027,SUP0057,2025-09-10,Furniture,Standard,582,1790030.46
PO000863,W025,SUP0051,2024-12-05,Personal Care,Standard,211,29488.51
PO000864,W022,SUP0119,2024-11-11,Grocery,Bulk,4161,233565.48
PO000865,W017,SUP0072,2024-06-07,Grocery,Standard,267,17576.68
PO000866,W027,SUP0083,2025-03-15,Furniture,Urgent,274,856241.05
PO000867,W006,SUP0032,2026-05-17,Home & Kitchen,Urgent,340,183855.22
PO000868,W022,SUP0089,2024-10-18,Apparel,Standard,259,85558.69
PO000869,W026,SUP0033,2026-02-05,Home & Kitchen,Standard,394,175904.93
PO000870,W026,SUP0117,2024-08-02,Apparel,Urgent,66,19727.3
PO000871,W003,SUP0125,2025-04-23,Grocery,Standard,865,45949.16
PO000872,W008,SUP0114,2025-02-21,Grocery,Urgent,206,11955.07
PO000873,W030,SUP0107,2024-09-29,Home & Kitchen,Standard,127,60366.55
PO000874,W026,SUP0076,2025-12-05,Personal Care,Standard,223,27306.88
PO000875,W004,SUP0012,2025-07-10,Grocery,Standard,254,14993.91
PO000876,W015,SUP0094,2025-11-27,Apparel,Standard,1065,356801.28
PO000877,W027,SUP0010,2025-04-03,Electronics,Bulk,4379,8616676.46
PO000878,W027,SUP0056,2025-05-04,Apparel,Standard,101,35361.75
PO000879,W016,SUP0109,2025-08-15,Stationery,Urgent,386,19569.82
PO000880,W002,SUP0009,2024-03-17,Grocery,Standard,160,8902.55
PO000881,W006,SUP0029,2026-01-10,Grocery,Standard,801,47691.24
PO000882,W001,SUP0076,2026-04-27,Grocery,Bulk,4087,223855.86
PO000883,W004,SUP0024,2024-05-15,Grocery,Urgent,140,9011.99
PO000884,W001,SUP0116,2024-06-08,Home & Kitchen,Standard,289,123505.43
PO000885,W023,SUP0117,2025-01-24,Grocery,Standard,363,18835.6
PO000886,W023,SUP0125,2024-12-28,Grocery,Standard,701,48215.76
PO000887,W013,SUP0085,2026-07-10,Personal Care,Bulk,4120,685972.25
PO000888,W028,SUP0057,2025-10-21,Personal Care,Bulk,4867,626044.07
PO000889,W004,SUP0147,2025-06-15,Grocery,Urgent,84,4943.21
PO000890,W005,SUP0004,2025-06-06,Apparel,Bulk,2772,958743.22
PO000891,W019,SUP0122,2024-08-17,Apparel,Standard,429,118783.28
PO000892,W016,SUP0068,2024-10-27,Grocery,Bulk,4152,279851.44
PO000893,W003,SUP0114,2025-06-13,Apparel,Urgent,281,93506.66
PO000894,W029,SUP0119,2025-07-11,Electronics,Standard,115,287533.5
PO000895,W020,SUP0027,2025-05-09,Electronics,Urgent,393,871698.9
PO000896,W019,SUP0135,2025-01-01,Home & Kitchen,Standard,226,120862.93
PO000897,W010,SUP0056,2025-09-25,Personal Care,Bulk,4040,610342.85
PO000898,W019,SUP0020,2025-11-23,Grocery,Standard,84,4765.21
PO000899,W001,SUP0024,2024-03-03,Electronics,Standard,945,2467134.82
PO000900,W008,SUP0038,2025-06-21,Furniture,Bulk,3002,11889130.44
PO000901,W020,SUP0098,2024-08-22,Electronics,Standard,430,965565.08
PO000902,W019,SUP0067,2025-01-13,Grocery,Bulk,854,56324.07
PO000903,W016,SUP0073,2026-07-05,Electronics,Standard,949,1985498.77
PO000904,W001,SUP0020,2024-06-08,Electronics,Bulk,2002,4842532.47
PO000905,W008,SUP0132,2025-11-15,Electronics,Bulk,2510,5334384.77
PO000906,W030,SUP0055,2026-05-22,Grocery,Standard,918,50525.19
PO000907,W030,SUP0043,2026-03-02,Personal Care,Standard,278,45379.8
PO000908,W027,SUP0146,2025-03-26,Apparel,Bulk,2591,991113.83
PO000909,W001,SUP0024,2025-02-05,Electronics,Standard,72,175429.93
PO000910,W001,SUP0140,2024-04-26,Personal Care,Standard,121,18102.05
PO000911,W005,SUP0012,2024-07-11,Grocery,Urgent,313,19979.02
PO000912,W027,SUP0043,2024-10-27,Grocery,Urgent,143,7993.72
PO000913,W005,SUP0067,2025-08-23,Personal Care,Bulk,1493,180329.64
PO000914,W006,SUP0022,2024-11-29,Apparel,Bulk,1237,407125.96
PO000915,W006,SUP0073,2024-05-05,Grocery,Standard,902,63336.76
PO000916,W024,SUP0037,2024-01-16,Furniture,Standard,868,2837894.73
PO000917,W016,SUP0118,2026-05-27,Apparel,Standard,542,170321.98
PO000918,W027,SUP0125,2024-02-08,Apparel,Urgent,175,52875.95
PO000919,W001,SUP0147,2026-03-05,Home & Kitchen,Standard,77,32119.44
PO000920,W001,SUP0119,2025-01-24,Apparel,Urgent,109,39144.91
PO000921,W027,SUP0011,2025-11-09,Apparel,Standard,264,100752.81
PO000922,W002,SUP0092,2026-02-15,Personal Care,Standard,236,31676.57
PO000923,W023,SUP0108,2026-06-11,Grocery,Standard,241,16871.18
PO000924,W019,SUP0101,2024-07-07,Electronics,Standard,1089,2418432.27
PO000925,W005,SUP0046,2026-07-30,Home & Kitchen,Standard,396,168234.66
PO000926,W006,SUP0076,2025-06-24,Apparel,Standard,1158,342149.51
PO000927,W025,SUP0048,2026-06-17,Electronics,Bulk,2744,5731306.17
PO000928,W001,SUP0019,2024-03-27,Home & Kitchen,Urgent,78,36620.55
PO000929,W030,SUP0115,2025-06-28,Home & Kitchen,Standard,283,131563.4
PO000930,W001,SUP0069,2025-03-03,Grocery,Bulk,2320,137906.7
PO000931,W004,SUP0107,2024-06-14,Stationery,Standard,1138,51528.34
PO000932,W020,SUP0130,2025-02-19,Grocery,Standard,986,53694.14
PO000933,W002,SUP0138,2026-02-23,Personal Care,Standard,821,106537.75
PO000934,W030,SUP0015,2024-11-24,Home & Kitchen,Urgent,274,136915.18
PO000935,W012,SUP0093,2026-03-31,Grocery,Standard,407,26687.29
PO000936,W001,SUP0081,2024-09-21,Personal Care,Standard,401,60660.96
PO000937,W004,SUP0063,2026-06-09,Electronics,Urgent,88,213112.25
PO000938,W017,SUP0004,2026-01-20,Home & Kitchen,Standard,682,312744.76
PO000939,W027,SUP0005,2024-07-24,Apparel,Urgent,312,113989.13
PO000940,W006,SUP0118,2025-11-18,Apparel,Bulk,1534,546640.55
PO000941,W011,SUP0105,2025-01-07,Apparel,Standard,386,140535.44
PO000942,W018,SUP0141,2026-05-10,Stationery,Standard,117,5566.04
PO000943,W021,SUP0025,2025-12-06,Stationery,Urgent,156,7948.33
PO000944,W024,SUP0068,2024-03-12,Grocery,Bulk,4765,245353.16
PO000945,W008,SUP0020,2025-09-25,Furniture,Standard,979,3551422.13
PO000946,W010,SUP0056,2025-08-30,Grocery,Bulk,3275,208515.39
PO000947,W027,SUP0125,2024-05-14,Electronics,Standard,197,371798.21
PO000948,W029,SUP0147,2026-01-06,Grocery,Standard,649,42251.98
PO000949,W012,SUP0056,2025-12-29,Furniture,Bulk,2178,9120403.46
PO000950,W030,SUP0100,2025-08-20,Home & Kitchen,Bulk,545,296587.09
PO000951,W005,SUP0132,2026-05-28,Electronics,Standard,1180,2646375.83
PO000952,W027,SUP0018,2025-09-07,Furniture,Standard,1161,4113884.83
PO000953,W029,SUP0045,2026-03-15,Personal Care,Bulk,2305,306051.2
PO000954,W018,SUP0122,2026-05-10,Stationery,Standard,322,15841.35
PO000955,W023,SUP0037,2025-02-09,Grocery,Standard,950,67483.38
PO000956,W001,SUP0034,2025-01-12,Apparel,Standard,1042,286524.97
PO000957,W027,SUP0015,2026-02-10,Personal Care,Bulk,3424,474768.64
PO000958,W022,SUP0052,2024-06-12,Electronics,Urgent,356,921575.49
PO000959,W018,SUP0062,2024-06-09,Apparel,Standard,427,138709.09
PO000960,W018,SUP0087,2025-06-02,Grocery,Bulk,2537,148209.46
PO000961,W004,SUP0065,2026-04-11,Furniture,Standard,763,2864013.91
PO000962,W027,SUP0015,2025-05-08,Electronics,Urgent,131,276816.31
PO000963,W016,SUP0069,2026-04-06,Grocery,Bulk,2580,174551.35
PO000964,W019,SUP0086,2024-05-21,Apparel,Urgent,340,126650.03
PO000965,W004,SUP0131,2025-12-18,Personal Care,Standard,245,38595.31
PO000966,W020,SUP0141,2026-06-05,Apparel,Standard,944,276760.65
PO000967,W006,SUP0106,2024-04-13,Grocery,Standard,355,20473.88
PO000968,W025,SUP0110,2025-10-21,Furniture,Standard,354,1096410.55
PO000969,W001,SUP0014,2026-01-09,Apparel,Standard,1022,345104.14
PO000970,W003,SUP0131,2024-07-16,Apparel,Standard,253,69289.83
PO000971,W005,SUP0007,2025-10-09,Apparel,Bulk,1334,443215.27
PO000972,W011,SUP0086,2024-08-10,Personal Care,Bulk,2369,390969.2
PO000973,W027,SUP0055,2024-06-25,Home & Kitchen,Standard,1032,560955.08
PO000974,W001,SUP0014,2025-10-20,Grocery,Standard,567,35473.99
PO000975,W017,SUP0073,2026-01-20,Personal Care,Standard,153,19687.14
PO000976,W001,SUP0053,2024-07-29,Grocery,Standard,226,12773.68
PO000977,W010,SUP0100,2024-11-29,Grocery,Standard,995,55408.27
PO000978,W008,SUP0134,2024-09-05,Personal Care,Urgent,78,12165.15
PO000979,W004,SUP0105,2026-06-03,Grocery,Standard,271,16394.73
PO000980,W014,SUP0044,2025-05-17,Personal Care,Bulk,2212,301240.92
PO000981,W009,SUP0010,2024-11-16,Personal Care,Standard,1142,157859.16
PO000982,W006,SUP0051,2024-11-15,Electronics,Urgent,282,689774.85
PO000983,W019,SUP0008,2025-11-24,Apparel,Bulk,4399,1331775.59
PO000984,W006,SUP0106,2026-04-27,Electronics,Bulk,3839,7802937.9
PO000985,W030,SUP0104,2024-02-20,Apparel,Standard,551,211291.35
PO000986,W006,SUP0058,2025-06-04,Furniture,Standard,805,3281593.81
PO000987,W030,SUP0123,2025-03-17,Stationery,Standard,1049,50566.7
PO000988,W004,SUP0075,2026-05-13,Grocery,Bulk,2959,177879.33
PO000989,W030,SUP0103,2025-10-12,Home & Kitchen,Standard,855,443175.44
PO000990,W001,SUP0061,2025-11-04,Electronics,Standard,715,1623255.65
PO000991,W001,SUP0018,2024-08-25,Electronics,Standard,211,441187.36
PO000992,W002,SUP0041,2026-03-20,Electronics,Bulk,1830,3584956.37
PO000993,W023,SUP0043,2026-01-18,Home & Kitchen,Bulk,2949,1215655.36
PO000994,W006,SUP0075,2026-01-11,Furniture,Urgent,335,1158704.53
PO000995,W007,SUP0013,2025-05-28,Home & Kitchen,Bulk,1464,725889.56
PO000996,W022,SUP0147,2024-11-03,Apparel,Standard,268,85962.59
PO000997,W001,SUP0006,2024-08-21,Electronics,Standard,1033,2445746.3
PO000998,W017,SUP0078,2026-05-02,Electronics,Standard,1189,2478661.94
PO000999,W011,SUP0065,2024-04-22,Apparel,Urgent,154,56961.69
PO001000,W004,SUP0109,2024-07-26,Grocery,Standard,615,36032.44
PO001001,W029,SUP0081,2025-09-09,Apparel,Standard,608,226483.94
PO001002,W009,SUP0092,2024-08-31,Grocery,Standard,217,11221.3
PO001003,W007,SUP0048,2025-03-31,Home & Kitchen,Bulk,4103,2163665.55
PO001004,W023,SUP0038,2024-03-05,Grocery,Bulk,3818,218895.02
PO001005,W027,SUP0005,2026-01-03,Personal Care,Bulk,3482,435965.6
PO001006,W006,SUP0029,2025-04-29,Grocery,Standard,1081,60180.89
PO001007,W003,SUP0142,2024-03-24,Personal Care,Urgent,329,47496.2
PO001008,W030,SUP0077,2024-05-20,Electronics,Bulk,4113,8489008.34
PO001009,W012,SUP0033,2024-09-03,Electronics,Bulk,1299,2972388.89
PO001010,W016,SUP0032,2025-11-03,Electronics,Urgent,77,149944.92
PO001011,W013,SUP0085,2024-08-08,Apparel,Standard,618,214998.69
PO001012,W027,SUP0082,2024-10-23,Grocery,Standard,626,37925.51
PO001013,W012,SUP0083,2024-11-29,Electronics,Standard,1092,2113977.41
PO001014,W025,SUP0118,2026-03-31,Apparel,Standard,805,229322.55
PO001015,W016,SUP0144,2025-06-04,Personal Care,Standard,680,93377.28
PO001016,W001,SUP0052,2025-02-26,Furniture,Standard,543,2274093.09
PO001017,W015,SUP0111,2025-04-21,Grocery,Bulk,2171,116871.77
PO001018,W027,SUP0138,2025-06-16,Personal Care,Urgent,60,7896.61
PO001019,W016,SUP0055,2025-12-21,Grocery,Standard,447,26544.32
PO001020,W010,SUP0095,2024-06-27,Home & Kitchen,Standard,263,115453.45
PO001021,W001,SUP0132,2026-04-12,Home & Kitchen,Urgent,42,23458.23
PO001022,W023,SUP0106,2025-02-05,Electronics,Standard,817,1947118.4
PO001023,W010,SUP0056,2025-12-14,Electronics,Urgent,283,615441.38
PO001024,W008,SUP0124,2025-02-03,Stationery,Bulk,3265,175927.57
PO001025,W010,SUP0011,2025-11-05,Grocery,Standard,205,13532.95
PO001026,W012,SUP0023,2024-06-25,Personal Care,Bulk,2692,438024.56
PO001027,W009,SUP0143,2025-04-15,Apparel,Standard,804,307284.62
PO001028,W007,SUP0150,2026-06-30,Personal Care,Bulk,1948,248067.47
PO001029,W013,SUP0054,2024-06-08,Furniture,Standard,1029,3485522.67
PO001030,W001,SUP0015,2024-04-14,Apparel,Standard,1178,349923.08
PO001031,W006,SUP0099,2026-05-18,Personal Care,Bulk,2864,383284.84
PO001032,W012,SUP0145,2024-09-30,Grocery,Bulk,4067,226200.11
PO001033,W028,SUP0001,2025-08-18,Grocery,Bulk,3573,241225.9
PO001034,W012,SUP0002,2024-04-06,Stationery,Standard,568,23877.47
PO001035,W017,SUP0100,2026-01-24,Grocery,Urgent,317,20605.65
PO001036,W028,SUP0087,2024-04-02,Grocery,Standard,169,9940.07
PO001037,W027,SUP0098,2024-02-02,Furniture,Standard,93,348296.18
PO001038,W023,SUP0118,2025-08-23,Personal Care,Urgent,301,37979.29
PO001039,W020,SUP0046,2025-02-12,Grocery,Standard,594,34606.52
PO001040,W019,SUP0005,2024-06-13,Grocery,Urgent,313,21129.3
PO001041,W005,SUP0073,2025-11-10,Home & Kitchen,Urgent,119,64794.72
PO001042,W003,SUP0058,2025-08-03,Home & Kitchen,Standard,1075,505621.43
PO001043,W001,SUP0063,2024-04-14,Grocery,Standard,582,37779.18
PO001044,W002,SUP0117,2025-03-16,Personal Care,Standard,995,141178.12
PO001045,W019,SUP0148,2025-08-03,Electronics,Standard,408,1017106.17
PO001046,W019,SUP0103,2024-09-11,Personal Care,Urgent,381,47722.2
PO001047,W001,SUP0084,2024-05-18,Grocery,Urgent,116,8228.78
PO001048,W027,SUP0055,2026-01-15,Apparel,Bulk,1920,697192.45
PO001049,W012,SUP0133,2024-02-29,Grocery,Standard,976,50408.96
PO001050,W017,SUP0061,2026-06-23,Apparel,Standard,226,71942.06
PO001051,W001,SUP0022,2026-05-20,Grocery,Standard,891,49890.51
PO001052,W027,SUP0073,2024-11-08,Home & Kitchen,Standard,167,86248.92
PO001053,W002,SUP0134,2025-06-01,Grocery,Standard,933,51551.9
PO001054,W005,SUP0118,2024-12-09,Stationery,Standard,163,8425.21
PO001055,W014,SUP0043,2026-05-29,Personal Care,Urgent,211,33762.25
PO001056,W015,SUP0109,2025-08-22,Electronics,Standard,835,1965265.97
PO001057,W016,SUP0069,2025-02-23,Home & Kitchen,Standard,1160,575980.46
PO001058,W030,SUP0138,2025-05-22,Apparel,Standard,259,84895.02
PO001059,W001,SUP0060,2025-03-18,Personal Care,Urgent,79,12233.56
PO001060,W022,SUP0138,2026-05-31,Furniture,Bulk,2991,9065908.19
PO001061,W012,SUP0149,2026-06-18,Apparel,Urgent,362,135767.54
PO001062,W027,SUP0072,2026-04-25,Apparel,Bulk,3378,1137104.26
PO001063,W022,SUP0032,2025-01-22,Grocery,Urgent,328,20974.57
PO001064,W027,SUP0136,2024-12-05,Electronics,Standard,868,2233715.93
PO001065,W027,SUP0050,2025-08-02,Personal Care,Urgent,240,33969.3
PO001066,W026,SUP0139,2025-07-19,Home & Kitchen,Urgent,94,48195.11
PO001067,W003,SUP0020,2025-05-04,Electronics,Bulk,869,2096733.43
PO001068,W017,SUP0066,2025-11-13,Grocery,Standard,172,11535.82
PO001069,W026,SUP0121,2024-09-07,Grocery,Urgent,154,8623.99
PO001070,W026,SUP0111,2025-01-25,Personal Care,Urgent,387,56080.43
PO001071,W030,SUP0071,2025-09-12,Personal Care,Urgent,92,15250.66
PO001072,W012,SUP0001,2026-07-04,Personal Care,Standard,949,136926.81
PO001073,W001,SUP0040,2025-01-29,Stationery,Standard,968,39693.7
PO001074,W024,SUP0025,2025-07-25,Stationery,Standard,809,31181.44
PO001075,W007,SUP0090,2024-10-04,Personal Care,Standard,300,38098.62
PO001076,W021,SUP0075,2026-05-10,Grocery,Bulk,1026,59358.86
PO001077,W001,SUP0064,2024-03-13,Grocery,Standard,671,41855.32
PO001078,W009,SUP0090,2024-02-11,Apparel,Standard,991,325858.12
PO001079,W020,SUP0140,2024-05-26,Apparel,Bulk,1489,441157.75
PO001080,W003,SUP0107,2024-06-06,Personal Care,Standard,52,6326.22
PO001081,W008,SUP0017,2026-07-23,Personal Care,Standard,422,66205.27
PO001082,W004,SUP0061,2025-10-10,Apparel,Bulk,3185,1215142.86
PO001083,W028,SUP0049,2025-07-18,Furniture,Standard,854,3256598.73
PO001084,W026,SUP0018,2026-05-19,Home & Kitchen,Standard,565,287932.33
PO001085,W020,SUP0009,2024-07-06,Grocery,Bulk,1745,97873.49
PO001086,W016,SUP0052,2025-12-14,Grocery,Bulk,2152,144929.69
PO001087,W030,SUP0060,2026-02-23,Grocery,Standard,627,44091.06
PO001088,W006,SUP0036,2025-11-25,Apparel,Bulk,1807,581105.8
PO001089,W023,SUP0037,2024-04-05,Electronics,Bulk,1825,3704158.23
PO001090,W002,SUP0065,2026-02-09,Grocery,Bulk,3786,199721.64
PO001091,W020,SUP0031,2024-09-09,Apparel,Standard,888,303782.75
PO001092,W005,SUP0005,2024-04-29,Grocery,Standard,545,34521.44
PO001093,W001,SUP0115,2025-03-22,Home & Kitchen,Bulk,4855,2276208.28
PO001094,W029,SUP0084,2026-05-21,Grocery,Standard,649,38804.0
PO001095,W007,SUP0070,2024-10-25,Home & Kitchen,Standard,716,345576.73
PO001096,W030,SUP0093,2024-07-11,Furniture,Urgent,266,890305.6
PO001097,W022,SUP0080,2025-09-29,Furniture,Bulk,4183,12765455.06
PO001098,W022,SUP0015,2025-03-30,Furniture,Standard,579,2002730.98
PO001099,W022,SUP0124,2024-08-25,Apparel,Bulk,1782,586722.05
PO001100,W030,SUP0025,2024-07-14,Stationery,Standard,833,42828.1
PO001101,W006,SUP0131,2026-07-02,Electronics,Urgent,305,719844.69
PO001102,W030,SUP0041,2026-01-28,Grocery,Standard,369,21203.44
PO001103,W008,SUP0071,2025-06-11,Grocery,Standard,1008,57498.84
PO001104,W002,SUP0142,2026-06-10,Furniture,Bulk,4415,16444936.71
PO001105,W029,SUP0073,2025-09-28,Grocery,Bulk,4598,318744.2
PO001106,W002,SUP0019,2025-02-27,Home & Kitchen,Bulk,2749,1513148.53
PO001107,W014,SUP0125,2026-04-19,Apparel,Bulk,2250,719617.67
PO001108,W027,SUP0015,2024-01-21,Apparel,Standard,452,158276.07
PO001109,W007,SUP0014,2025-11-29,Home & Kitchen,Standard,503,231434.47
PO001110,W024,SUP0044,2024-07-26,Electronics,Urgent,371,963769.43
PO001111,W020,SUP0122,2026-01-16,Apparel,Standard,512,143210.47
PO001112,W023,SUP0091,2025-06-15,Grocery,Urgent,231,14988.27
PO001113,W004,SUP0142,2025-08-07,Electronics,Standard,1088,2489258.1
PO001114,W023,SUP0053,2025-03-12,Electronics,Standard,1060,2579111.51
PO001115,W027,SUP0048,2024-02-08,Stationery,Urgent,125,6083.68
PO001116,W004,SUP0054,2026-04-12,Grocery,Standard,211,14701.16
PO001117,W030,SUP0037,2024-08-30,Apparel,Standard,1150,365522.66
PO001118,W030,SUP0001,2024-07-15,Grocery,Standard,474,31033.33
PO001119,W008,SUP0135,2025-01-24,Grocery,Standard,668,39138.69
PO001120,W030,SUP0108,2024-05-25,Apparel,Urgent,134,38313.84
PO001121,W030,SUP0021,2024-03-21,Apparel,Standard,875,299301.19
PO001122,W002,SUP0017,2024-10-12,Electronics,Bulk,2687,5409377.69
PO001123,W025,SUP0104,2024-07-04,Grocery,Bulk,3347,224048.69
PO001124,W030,SUP0009,2024-05-17,Apparel,Urgent,221,78986.12
PO001125,W027,SUP0147,2024-03-07,Grocery,Bulk,2740,170378.48
PO001126,W003,SUP0073,2025-10-16,Personal Care,Urgent,216,28145.28
PO001127,W011,SUP0117,2026-05-13,Electronics,Standard,932,2304454.74
PO001128,W018,SUP0035,2026-01-06,Electronics,Standard,501,1052082.33
PO001129,W010,SUP0020,2026-01-10,Home & Kitchen,Urgent,264,133126.94
PO001130,W010,SUP0004,2026-04-15,Home & Kitchen,Bulk,1179,676434.8
PO001131,W002,SUP0116,2024-01-11,Apparel,Bulk,4966,1735921.67
PO001132,W001,SUP0147,2025-10-07,Personal Care,Standard,476,66796.54
PO001133,W008,SUP0108,2025-10-26,Apparel,Bulk,4508,1722311.33
PO001134,W012,SUP0107,2025-04-25,Personal Care,Standard,1016,159609.22
PO001135,W018,SUP0140,2025-12-12,Grocery,Urgent,90,5792.88
PO001136,W030,SUP0020,2025-03-29,Personal Care,Urgent,125,16621.01
PO001137,W002,SUP0060,2025-05-18,Apparel,Urgent,121,46299.89
PO001138,W009,SUP0109,2025-02-11,Electronics,Standard,763,1964627.98
PO001139,W027,SUP0093,2024-07-16,Apparel,Standard,634,180739.4
PO001140,W027,SUP0030,2026-02-08,Apparel,Bulk,2985,896077.87
PO001141,W002,SUP0137,2025-06-11,Electronics,Urgent,252,653321.23
PO001142,W022,SUP0127,2024-10-17,Personal Care,Urgent,307,41701.88
PO001143,W002,SUP0083,2025-11-05,Stationery,Bulk,607,25342.56
PO001144,W030,SUP0139,2024-08-22,Electronics,Standard,931,1929479.05
PO001145,W006,SUP0040,2024-12-16,Grocery,Bulk,3030,172468.94
PO001146,W019,SUP0074,2025-06-09,Furniture,Standard,484,1656488.11
PO001147,W014,SUP0058,2025-10-15,Electronics,Standard,418,919162.72
PO001148,W015,SUP0120,2024-03-29,Apparel,Standard,674,210963.82
PO001149,W005,SUP0005,2025-06-13,Personal Care,Urgent,195,27225.13
PO001150,W009,SUP0047,2025-09-29,Personal Care,Urgent,263,37725.51
PO001151,W007,SUP0087,2026-07-23,Grocery,Bulk,1307,73121.39
PO001152,W019,SUP0130,2024-09-10,Furniture,Standard,1122,3665341.56
PO001153,W012,SUP0048,2025-07-02,Home & Kitchen,Standard,1070,503694.6
PO001154,W019,SUP0107,2024-02-29,Grocery,Urgent,237,14663.58
PO001155,W016,SUP0113,2025-05-02,Grocery,Urgent,41,2164.63
PO001156,W022,SUP0038,2024-12-23,Grocery,Standard,1131,78770.53
PO001157,W030,SUP0147,2026-03-24,Home & Kitchen,Standard,354,195637.58
PO001158,W016,SUP0029,2024-05-09,Electronics,Urgent,191,426326.96
PO001159,W017,SUP0030,2026-08-12,Apparel,Bulk,2197,833201.14
PO001160,W019,SUP0079,2024-12-18,Grocery,Standard,1050,57966.36
PO001161,W017,SUP0144,2025-07-12,Apparel,Bulk,4271,1532058.74
PO001162,W011,SUP0033,2026-02-06,Grocery,Bulk,3260,231871.23
PO001163,W006,SUP0099,2024-04-14,Grocery,Urgent,348,20067.55
PO001164,W016,SUP0043,2025-12-02,Grocery,Standard,1157,60060.43
PO001165,W006,SUP0093,2025-10-02,Electronics,Bulk,4363,9066457.21
PO001166,W021,SUP0132,2025-11-10,Electronics,Standard,101,203455.94
PO001167,W028,SUP0028,2024-06-30,Grocery,Bulk,3982,218820.84
PO001168,W027,SUP0141,2026-07-25,Stationery,Bulk,1175,54724.75
PO001169,W026,SUP0069,2026-05-16,Home & Kitchen,Urgent,28,13901.78
PO001170,W005,SUP0136,2025-05-14,Apparel,Urgent,149,45120.69
PO001171,W001,SUP0077,2024-01-30,Electronics,Urgent,290,551483.75
PO001172,W005,SUP0062,2024-05-19,Apparel,Standard,479,143330.74
PO001173,W018,SUP0081,2024-01-29,Furniture,Urgent,318,1051087.66
PO001174,W003,SUP0047,2025-05-13,Electronics,Bulk,526,1159700.69
PO001175,W002,SUP0032,2025-12-15,Grocery,Bulk,1355,83286.94
PO001176,W030,SUP0083,2025-08-21,Personal Care,Urgent,41,5693.05
PO001177,W009,SUP0087,2024-05-19,Apparel,Standard,347,124601.88
PO001178,W001,SUP0053,2025-02-17,Personal Care,Standard,910,120686.46
PO001179,W015,SUP0120,2024-03-28,Grocery,Standard,795,50058.75
PO001180,W023,SUP0059,2026-06-30,Personal Care,Standard,425,71168.99
PO001181,W013,SUP0122,2024-11-14,Grocery,Standard,523,30112.57
PO001182,W003,SUP0084,2024-05-06,Grocery,Standard,239,16810.62
PO001183,W015,SUP0147,2025-05-10,Furniture,Urgent,393,1270729.95
PO001184,W001,SUP0045,2025-02-21,Electronics,Urgent,125,247536.78
PO001185,W024,SUP0054,2025-11-28,Apparel,Bulk,1874,518635.0
PO001186,W030,SUP0097,2025-07-22,Personal Care,Bulk,1469,227486.26
PO001187,W001,SUP0083,2025-03-27,Grocery,Urgent,191,12340.54
PO001188,W018,SUP0054,2026-03-09,Stationery,Urgent,95,5011.84
PO001189,W027,SUP0064,2025-10-25,Grocery,Standard,64,3927.81
PO001190,W020,SUP0014,2026-02-14,Apparel,Standard,725,231779.81
PO001191,W004,SUP0058,2025-03-07,Grocery,Standard,1113,65217.28
PO001192,W001,SUP0040,2025-02-04,Grocery,Standard,659,47058.95
PO001193,W013,SUP0129,2024-04-02,Apparel,Standard,283,89502.7
PO001194,W001,SUP0127,2025-04-04,Grocery,Standard,125,7002.85
PO001195,W027,SUP0092,2024-01-16,Grocery,Standard,635,43988.83
PO001196,W015,SUP0099,2025-11-20,Electronics,Standard,531,1334974.83
PO001197,W008,SUP0078,2024-09-03,Apparel,Bulk,4347,1398712.62
PO001198,W026,SUP0038,2024-04-29,Grocery,Bulk,3493,186532.28
PO001199,W005,SUP0077,2025-08-30,Personal Care,Urgent,255,41777.27
PO001200,W015,SUP0020,2024-03-02,Apparel,Standard,961,333037.64
PO001201,W015,SUP0071,2025-04-29,Personal Care,Bulk,1567,194127.12
PO001202,W002,SUP0043,2025-08-25,Grocery,Standard,1080,76142.29
PO001203,W027,SUP0005,2026-01-17,Stationery,Urgent,245,10693.32
PO001204,W023,SUP0087,2025-08-09,Furniture,Standard,422,1631806.64
PO001205,W005,SUP0149,2025-06-14,Electronics,Bulk,1034,2194297.74
PO001206,W012,SUP0058,2025-09-12,Grocery,Standard,408,26275.78
PO001207,W008,SUP0085,2025-05-20,Personal Care,Standard,709,103842.67
PO001208,W030,SUP0044,2024-06-24,Furniture,Standard,354,1443750.36
PO001209,W022,SUP0132,2026-02-06,Grocery,Bulk,2758,166527.71
PO001210,W030,SUP0150,2026-01-13,Grocery,Standard,948,52582.38
PO001211,W025,SUP0048,2025-09-14,Grocery,Standard,319,22140.08
PO001212,W026,SUP0100,2026-06-08,Electronics,Standard,674,1469941.18
PO001213,W008,SUP0138,2026-06-06,Stationery,Standard,797,41822.69
PO001214,W027,SUP0073,2025-03-11,Personal Care,Urgent,110,18360.44
PO001215,W009,SUP0088,2025-06-21,Electronics,Standard,606,1518609.4
PO001216,W027,SUP0062,2024-05-11,Furniture,Standard,993,3578007.49
PO001217,W023,SUP0089,2025-09-03,Grocery,Standard,738,52900.08
PO001218,W015,SUP0115,2026-02-27,Apparel,Standard,937,274431.14
PO001219,W004,SUP0010,2024-09-23,Grocery,Standard,657,41095.61
PO001220,W019,SUP0142,2024-11-30,Apparel,Bulk,2794,1006320.91
PO001221,W020,SUP0125,2025-11-24,Personal Care,Bulk,1429,210148.81
PO001222,W022,SUP0076,2024-01-24,Grocery,Standard,1131,59536.76
PO001223,W001,SUP0076,2025-10-06,Apparel,Standard,545,178076.07
PO001224,W006,SUP0082,2025-07-11,Personal Care,Standard,144,23123.59
PO001225,W018,SUP0042,2024-11-08,Grocery,Bulk,1460,86651.34
PO001226,W027,SUP0087,2026-03-09,Electronics,Bulk,2933,7086471.06
PO001227,W006,SUP0080,2026-02-03,Grocery,Bulk,3153,179481.63
PO001228,W029,SUP0097,2024-10-06,Home & Kitchen,Standard,138,58271.69
PO001229,W030,SUP0054,2025-01-26,Electronics,Standard,942,2007942.88
PO001230,W002,SUP0124,2024-10-02,Grocery,Standard,1107,68328.04
PO001231,W024,SUP0040,2024-07-02,Apparel,Bulk,1926,530489.78
PO001232,W011,SUP0021,2025-01-11,Apparel,Standard,1183,447766.65
PO001233,W004,SUP0075,2025-03-05,Furniture,Standard,135,463206.81
PO001234,W006,SUP0150,2024-03-29,Grocery,Standard,343,17677.89
PO001235,W009,SUP0067,2024-03-02,Personal Care,Standard,652,103773.06
PO001236,W001,SUP0121,2026-06-06,Home & Kitchen,Standard,373,201941.72
PO001237,W023,SUP0101,2025-02-22,Home & Kitchen,Standard,654,301903.39
PO001238,W013,SUP0033,2024-05-17,Apparel,Standard,419,119923.21
PO001239,W009,SUP0020,2025-01-29,Grocery,Standard,541,32177.99
PO001240,W027,SUP0034,2026-03-30,Personal Care,Standard,985,158930.5
PO001241,W030,SUP0069,2026-07-31,Grocery,Bulk,1463,92045.51
PO001242,W013,SUP0099,2025-09-16,Grocery,Bulk,3138,216976.97
PO001243,W008,SUP0073,2024-01-20,Apparel,Standard,913,329743.71
PO001244,W019,SUP0026,2024-11-28,Electronics,Standard,610,1466290.55
PO001245,W011,SUP0038,2025-01-15,Electronics,Urgent,253,562845.99
PO001246,W028,SUP0080,2026-04-11,Grocery,Standard,1101,58492.68
PO001247,W007,SUP0120,2024-11-18,Furniture,Standard,1136,3941378.64
PO001248,W003,SUP0049,2026-07-28,Electronics,Urgent,322,692019.71
PO001249,W001,SUP0054,2024-10-07,Grocery,Standard,674,43268.55
PO001250,W004,SUP0026,2026-02-15,Grocery,Bulk,821,42564.81
PO001251,W002,SUP0126,2026-08-07,Apparel,Urgent,296,86498.98
PO001252,W029,SUP0001,2025-11-19,Apparel,Standard,560,158774.34
PO001253,W022,SUP0064,2024-05-22,Stationery,Standard,52,2751.22
PO001254,W018,SUP0073,2024-02-22,Grocery,Urgent,98,5774.72
PO001255,W030,SUP0093,2026-06-20,Personal Care,Standard,1130,181979.07
PO001256,W020,SUP0107,2026-02-16,Personal Care,Standard,1030,163394.56
PO001257,W023,SUP0018,2024-01-05,Stationery,Bulk,3088,132910.91
PO001258,W004,SUP0134,2026-01-19,Personal Care,Bulk,785,107410.51
PO001259,W007,SUP0143,2026-06-21,Grocery,Urgent,86,5402.3
PO001260,W020,SUP0054,2026-04-04,Home & Kitchen,Standard,64,33765.78
PO001261,W027,SUP0037,2026-01-01,Home & Kitchen,Urgent,301,130333.44
PO001262,W007,SUP0016,2025-08-28,Apparel,Bulk,3759,1179443.03
PO001263,W013,SUP0072,2024-01-29,Home & Kitchen,Standard,302,147011.9
PO001264,W007,SUP0063,2024-03-31,Apparel,Standard,584,201683.63
PO001265,W007,SUP0055,2025-10-25,Grocery,Bulk,4140,261569.75
PO001266,W018,SUP0120,2025-06-27,Home & Kitchen,Standard,495,270648.86
PO001267,W029,SUP0113,2024-03-18,Electronics,Standard,308,704561.88
PO001268,W030,SUP0103,2026-07-30,Stationery,Bulk,2454,102431.65
PO001269,W018,SUP0128,2024-08-15,Electronics,Standard,636,1216987.49
PO001270,W001,SUP0123,2025-06-24,Electronics,Bulk,3691,8599884.07
PO001271,W007,SUP0108,2024-11-03,Personal Care,Urgent,343,52821.88
PO001272,W021,SUP0135,2025-04-27,Apparel,Bulk,3787,1047067.95
PO001273,W029,SUP0020,2025-04-22,Stationery,Standard,1088,56678.66
PO001274,W004,SUP0080,2026-05-24,Home & Kitchen,Bulk,1939,866355.2
PO001275,W027,SUP0124,2025-01-13,Home & Kitchen,Bulk,1411,653617.13
PO001276,W028,SUP0013,2025-08-18,Electronics,Standard,280,727524.15
PO001277,W002,SUP0020,2026-06-24,Electronics,Bulk,3197,7987017.99
PO001278,W029,SUP0060,2024-05-25,Grocery,Bulk,1016,61667.32
PO001279,W019,SUP0076,2026-01-20,Electronics,Standard,1077,2100141.59
PO001280,W027,SUP0043,2025-01-17,Grocery,Standard,578,41093.43
PO001281,W022,SUP0071,2024-09-16,Apparel,Standard,1142,344363.7
PO001282,W022,SUP0065,2025-07-28,Home & Kitchen,Standard,1188,671079.83
PO001283,W028,SUP0095,2025-01-26,Furniture,Standard,87,295731.45
PO001284,W025,SUP0050,2024-01-26,Stationery,Standard,802,31299.74
PO001285,W011,SUP0100,2024-07-26,Grocery,Urgent,354,21463.39
PO001286,W010,SUP0064,2025-08-31,Furniture,Standard,571,1942409.42
PO001287,W030,SUP0027,2024-05-27,Stationery,Urgent,254,11513.14
PO001288,W006,SUP0041,2024-08-29,Stationery,Bulk,4862,247920.73
PO001289,W010,SUP0009,2025-06-14,Electronics,Bulk,4385,10461399.17
PO001290,W004,SUP0011,2025-03-30,Electronics,Urgent,121,234181.52
PO001291,W009,SUP0073,2024-01-26,Apparel,Bulk,970,279735.26
PO001292,W018,SUP0052,2026-08-02,Personal Care,Standard,886,123302.35
PO001293,W005,SUP0023,2025-08-28,Electronics,Standard,239,598614.39
PO001294,W012,SUP0075,2025-07-11,Grocery,Standard,407,26864.39
PO001295,W019,SUP0117,2026-02-11,Grocery,Bulk,3121,160385.14
PO001296,W010,SUP0063,2025-03-17,Grocery,Standard,266,19043.93
PO001297,W025,SUP0119,2024-08-02,Stationery,Urgent,137,5472.55
PO001298,W015,SUP0039,2024-08-16,Grocery,Urgent,77,4451.44
PO001299,W008,SUP0002,2024-11-19,Stationery,Bulk,3795,173310.23
PO001300,W024,SUP0107,2024-06-10,Electronics,Bulk,2010,4587166.04
PO001301,W017,SUP0139,2025-11-26,Home & Kitchen,Standard,1061,451627.65
PO001302,W013,SUP0099,2026-02-03,Grocery,Bulk,1551,81835.6
PO001303,W004,SUP0021,2025-11-23,Personal Care,Standard,1017,139832.08
PO001304,W030,SUP0079,2024-05-20,Home & Kitchen,Standard,431,243165.94
PO001305,W005,SUP0040,2024-10-21,Apparel,Bulk,1808,558307.36
PO001306,W010,SUP0085,2025-01-18,Apparel,Bulk,2439,731096.88
PO001307,W018,SUP0074,2025-12-07,Personal Care,Bulk,4625,763135.01
PO001308,W030,SUP0080,2025-03-23,Apparel,Bulk,1671,492570.24
PO001309,W008,SUP0122,2025-03-27,Personal Care,Standard,195,26130.57
PO001310,W002,SUP0113,2025-05-02,Grocery,Standard,1009,51491.0
PO001311,W023,SUP0146,2024-03-14,Apparel,Standard,434,119361.97
PO001312,W030,SUP0138,2026-07-28,Stationery,Standard,754,33752.28
PO001313,W013,SUP0127,2024-08-02,Electronics,Urgent,297,768528.34
PO001314,W030,SUP0028,2024-07-25,Personal Care,Standard,561,93032.72
PO001315,W008,SUP0087,2026-02-01,Furniture,Standard,124,470069.47
PO001316,W028,SUP0097,2024-01-15,Home & Kitchen,Bulk,1393,574086.52
PO001317,W001,SUP0126,2025-02-03,Stationery,Bulk,4091,179434.76
PO001318,W022,SUP0034,2026-05-08,Furniture,Bulk,4198,13216940.49
PO001319,W028,SUP0125,2024-02-06,Grocery,Bulk,4304,247769.43
PO001320,W007,SUP0030,2024-09-30,Personal Care,Bulk,4335,520068.2
PO001321,W027,SUP0143,2024-12-14,Furniture,Standard,198,808057.04
PO001322,W019,SUP0084,2026-04-14,Personal Care,Standard,278,43829.77
PO001323,W008,SUP0085,2025-10-08,Personal Care,Bulk,1489,196809.15
PO001324,W001,SUP0093,2025-02-02,Grocery,Bulk,4728,336051.24
PO001325,W022,SUP0100,2025-07-06,Personal Care,Standard,715,106372.9
PO001326,W010,SUP0017,2025-12-05,Stationery,Standard,388,20872.21
PO001327,W017,SUP0005,2026-03-04,Home & Kitchen,Urgent,24,10122.99
PO001328,W005,SUP0135,2026-02-07,Grocery,Standard,749,44355.57
PO001329,W001,SUP0140,2026-05-30,Grocery,Standard,312,19190.4
PO001330,W002,SUP0097,2026-04-24,Apparel,Urgent,286,78018.88
PO001331,W020,SUP0073,2024-07-26,Electronics,Standard,972,2343527.26
PO001332,W003,SUP0029,2026-06-27,Grocery,Standard,743,49395.5
PO001333,W008,SUP0031,2025-08-10,Grocery,Bulk,3653,192196.28
PO001334,W019,SUP0148,2024-04-09,Grocery,Standard,1045,54364.43
PO001335,W006,SUP0005,2026-01-04,Grocery,Urgent,36,1991.68
PO001336,W014,SUP0088,2026-01-09,Grocery,Bulk,4835,269677.27
PO001337,W011,SUP0083,2025-08-01,Apparel,Standard,757,218499.64
PO001338,W026,SUP0121,2026-06-04,Electronics,Standard,402,890613.78
PO001339,W011,SUP0078,2025-06-05,Apparel,Bulk,2285,759737.23
PO001340,W007,SUP0124,2025-05-08,Electronics,Bulk,3501,8297938.67
PO001341,W030,SUP0026,2026-03-28,Stationery,Bulk,1537,60569.88
PO001342,W005,SUP0042,2024-08-15,Home & Kitchen,Urgent,30,13051.4
PO001343,W020,SUP0094,2024-06-13,Grocery,Standard,832,56745.9
PO001344,W020,SUP0108,2025-05-10,Grocery,Standard,549,37871.51
PO001345,W009,SUP0018,2024-05-18,Electronics,Standard,713,1413978.7
PO001346,W025,SUP0008,2025-06-01,Personal Care,Urgent,272,41199.26
PO001347,W025,SUP0118,2025-10-27,Grocery,Bulk,4245,275056.71
PO001348,W014,SUP0095,2026-05-02,Personal Care,Bulk,1500,247807.78
PO001349,W008,SUP0107,2025-04-09,Apparel,Standard,704,206012.79
PO001350,W002,SUP0120,2025-07-08,Home & Kitchen,Urgent,337,183292.52
PO001351,W027,SUP0135,2025-06-27,Grocery,Standard,658,34608.24
PO001352,W030,SUP0037,2026-02-26,Grocery,Standard,287,15844.24
PO001353,W007,SUP0105,2026-05-30,Stationery,Bulk,3624,154500.71
PO001354,W008,SUP0117,2024-07-21,Grocery,Urgent,364,21747.07
PO001355,W021,SUP0020,2024-09-16,Electronics,Standard,1135,2283527.74
PO001356,W026,SUP0096,2024-05-19,Furniture,Standard,340,1230029.55
PO001357,W027,SUP0147,2026-05-24,Home & Kitchen,Bulk,4543,2261632.26
PO001358,W025,SUP0086,2024-06-22,Grocery,Standard,850,44724.4
PO001359,W022,SUP0083,2024-12-24,Home & Kitchen,Standard,229,131036.88
PO001360,W020,SUP0022,2024-03-06,Apparel,Standard,104,36139.17
PO001361,W001,SUP0078,2025-08-11,Apparel,Urgent,61,17309.54
PO001362,W015,SUP0111,2025-01-13,Grocery,Urgent,291,20729.74
PO001363,W023,SUP0025,2025-01-18,Stationery,Standard,916,43121.53
PO001364,W008,SUP0019,2026-05-09,Home & Kitchen,Standard,1153,646648.38
PO001365,W006,SUP0075,2026-03-31,Home & Kitchen,Bulk,2950,1580254.52
PO001366,W012,SUP0122,2024-11-15,Grocery,Standard,523,31403.29
PO001367,W017,SUP0090,2025-04-25,Grocery,Urgent,270,18227.91
PO001368,W001,SUP0070,2025-02-26,Home & Kitchen,Urgent,243,131800.84
PO001369,W025,SUP0002,2024-09-27,Home & Kitchen,Bulk,852,411605.89
PO001370,W023,SUP0142,2025-01-01,Apparel,Urgent,103,34158.47
PO001371,W006,SUP0002,2024-11-11,Electronics,Standard,203,390640.1
PO001372,W006,SUP0004,2024-06-24,Apparel,Bulk,4416,1448490.46
PO001373,W005,SUP0096,2025-06-26,Electronics,Urgent,254,478580.2
PO001374,W011,SUP0117,2025-07-26,Grocery,Standard,357,20844.13
PO001375,W030,SUP0012,2024-11-23,Electronics,Standard,60,119090.42
PO001376,W010,SUP0068,2024-07-30,Furniture,Standard,727,2506022.37
PO001377,W030,SUP0141,2026-02-08,Apparel,Urgent,40,13755.74
PO001378,W005,SUP0091,2025-08-31,Personal Care,Standard,123,18978.57
PO001379,W006,SUP0008,2024-05-26,Apparel,Urgent,54,20131.55
PO001380,W015,SUP0136,2024-11-11,Electronics,Urgent,165,356308.95
PO001381,W004,SUP0011,2025-12-15,Electronics,Standard,526,1073797.31
PO001382,W002,SUP0148,2024-10-04,Grocery,Urgent,300,16028.13
PO001383,W022,SUP0068,2024-08-03,Apparel,Bulk,3894,1279642.62
PO001384,W009,SUP0039,2025-12-07,Home & Kitchen,Bulk,1460,783585.8
PO001385,W023,SUP0143,2024-04-12,Electronics,Bulk,4363,8422369.37
PO001386,W006,SUP0044,2026-06-16,Apparel,Standard,358,133950.51
PO001387,W008,SUP0131,2024-05-09,Grocery,Standard,462,29129.21
PO001388,W028,SUP0074,2026-06-02,Home & Kitchen,Standard,595,289600.09
PO001389,W018,SUP0008,2024-04-20,Electronics,Urgent,391,949011.95
PO001390,W003,SUP0080,2025-06-05,Personal Care,Standard,267,44251.77
PO001391,W012,SUP0069,2025-08-31,Personal Care,Standard,387,63349.1
PO001392,W002,SUP0033,2025-10-21,Grocery,Standard,992,53376.99
PO001393,W001,SUP0130,2024-01-10,Grocery,Urgent,295,17180.49
PO001394,W018,SUP0044,2024-10-19,Personal Care,Bulk,3100,518507.48
PO001395,W002,SUP0073,2024-03-11,Grocery,Standard,369,20807.57
PO001396,W005,SUP0050,2026-01-31,Furniture,Standard,555,1995252.54
PO001397,W001,SUP0062,2024-08-09,Furniture,Standard,264,886949.3
PO001398,W002,SUP0023,2024-11-27,Apparel,Bulk,2024,585262.21
PO001399,W013,SUP0076,2025-02-16,Grocery,Urgent,68,3561.12
PO001400,W004,SUP0109,2024-03-26,Apparel,Bulk,2329,826606.99
PO001401,W008,SUP0142,2024-04-17,Grocery,Standard,226,14623.35
PO001402,W012,SUP0131,2026-03-01,Electronics,Bulk,3406,6625900.8
PO001403,W005,SUP0003,2025-12-15,Grocery,Standard,1154,71178.07
PO001404,W003,SUP0008,2025-04-30,Apparel,Standard,720,203399.48
PO001405,W004,SUP0009,2024-12-01,Home & Kitchen,Standard,267,124071.61
PO001406,W030,SUP0013,2024-08-29,Grocery,Urgent,44,3139.13
PO001407,W009,SUP0122,2025-04-04,Grocery,Bulk,4372,310781.38
PO001408,W013,SUP0028,2024-09-06,Apparel,Standard,492,171975.04
PO001409,W025,SUP0113,2024-01-05,Home & Kitchen,Urgent,373,152826.72
PO001410,W026,SUP0107,2024-01-11,Grocery,Standard,591,32740.11
PO001411,W023,SUP0050,2026-07-28,Grocery,Bulk,2458,154380.93
PO001412,W028,SUP0019,2025-09-15,Personal Care,Standard,450,67083.51
PO001413,W016,SUP0031,2026-02-28,Apparel,Standard,256,76014.43
PO001414,W004,SUP0117,2025-10-30,Grocery,Urgent,167,9396.81
PO001415,W019,SUP0016,2025-10-09,Apparel,Standard,116,39100.33
PO001416,W013,SUP0075,2024-09-01,Grocery,Standard,168,9868.12
PO001417,W027,SUP0091,2025-03-20,Apparel,Standard,916,267738.71
PO001418,W006,SUP0116,2025-08-19,Personal Care,Urgent,26,4002.32
PO001419,W022,SUP0004,2024-01-21,Furniture,Standard,1143,4239182.93
PO001420,W001,SUP0117,2026-04-20,Furniture,Bulk,1259,4190814.78
PO001421,W010,SUP0142,2024-09-19,Grocery,Standard,507,29957.13
PO001422,W009,SUP0124,2026-04-12,Apparel,Standard,569,163469.04
PO001423,W002,SUP0112,2024-11-04,Furniture,Bulk,2531,8488874.54
PO001424,W027,SUP0144,2025-08-23,Home & Kitchen,Standard,664,308495.77
PO001425,W027,SUP0055,2025-03-28,Grocery,Standard,824,48339.85
PO001426,W006,SUP0112,2026-03-16,Grocery,Standard,261,13952.52
PO001427,W023,SUP0044,2025-06-12,Grocery,Standard,1051,74000.61
PO001428,W029,SUP0106,2025-07-21,Home & Kitchen,Standard,86,42565.55
PO001429,W018,SUP0132,2025-10-10,Grocery,Standard,1048,62100.05
PO001430,W010,SUP0143,2024-11-25,Electronics,Standard,89,201326.89
PO001431,W022,SUP0150,2025-05-02,Electronics,Standard,378,732265.33
PO001432,W011,SUP0075,2024-02-01,Electronics,Standard,258,612071.82
PO001433,W018,SUP0112,2025-05-27,Grocery,Standard,1115,76427.22
PO001434,W022,SUP0136,2025-09-08,Grocery,Standard,232,14486.95
PO001435,W007,SUP0150,2024-06-17,Grocery,Bulk,1217,68933.03
PO001436,W022,SUP0023,2026-04-09,Electronics,Urgent,113,286632.08
PO001437,W015,SUP0083,2025-12-22,Electronics,Standard,1191,3003201.11
PO001438,W019,SUP0071,2026-03-05,Home & Kitchen,Bulk,1361,694371.05
PO001439,W007,SUP0033,2024-12-01,Grocery,Standard,355,24807.93
PO001440,W025,SUP0136,2025-12-28,Grocery,Urgent,350,19438.11
PO001441,W004,SUP0074,2024-05-25,Personal Care,Standard,1161,159698.85
PO001442,W014,SUP0144,2025-01-03,Apparel,Standard,404,145537.95
PO001443,W016,SUP0074,2026-05-04,Apparel,Bulk,4535,1508028.31
PO001444,W001,SUP0091,2024-09-18,Home & Kitchen,Urgent,255,128192.58
PO001445,W027,SUP0129,2026-07-29,Apparel,Urgent,136,39433.4
PO001446,W017,SUP0020,2024-10-30,Apparel,Urgent,54,19300.16
PO001447,W001,SUP0069,2025-05-04,Stationery,Standard,675,26948.3
PO001448,W027,SUP0123,2024-04-07,Apparel,Bulk,3127,867377.7
PO001449,W023,SUP0068,2025-12-21,Stationery,Standard,475,22072.55
PO001450,W029,SUP0118,2024-07-06,Grocery,Standard,684,39088.6
PO001451,W022,SUP0083,2024-04-27,Apparel,Standard,1002,327811.02
PO001452,W015,SUP0085,2025-07-02,Stationery,Urgent,365,15982.19
PO001453,W026,SUP0040,2024-02-10,Grocery,Standard,197,12751.75
PO001454,W009,SUP0040,2024-06-11,Apparel,Standard,948,343298.4
PO001455,W012,SUP0105,2025-10-28,Grocery,Bulk,2690,153847.4
PO001456,W009,SUP0081,2026-04-12,Apparel,Bulk,2327,699283.19
PO001457,W009,SUP0035,2025-02-24,Electronics,Urgent,312,748152.99
PO001458,W030,SUP0131,2025-05-16,Apparel,Standard,970,271423.78
PO001459,W015,SUP0124,2025-01-01,Grocery,Standard,176,10814.2
PO001460,W015,SUP0119,2024-09-21,Personal Care,Bulk,999,135572.17
PO001461,W010,SUP0143,2025-10-01,Furniture,Bulk,2765,10270939.85
PO001462,W009,SUP0139,2024-07-26,Grocery,Standard,202,12594.35
PO001463,W006,SUP0049,2025-07-14,Stationery,Bulk,3480,185413.86
PO001464,W030,SUP0039,2026-05-25,Stationery,Standard,551,21673.09
PO001465,W024,SUP0072,2025-12-10,Home & Kitchen,Standard,920,423330.84
PO001466,W014,SUP0096,2025-01-13,Apparel,Bulk,4966,1532391.41
PO001467,W019,SUP0126,2024-01-09,Personal Care,Urgent,393,59380.74
PO001468,W027,SUP0123,2024-03-17,Apparel,Standard,795,260794.21
PO001469,W010,SUP0047,2024-01-15,Grocery,Urgent,51,2942.09
PO001470,W007,SUP0124,2025-06-10,Home & Kitchen,Standard,807,441248.83
PO001471,W014,SUP0024,2026-03-20,Grocery,Standard,434,27124.18
PO001472,W013,SUP0116,2026-04-24,Furniture,Bulk,1961,7918009.99
PO001473,W027,SUP0010,2024-03-11,Electronics,Bulk,2138,4476592.92
PO001474,W028,SUP0150,2025-07-05,Grocery,Standard,721,47803.25
PO001475,W027,SUP0043,2025-08-15,Stationery,Standard,845,37183.88
PO001476,W023,SUP0117,2024-03-11,Apparel,Urgent,245,81652.0
PO001477,W016,SUP0111,2026-04-18,Stationery,Standard,1126,55314.4
PO001478,W005,SUP0080,2024-05-24,Grocery,Standard,224,15181.01
PO001479,W030,SUP0150,2025-03-18,Grocery,Standard,331,22838.96
PO001480,W027,SUP0124,2025-12-22,Grocery,Urgent,94,6481.2
PO001481,W016,SUP0100,2025-10-23,Apparel,Bulk,4065,1430097.32
PO001482,W025,SUP0055,2024-11-30,Electronics,Standard,624,1196295.59
PO001483,W029,SUP0131,2025-06-09,Grocery,Standard,1173,82558.01
PO001484,W008,SUP0015,2024-07-17,Home & Kitchen,Standard,796,349037.21
PO001485,W018,SUP0002,2024-11-03,Furniture,Standard,1148,4165457.2
PO001486,W030,SUP0034,2024-10-14,Furniture,Standard,726,2419102.6
PO001487,W006,SUP0097,2025-04-12,Apparel,Standard,928,296261.38
PO001488,W004,SUP0063,2024-10-29,Grocery,Standard,426,27209.15
PO001489,W030,SUP0101,2026-06-26,Home & Kitchen,Standard,529,286902.66
PO001490,W028,SUP0102,2026-05-04,Grocery,Standard,564,29756.97
PO001491,W001,SUP0148,2024-03-15,Home & Kitchen,Standard,1163,560653.01
PO001492,W018,SUP0144,2024-04-03,Personal Care,Standard,814,101531.62
PO001493,W021,SUP0142,2024-03-16,Grocery,Bulk,3556,204580.47
PO001494,W023,SUP0131,2025-06-09,Stationery,Standard,313,12290.3
PO001495,W019,SUP0106,2026-06-24,Apparel,Bulk,4234,1599557.85
PO001496,W018,SUP0137,2026-05-08,Apparel,Bulk,2072,790060.45
PO001497,W019,SUP0117,2026-06-13,Electronics,Standard,692,1526528.05
PO001498,W020,SUP0072,2025-03-11,Apparel,Urgent,272,82354.51
PO001499,W002,SUP0012,2024-05-04,Electronics,Standard,652,1634604.27
PO001500,W005,SUP0091,2025-10-29,Grocery,Bulk,2212,151529.75
PO001501,W007,SUP0020,2024-06-08,Apparel,Standard,213,61657.81
PO001502,W030,SUP0028,2025-06-19,Personal Care,Urgent,212,27153.85
PO001503,W014,SUP0086,2024-11-08,Grocery,Standard,494,31770.67
PO001504,W019,SUP0139,2024-02-02,Apparel,Bulk,4945,1620240.79
PO001505,W030,SUP0005,2024-04-25,Apparel,Standard,851,298538.04
PO001506,W002,SUP0087,2024-02-08,Apparel,Standard,138,43506.94
PO001507,W005,SUP0119,2025-12-27,Apparel,Standard,632,238434.36
PO001508,W007,SUP0045,2026-03-02,Stationery,Bulk,3600,190437.07
PO001509,W029,SUP0080,2024-02-25,Apparel,Standard,118,33869.79
PO001510,W024,SUP0051,2026-05-27,Grocery,Urgent,28,1656.61
PO001511,W003,SUP0096,2026-05-03,Grocery,Urgent,333,17770.53
PO001512,W001,SUP0072,2025-07-28,Home & Kitchen,Standard,76,36238.34
PO001513,W004,SUP0086,2026-03-19,Apparel,Bulk,844,249793.9
PO001514,W029,SUP0040,2025-05-02,Grocery,Standard,203,12852.5
PO001515,W012,SUP0016,2026-01-04,Grocery,Urgent,108,6393.26
PO001516,W027,SUP0060,2025-05-08,Home & Kitchen,Urgent,314,143692.83
PO001517,W027,SUP0007,2025-05-02,Electronics,Bulk,2452,5079028.01
PO001518,W030,SUP0072,2026-07-18,Grocery,Standard,349,20277.68
PO001519,W017,SUP0036,2026-04-21,Grocery,Standard,980,69148.14
PO001520,W006,SUP0050,2024-10-25,Personal Care,Urgent,296,44233.53
PO001521,W015,SUP0032,2024-08-09,Grocery,Standard,1001,63773.75
PO001522,W028,SUP0056,2025-07-05,Grocery,Bulk,2343,124037.99
PO001523,W030,SUP0084,2025-01-18,Personal Care,Urgent,230,36269.64
PO001524,W011,SUP0122,2024-05-04,Apparel,Bulk,4657,1324425.54
PO001525,W015,SUP0063,2025-03-02,Apparel,Standard,278,99888.04
PO001526,W027,SUP0131,2025-03-29,Furniture,Bulk,4948,17655638.46
PO001527,W011,SUP0111,2025-01-16,Grocery,Standard,1154,77130.81
PO001528,W006,SUP0018,2025-12-10,Furniture,Standard,1006,3987558.34
PO001529,W007,SUP0021,2025-05-06,Grocery,Standard,473,27456.03
PO001530,W014,SUP0002,2025-06-10,Stationery,Standard,899,38665.09
PO001531,W006,SUP0129,2026-06-06,Apparel,Standard,867,257538.38
PO001532,W025,SUP0001,2025-09-04,Apparel,Standard,1060,379879.47
PO001533,W022,SUP0092,2024-08-07,Stationery,Standard,1167,49948.18
PO001534,W030,SUP0121,2024-06-18,Grocery,Standard,470,27484.47
PO001535,W025,SUP0016,2024-12-18,Apparel,Standard,606,227121.04
PO001536,W013,SUP0001,2025-03-25,Grocery,Standard,960,60223.58
PO001537,W005,SUP0075,2026-05-05,Apparel,Standard,1114,304282.25
PO001538,W006,SUP0035,2025-09-05,Grocery,Standard,683,42721.95
PO001539,W028,SUP0007,2025-09-20,Furniture,Urgent,113,393189.59
PO001540,W020,SUP0063,2024-03-28,Home & Kitchen,Bulk,1012,502958.39
PO001541,W002,SUP0072,2024-02-08,Electronics,Standard,1096,2521861.95
PO001542,W015,SUP0064,2026-02-01,Grocery,Standard,190,12158.67
PO001543,W025,SUP0134,2025-01-19,Grocery,Standard,361,19687.57
PO001544,W027,SUP0042,2026-05-08,Personal Care,Standard,801,131145.92
PO001545,W027,SUP0118,2025-07-27,Grocery,Bulk,2146,112758.29
PO001546,W029,SUP0018,2025-12-14,Personal Care,Standard,590,70412.98
PO001547,W015,SUP0065,2024-05-06,Grocery,Standard,1084,66009.01
PO001548,W022,SUP0069,2024-12-20,Apparel,Standard,1096,401656.07
PO001549,W001,SUP0111,2024-06-24,Apparel,Standard,531,178032.68
PO001550,W022,SUP0065,2025-06-23,Grocery,Standard,302,16797.93
PO001551,W015,SUP0135,2024-07-19,Electronics,Standard,188,462684.63
PO001552,W005,SUP0134,2025-08-09,Stationery,Standard,787,40603.5
PO001553,W006,SUP0003,2025-06-03,Electronics,Bulk,3826,8900182.44
PO001554,W023,SUP0032,2025-08-21,Grocery,Standard,82,4439.17
PO001555,W006,SUP0136,2026-04-14,Apparel,Urgent,188,51272.05
PO001556,W009,SUP0101,2025-06-10,Apparel,Urgent,57,21855.67
PO001557,W010,SUP0033,2024-06-08,Grocery,Urgent,152,9310.17
PO001558,W025,SUP0038,2024-06-14,Grocery,Bulk,3478,231961.32
PO001559,W005,SUP0110,2024-01-04,Home & Kitchen,Standard,1184,632894.09
PO001560,W001,SUP0142,2026-01-17,Home & Kitchen,Standard,1112,633189.42
PO001561,W005,SUP0035,2025-04-26,Home & Kitchen,Standard,1188,608966.98
PO001562,W023,SUP0136,2024-03-15,Grocery,Standard,317,18193.12
PO001563,W001,SUP0087,2025-12-29,Grocery,Standard,93,4880.4
PO001564,W017,SUP0106,2026-05-06,Grocery,Standard,1155,75558.67
PO001565,W015,SUP0023,2025-04-21,Electronics,Bulk,3153,7287851.21
PO001566,W010,SUP0146,2026-01-22,Apparel,Bulk,4586,1513354.35
PO001567,W009,SUP0060,2025-07-05,Grocery,Standard,374,25719.21
PO001568,W017,SUP0031,2025-12-15,Grocery,Standard,420,27297.99
PO001569,W001,SUP0020,2024-01-08,Furniture,Standard,944,3046269.05
PO001570,W008,SUP0003,2025-04-23,Grocery,Standard,981,67008.13
PO001571,W012,SUP0090,2024-02-03,Electronics,Urgent,230,583843.13
PO001572,W004,SUP0022,2024-09-20,Apparel,Standard,1135,365969.47
PO001573,W016,SUP0065,2025-07-11,Electronics,Standard,229,429069.53
PO001574,W008,SUP0080,2024-09-27,Electronics,Standard,561,1290708.11
PO001575,W001,SUP0024,2025-10-18,Home & Kitchen,Standard,701,384284.54
PO001576,W003,SUP0034,2026-07-12,Grocery,Bulk,1200,75838.24
PO001577,W009,SUP0017,2025-12-08,Personal Care,Standard,715,113285.96
PO001578,W022,SUP0142,2025-03-25,Apparel,Standard,543,203381.28
PO001579,W027,SUP0041,2024-03-22,Grocery,Standard,971,63125.11
PO001580,W015,SUP0122,2025-01-05,Furniture,Standard,696,2711778.78
PO001581,W001,SUP0085,2026-01-14,Stationery,Urgent,218,10095.48
PO001582,W019,SUP0144,2025-09-08,Grocery,Bulk,3039,196910.06
PO001583,W029,SUP0088,2026-05-23,Electronics,Urgent,372,730018.99
PO001584,W001,SUP0013,2025-12-04,Stationery,Urgent,279,14895.86
PO001585,W009,SUP0083,2026-05-25,Grocery,Urgent,391,26317.51
PO001586,W001,SUP0022,2025-11-20,Personal Care,Standard,600,88232.08
PO001587,W018,SUP0115,2025-02-10,Electronics,Standard,960,2003762.69
PO001588,W002,SUP0061,2024-10-08,Furniture,Urgent,296,1188581.18
PO001589,W030,SUP0006,2026-07-30,Grocery,Urgent,28,1959.66
PO001590,W011,SUP0033,2026-06-03,Apparel,Standard,639,195542.9
PO001591,W020,SUP0001,2024-07-05,Personal Care,Standard,81,12022.97
PO001592,W009,SUP0005,2026-05-10,Apparel,Urgent,99,36053.01
PO001593,W009,SUP0136,2025-06-04,Electronics,Standard,300,722456.98
PO001594,W001,SUP0045,2026-06-11,Personal Care,Bulk,849,125891.48
PO001595,W027,SUP0022,2025-05-19,Personal Care,Urgent,173,21522.04
PO001596,W006,SUP0071,2025-02-14,Grocery,Standard,796,44295.66
PO001597,W006,SUP0047,2026-07-26,Personal Care,Urgent,319,39437.0
PO001598,W009,SUP0075,2025-10-23,Personal Care,Bulk,2920,443689.06
PO001599,W005,SUP0036,2024-08-25,Electronics,Bulk,3666,9314915.42
PO001600,W008,SUP0044,2025-10-07,Home & Kitchen,Bulk,1911,799238.52
PO001601,W007,SUP0042,2026-06-26,Home & Kitchen,Bulk,2202,1116869.05
PO001602,W030,SUP0041,2025-05-19,Personal Care,Urgent,155,20554.27
PO001603,W028,SUP0089,2025-06-12,Personal Care,Standard,851,122986.4
PO001604,W007,SUP0095,2026-06-10,Personal Care,Standard,1132,162901.83
PO001605,W027,SUP0088,2025-08-20,Home & Kitchen,Standard,1093,621578.42
PO001606,W001,SUP0065,2025-04-13,Furniture,Standard,139,529317.32
PO001607,W018,SUP0094,2024-05-02,Personal Care,Standard,636,86720.8
PO001608,W027,SUP0141,2025-11-25,Stationery,Standard,551,27446.27
PO001609,W005,SUP0143,2025-01-15,Apparel,Standard,698,202334.19
PO001610,W004,SUP0024,2025-10-06,Electronics,Bulk,4779,12165472.49
PO001611,W026,SUP0075,2026-04-03,Personal Care,Urgent,262,41530.72
PO001612,W021,SUP0124,2025-03-01,Apparel,Standard,898,334189.06
PO001613,W030,SUP0098,2026-07-27,Apparel,Standard,806,231870.19
PO001614,W004,SUP0036,2024-02-27,Grocery,Standard,413,26833.01
PO001615,W004,SUP0056,2026-07-14,Grocery,Urgent,230,12819.35
PO001616,W001,SUP0061,2024-11-21,Home & Kitchen,Standard,98,53676.15
PO001617,W008,SUP0126,2024-08-02,Personal Care,Bulk,2907,474070.74
PO001618,W001,SUP0065,2024-09-12,Home & Kitchen,Standard,91,45512.01
PO001619,W019,SUP0133,2024-02-22,Grocery,Bulk,1686,107879.79
PO001620,W002,SUP0060,2025-10-21,Grocery,Bulk,1791,98100.4
PO001621,W013,SUP0054,2024-09-04,Grocery,Bulk,1164,64551.73
PO001622,W015,SUP0040,2026-05-22,Grocery,Bulk,1217,69369.64
PO001623,W002,SUP0037,2024-03-09,Grocery,Standard,830,53163.36
PO001624,W023,SUP0060,2024-11-05,Grocery,Bulk,4957,282673.91
PO001625,W030,SUP0091,2026-06-29,Electronics,Standard,252,577980.12
PO001626,W010,SUP0136,2024-05-09,Apparel,Bulk,2128,668609.17
PO001627,W015,SUP0007,2025-10-21,Personal Care,Urgent,78,9873.88
PO001628,W010,SUP0020,2026-01-13,Personal Care,Urgent,393,51719.13
PO001629,W030,SUP0090,2026-02-21,Apparel,Bulk,696,204690.71
PO001630,W027,SUP0116,2024-02-13,Apparel,Standard,977,266759.43
PO001631,W030,SUP0047,2026-05-08,Personal Care,Urgent,285,35718.98
PO001632,W010,SUP0102,2025-03-03,Furniture,Urgent,284,1004144.94
PO001633,W008,SUP0043,2025-05-16,Stationery,Standard,1066,47723.35
PO001634,W001,SUP0127,2024-12-09,Personal Care,Standard,688,108770.63
PO001635,W001,SUP0005,2024-08-08,Furniture,Standard,1102,3447860.65
PO001636,W030,SUP0055,2025-06-12,Grocery,Standard,843,51003.01
PO001637,W018,SUP0106,2026-07-28,Stationery,Urgent,354,14057.07
PO001638,W013,SUP0114,2026-05-14,Grocery,Urgent,227,15609.35
PO001639,W004,SUP0128,2024-11-07,Home & Kitchen,Bulk,1597,869232.59
PO001640,W030,SUP0101,2024-05-28,Apparel,Urgent,117,44038.91
PO001641,W001,SUP0062,2024-09-28,Home & Kitchen,Urgent,361,183615.12
PO001642,W021,SUP0102,2025-05-13,Stationery,Standard,870,45741.73
PO001643,W019,SUP0004,2024-04-01,Electronics,Standard,699,1594639.17
PO001644,W024,SUP0095,2024-03-16,Electronics,Urgent,62,157347.14
PO001645,W025,SUP0122,2024-06-25,Furniture,Urgent,79,296544.69
PO001646,W022,SUP0034,2026-02-12,Stationery,Standard,477,24294.11
PO001647,W017,SUP0137,2024-06-30,Grocery,Standard,768,54277.42
PO001648,W012,SUP0126,2025-07-25,Grocery,Standard,50,2633.0
PO001649,W027,SUP0026,2024-05-08,Grocery,Standard,432,23070.27
PO001650,W003,SUP0101,2024-11-02,Apparel,Standard,540,148722.64
PO001651,W007,SUP0137,2024-04-23,Grocery,Standard,133,7040.61
PO001652,W026,SUP0063,2025-05-05,Home & Kitchen,Bulk,892,454262.99
PO001653,W028,SUP0089,2024-03-21,Grocery,Urgent,33,2221.91
PO001654,W022,SUP0081,2024-04-24,Grocery,Standard,566,37269.73
PO001655,W001,SUP0074,2025-09-10,Apparel,Urgent,173,57260.8
PO001656,W027,SUP0106,2025-01-22,Grocery,Standard,911,48969.15
PO001657,W030,SUP0042,2024-04-18,Electronics,Standard,623,1554691.33
PO001658,W013,SUP0023,2026-01-24,Grocery,Standard,458,25703.43
PO001659,W010,SUP0047,2024-08-24,Grocery,Standard,408,23457.29
PO001660,W009,SUP0127,2026-08-09,Home & Kitchen,Standard,237,100661.54
PO001661,W019,SUP0099,2024-12-24,Stationery,Urgent,54,2865.73
PO001662,W004,SUP0102,2025-04-03,Personal Care,Standard,436,68566.02
PO001663,W003,SUP0022,2025-10-25,Electronics,Standard,70,135390.79
PO001664,W030,SUP0009,2025-06-19,Electronics,Standard,906,1819169.72
PO001665,W015,SUP0108,2025-08-04,Electronics,Standard,431,1078016.08
PO001666,W015,SUP0130,2026-02-10,Home & Kitchen,Standard,906,514167.24
PO001667,W008,SUP0050,2025-09-30,Grocery,Standard,622,41932.68
PO001668,W001,SUP0126,2026-08-06,Furniture,Standard,1040,3811350.93
PO001669,W001,SUP0120,2026-07-08,Personal Care,Bulk,4173,597314.28
PO001670,W001,SUP0038,2024-01-06,Apparel,Standard,137,43420.01
PO001671,W023,SUP0006,2024-12-13,Grocery,Urgent,95,6804.86
PO001672,W026,SUP0107,2025-06-23,Electronics,Bulk,1698,3863138.07
PO001673,W030,SUP0037,2025-07-31,Electronics,Bulk,4476,9523178.5
PO001674,W030,SUP0060,2026-02-11,Furniture,Urgent,375,1132342.11
PO001675,W004,SUP0038,2024-08-05,Grocery,Standard,177,9364.49
PO001676,W001,SUP0050,2026-08-07,Stationery,Standard,326,16851.81
PO001677,W022,SUP0006,2025-01-05,Grocery,Urgent,136,8623.98
PO001678,W007,SUP0138,2025-10-03,Home & Kitchen,Bulk,611,305244.64
PO001679,W029,SUP0138,2025-05-23,Apparel,Standard,72,25218.61
PO001680,W015,SUP0028,2025-02-20,Apparel,Standard,746,260713.62
PO001681,W012,SUP0145,2024-07-04,Personal Care,Bulk,4529,619218.35
PO001682,W012,SUP0132,2026-07-24,Furniture,Standard,76,289386.79
PO001683,W008,SUP0038,2024-04-28,Apparel,Bulk,3825,1278658.21
PO001684,W018,SUP0048,2024-03-14,Grocery,Bulk,4752,303093.01
PO001685,W005,SUP0123,2025-09-21,Furniture,Standard,444,1469447.11
PO001686,W030,SUP0146,2025-01-10,Stationery,Standard,595,30077.56
PO001687,W027,SUP0122,2025-02-25,Electronics,Bulk,654,1718837.43
PO001688,W027,SUP0142,2024-03-31,Electronics,Bulk,1337,2701415.81
PO001689,W030,SUP0081,2025-08-08,Furniture,Bulk,914,3571106.19
PO001690,W022,SUP0113,2025-03-07,Grocery,Standard,547,32715.15
PO001691,W029,SUP0100,2026-01-05,Apparel,Standard,324,90522.98
PO001692,W024,SUP0079,2026-08-06,Stationery,Bulk,701,37426.85
PO001693,W014,SUP0096,2025-04-03,Grocery,Standard,441,25298.35
PO001694,W001,SUP0124,2025-04-22,Apparel,Standard,455,150748.95
PO001695,W015,SUP0129,2024-11-18,Stationery,Bulk,538,21001.14
PO001696,W017,SUP0101,2025-05-12,Grocery,Urgent,110,6606.75
PO001697,W024,SUP0029,2026-05-08,Grocery,Standard,449,28364.38
PO001698,W027,SUP0127,2025-09-01,Apparel,Bulk,3268,1015380.56
PO001699,W020,SUP0035,2024-10-08,Furniture,Standard,173,654874.96
PO001700,W002,SUP0006,2025-06-08,Home & Kitchen,Urgent,325,152121.52
PO001701,W002,SUP0073,2024-06-04,Grocery,Urgent,251,15274.45
PO001702,W027,SUP0052,2024-01-10,Apparel,Standard,587,182051.72
PO001703,W028,SUP0064,2025-01-01,Home & Kitchen,Urgent,301,144890.69
PO001704,W011,SUP0019,2025-04-07,Home & Kitchen,Standard,738,397636.24
PO001705,W001,SUP0030,2026-06-24,Electronics,Bulk,2264,4584708.41
PO001706,W002,SUP0053,2024-06-27,Home & Kitchen,Bulk,3201,1553589.46
PO001707,W002,SUP0014,2024-03-05,Home & Kitchen,Standard,337,165215.25
PO001708,W029,SUP0020,2024-05-13,Apparel,Standard,823,284436.26
PO001709,W011,SUP0026,2024-08-08,Apparel,Standard,173,61763.2
PO001710,W014,SUP0141,2026-02-02,Home & Kitchen,Urgent,223,124197.5
PO001711,W027,SUP0117,2025-04-03,Grocery,Standard,87,4893.53
PO001712,W006,SUP0018,2024-10-04,Apparel,Standard,1126,366083.67
PO001713,W016,SUP0085,2025-10-15,Grocery,Bulk,1068,63438.74
PO001714,W018,SUP0125,2025-07-21,Apparel,Standard,343,119484.43
PO001715,W012,SUP0053,2026-07-26,Apparel,Standard,292,89875.34
PO001716,W003,SUP0008,2026-07-31,Electronics,Bulk,3701,7077845.63
PO001717,W012,SUP0091,2024-08-15,Personal Care,Standard,1154,178462.76
PO001718,W002,SUP0066,2024-02-03,Home & Kitchen,Standard,700,330476.93
PO001719,W008,SUP0133,2025-11-29,Home & Kitchen,Standard,384,190615.38
PO001720,W011,SUP0059,2025-05-10,Electronics,Bulk,2843,6179786.72
PO001721,W005,SUP0053,2025-09-23,Home & Kitchen,Standard,521,256596.46
PO001722,W030,SUP0064,2026-01-18,Grocery,Bulk,2687,158793.82
PO001723,W023,SUP0009,2025-08-08,Personal Care,Standard,470,69450.27
PO001724,W030,SUP0056,2026-06-10,Electronics,Standard,740,1920696.15
PO001725,W030,SUP0042,2024-05-31,Grocery,Standard,604,42452.86
PO001726,W007,SUP0096,2024-11-26,Home & Kitchen,Standard,616,315775.06
PO001727,W004,SUP0075,2024-03-26,Electronics,Urgent,295,724073.04
PO001728,W030,SUP0007,2026-04-17,Electronics,Bulk,2383,5357690.56
PO001729,W015,SUP0014,2025-09-20,Grocery,Bulk,4154,263113.23
PO001730,W022,SUP0014,2026-01-09,Apparel,Standard,521,168709.07
PO001731,W027,SUP0126,2024-08-06,Home & Kitchen,Standard,603,285627.98
PO001732,W009,SUP0124,2025-09-27,Electronics,Standard,143,308446.68
PO001733,W019,SUP0115,2024-06-10,Stationery,Standard,510,22546.62
PO001734,W008,SUP0144,2025-05-30,Apparel,Standard,1131,419804.59
PO001735,W005,SUP0047,2024-03-14,Home & Kitchen,Standard,942,433385.32
PO001736,W001,SUP0045,2024-05-17,Grocery,Standard,998,66141.43
PO001737,W006,SUP0107,2025-11-29,Stationery,Standard,320,14618.32
PO001738,W006,SUP0142,2024-06-04,Furniture,Bulk,1647,6748865.35
PO001739,W025,SUP0095,2024-06-04,Furniture,Urgent,54,209601.53
PO001740,W015,SUP0117,2024-10-29,Grocery,Urgent,184,10608.55
PO001741,W026,SUP0034,2024-10-26,Home & Kitchen,Bulk,2920,1370921.12
PO001742,W007,SUP0007,2026-02-18,Grocery,Bulk,3719,218178.06
PO001743,W005,SUP0040,2024-08-14,Grocery,Urgent,323,19473.71
PO001744,W018,SUP0147,2024-11-14,Personal Care,Standard,1010,131115.87
PO001745,W006,SUP0047,2024-04-07,Electronics,Standard,787,1929293.48
PO001746,W025,SUP0146,2025-12-22,Personal Care,Standard,1138,188886.37
PO001747,W010,SUP0011,2025-01-17,Grocery,Standard,777,52304.21
PO001748,W007,SUP0021,2024-06-08,Stationery,Standard,643,24754.06
PO001749,W025,SUP0038,2025-01-03,Personal Care,Standard,744,106333.06
PO001750,W005,SUP0095,2024-04-03,Grocery,Urgent,372,22704.35
PO001751,W024,SUP0097,2025-07-29,Grocery,Standard,692,42202.85
PO001752,W010,SUP0091,2025-05-11,Home & Kitchen,Bulk,4420,2051969.24
PO001753,W002,SUP0144,2026-03-06,Grocery,Urgent,213,10888.7
PO001754,W020,SUP0059,2025-12-12,Stationery,Bulk,3622,192794.41
PO001755,W019,SUP0121,2026-05-29,Apparel,Urgent,37,13195.3
PO001756,W002,SUP0067,2024-10-17,Furniture,Standard,488,2048195.28
PO001757,W013,SUP0059,2026-01-10,Electronics,Standard,968,2124080.6
PO001758,W014,SUP0006,2024-04-30,Grocery,Standard,369,24408.4
PO001759,W023,SUP0127,2024-08-10,Home & Kitchen,Standard,795,429556.81
PO001760,W005,SUP0088,2026-04-04,Apparel,Bulk,2447,933165.48
PO001761,W018,SUP0144,2026-07-19,Furniture,Standard,134,461211.99
PO001762,W030,SUP0086,2025-09-03,Personal Care,Urgent,187,25008.74
PO001763,W001,SUP0010,2025-11-25,Grocery,Bulk,4543,287560.87
PO001764,W023,SUP0074,2026-01-31,Stationery,Standard,59,2544.91
PO001765,W009,SUP0119,2024-01-22,Apparel,Urgent,359,113165.93
PO001766,W015,SUP0048,2025-02-03,Electronics,Urgent,145,311653.59
PO001767,W007,SUP0065,2025-03-05,Electronics,Bulk,1759,3847322.16
PO001768,W013,SUP0143,2026-05-18,Home & Kitchen,Standard,213,115194.72
PO001769,W015,SUP0041,2025-07-26,Apparel,Urgent,89,32920.73
PO001770,W029,SUP0118,2025-01-26,Furniture,Bulk,2553,7984047.47
PO001771,W027,SUP0141,2026-01-04,Home & Kitchen,Standard,429,245504.41
PO001772,W030,SUP0042,2026-02-14,Electronics,Urgent,114,217398.51
PO001773,W030,SUP0031,2024-02-23,Electronics,Standard,788,2045484.64
PO001774,W011,SUP0095,2024-07-13,Personal Care,Standard,114,16837.17
PO001775,W026,SUP0116,2024-03-19,Apparel,Urgent,370,132484.77
PO001776,W028,SUP0017,2025-11-21,Furniture,Standard,909,3390549.96
PO001777,W002,SUP0007,2026-05-10,Electronics,Standard,886,2063695.52
PO001778,W024,SUP0002,2024-01-10,Personal Care,Standard,319,45467.54
PO001779,W018,SUP0027,2024-08-07,Electronics,Standard,126,312705.48
PO001780,W005,SUP0016,2025-07-24,Grocery,Standard,402,24320.6
PO001781,W020,SUP0089,2024-03-06,Electronics,Urgent,201,497701.55
PO001782,W022,SUP0002,2025-07-01,Grocery,Standard,1070,70833.54
PO001783,W021,SUP0004,2024-05-17,Personal Care,Standard,737,90069.24
PO001784,W001,SUP0103,2026-08-05,Grocery,Standard,874,52090.26
PO001785,W029,SUP0014,2024-02-27,Stationery,Bulk,783,41167.49
PO001786,W009,SUP0073,2026-02-10,Stationery,Standard,696,32222.32
PO001787,W027,SUP0139,2025-11-02,Stationery,Bulk,2965,155057.84
PO001788,W004,SUP0036,2025-07-30,Home & Kitchen,Bulk,3322,1543000.94
PO001789,W019,SUP0005,2026-06-09,Electronics,Standard,776,1998102.61
PO001790,W001,SUP0140,2026-01-12,Grocery,Standard,631,33633.43
PO001791,W017,SUP0029,2025-09-02,Personal Care,Standard,1046,157438.25
PO001792,W021,SUP0060,2024-09-02,Home & Kitchen,Urgent,133,65064.41
PO001793,W010,SUP0024,2025-07-27,Electronics,Standard,622,1351801.53
PO001794,W024,SUP0008,2025-04-13,Home & Kitchen,Urgent,340,193034.19
PO001795,W014,SUP0056,2025-05-29,Personal Care,Standard,667,96507.28
PO001796,W001,SUP0142,2025-08-16,Grocery,Urgent,283,16798.98
PO001797,W001,SUP0013,2026-01-08,Apparel,Bulk,4563,1369360.42
PO001798,W001,SUP0097,2025-09-04,Home & Kitchen,Bulk,2544,1248857.35
PO001799,W009,SUP0080,2025-01-05,Furniture,Bulk,1098,3424637.58
PO001800,W030,SUP0063,2024-04-11,Stationery,Bulk,4236,189479.28
PO001801,W009,SUP0007,2025-07-01,Furniture,Standard,1148,4624982.78
PO001802,W027,SUP0099,2024-03-31,Apparel,Bulk,1332,484419.58
PO001803,W021,SUP0033,2024-09-15,Apparel,Standard,82,24417.19
PO001804,W023,SUP0086,2024-07-12,Apparel,Standard,304,101634.46
PO001805,W021,SUP0064,2026-01-28,Grocery,Standard,164,8626.08
PO001806,W005,SUP0008,2026-07-30,Grocery,Urgent,132,8828.27
PO001807,W027,SUP0061,2024-04-12,Grocery,Standard,1156,66617.3
PO001808,W012,SUP0011,2025-06-30,Apparel,Standard,1131,403288.6
PO001809,W030,SUP0104,2025-01-09,Grocery,Standard,359,24691.26
PO001810,W001,SUP0072,2024-06-19,Stationery,Bulk,1444,71949.93
PO001811,W002,SUP0104,2026-06-15,Stationery,Urgent,63,2548.93
PO001812,W003,SUP0030,2026-05-06,Personal Care,Standard,351,52090.05
PO001813,W024,SUP0059,2025-07-20,Furniture,Bulk,4075,12288649.02
PO001814,W002,SUP0035,2025-05-16,Personal Care,Standard,572,70856.56
PO001815,W012,SUP0007,2025-12-05,Grocery,Standard,396,22766.41
PO001816,W015,SUP0127,2024-12-26,Home & Kitchen,Standard,222,106759.35
PO001817,W015,SUP0134,2024-04-17,Personal Care,Standard,343,47888.33
PO001818,W008,SUP0057,2025-05-30,Grocery,Standard,656,34490.16
PO001819,W028,SUP0001,2026-07-13,Grocery,Standard,795,54471.26
PO001820,W013,SUP0079,2025-03-15,Grocery,Standard,628,44474.64
PO001821,W005,SUP0081,2026-08-10,Stationery,Urgent,79,3927.62
PO001822,W018,SUP0097,2025-11-01,Furniture,Bulk,3754,14671040.41
PO001823,W002,SUP0047,2024-07-17,Personal Care,Standard,676,98468.3
PO001824,W022,SUP0086,2024-04-18,Electronics,Standard,483,1273452.9
PO001825,W005,SUP0016,2025-11-29,Grocery,Bulk,3336,232620.28
PO001826,W028,SUP0077,2024-11-28,Grocery,Bulk,2957,193493.16
PO001827,W001,SUP0150,2025-10-24,Home & Kitchen,Bulk,1766,906100.47
PO001828,W008,SUP0144,2026-04-21,Grocery,Standard,243,13998.04
PO001829,W005,SUP0074,2026-06-01,Home & Kitchen,Standard,621,295921.44
PO001830,W018,SUP0098,2025-08-31,Apparel,Bulk,2989,1080309.13
PO001831,W011,SUP0020,2026-06-04,Home & Kitchen,Urgent,172,95709.39
PO001832,W013,SUP0076,2026-02-06,Apparel,Bulk,2307,635798.99
PO001833,W013,SUP0133,2025-03-11,Grocery,Urgent,197,10704.57
PO001834,W019,SUP0138,2025-02-18,Personal Care,Bulk,1133,159622.74
PO001835,W006,SUP0088,2025-07-02,Grocery,Urgent,331,23043.25
PO001836,W008,SUP0027,2025-08-01,Furniture,Standard,289,1113864.01
PO001837,W006,SUP0129,2025-01-04,Grocery,Bulk,1413,76967.21
PO001838,W004,SUP0097,2026-07-19,Stationery,Urgent,388,20842.93
PO001839,W020,SUP0026,2026-06-05,Electronics,Urgent,294,762204.53
PO001840,W030,SUP0046,2025-12-13,Home & Kitchen,Standard,887,466793.77
PO001841,W029,SUP0123,2025-01-09,Grocery,Urgent,92,5753.3
PO001842,W030,SUP0113,2025-07-11,Grocery,Urgent,129,7761.48
PO001843,W002,SUP0125,2026-01-16,Grocery,Urgent,349,19234.42
PO001844,W023,SUP0139,2026-02-19,Home & Kitchen,Standard,429,219698.8
PO001845,W001,SUP0133,2025-02-09,Personal Care,Urgent,144,22851.34
PO001846,W027,SUP0013,2025-02-02,Furniture,Standard,1029,3723381.78
PO001847,W027,SUP0059,2026-07-12,Apparel,Standard,267,91149.91
PO001848,W014,SUP0147,2026-03-09,Apparel,Standard,974,318699.86
PO001849,W030,SUP0109,2025-03-08,Grocery,Bulk,3138,173021.79
PO001850,W014,SUP0141,2025-06-01,Grocery,Standard,761,47137.76
PO001851,W017,SUP0121,2026-02-09,Apparel,Standard,708,271733.32
PO001852,W009,SUP0121,2025-08-04,Personal Care,Urgent,379,57591.46
PO001853,W027,SUP0137,2024-05-13,Electronics,Bulk,953,2339030.92
PO001854,W018,SUP0063,2024-10-09,Electronics,Urgent,325,683713.5
PO001855,W015,SUP0055,2024-01-14,Electronics,Standard,743,1836958.02
PO001856,W012,SUP0020,2025-12-12,Grocery,Bulk,2598,142018.04
PO001857,W025,SUP0005,2024-12-23,Stationery,Bulk,707,31137.74
PO001858,W001,SUP0022,2025-08-23,Apparel,Standard,246,90949.53
PO001859,W020,SUP0130,2025-03-12,Electronics,Bulk,4305,9428636.66
PO001860,W001,SUP0074,2024-06-04,Personal Care,Bulk,1802,280287.14
PO001861,W006,SUP0027,2024-02-21,Grocery,Urgent,156,10365.58
PO001862,W001,SUP0016,2025-08-04,Home & Kitchen,Bulk,1206,689146.77
PO001863,W016,SUP0040,2026-06-24,Home & Kitchen,Urgent,152,73717.33
PO001864,W030,SUP0052,2025-08-24,Grocery,Bulk,1574,109986.5
PO001865,W005,SUP0061,2024-08-09,Apparel,Bulk,1899,554039.7
PO001866,W002,SUP0039,2024-01-14,Grocery,Urgent,337,20624.7
PO001867,W016,SUP0004,2025-10-18,Personal Care,Standard,224,31853.59
PO001868,W001,SUP0079,2024-01-22,Personal Care,Urgent,203,25504.95
PO001869,W009,SUP0118,2025-09-02,Grocery,Standard,1042,72212.33
PO001870,W013,SUP0008,2026-04-29,Grocery,Urgent,122,7243.14
PO001871,W001,SUP0091,2025-05-13,Personal Care,Standard,722,120101.31
PO001872,W028,SUP0104,2025-07-04,Personal Care,Standard,272,40271.75
PO001873,W010,SUP0011,2025-09-06,Home & Kitchen,Urgent,386,186323.61
PO001874,W018,SUP0048,2024-04-11,Home & Kitchen,Bulk,1212,688045.99
PO001875,W002,SUP0049,2025-11-01,Stationery,Standard,181,8077.26
PO001876,W030,SUP0140,2024-08-18,Personal Care,Standard,491,72860.28
PO001877,W005,SUP0072,2024-02-25,Grocery,Urgent,129,8965.65
PO001878,W014,SUP0067,2026-02-07,Personal Care,Standard,403,56181.75
PO001879,W002,SUP0047,2025-12-26,Grocery,Urgent,244,15025.13
PO001880,W004,SUP0065,2024-08-30,Personal Care,Standard,1083,138582.69
PO001881,W003,SUP0095,2024-06-30,Electronics,Urgent,138,348282.27
PO001882,W010,SUP0144,2025-04-25,Apparel,Standard,424,148804.52
PO001883,W002,SUP0028,2024-06-08,Grocery,Bulk,1278,86840.49
PO001884,W014,SUP0045,2025-07-12,Grocery,Bulk,2152,149673.87
PO001885,W018,SUP0134,2024-11-22,Personal Care,Standard,201,32570.16
PO001886,W005,SUP0103,2025-09-05,Home & Kitchen,Standard,1000,462405.17
PO001887,W025,SUP0107,2025-12-07,Home & Kitchen,Standard,672,292314.87
PO001888,W001,SUP0050,2024-12-17,Home & Kitchen,Urgent,355,172672.13
PO001889,W018,SUP0088,2026-03-17,Apparel,Bulk,3196,1039380.65
PO001890,W027,SUP0146,2024-03-13,Electronics,Standard,601,1366827.87
PO001891,W019,SUP0095,2025-02-13,Home & Kitchen,Bulk,3889,2031421.98
PO001892,W001,SUP0094,2024-12-17,Personal Care,Standard,947,135385.37
PO001893,W001,SUP0041,2025-03-30,Personal Care,Bulk,696,108338.82
PO001894,W001,SUP0140,2025-04-15,Electronics,Bulk,4873,11008001.72
PO001895,W003,SUP0108,2025-07-27,Grocery,Standard,1142,68772.94
PO001896,W016,SUP0077,2024-02-10,Furniture,Standard,605,2183846.75
PO001897,W030,SUP0099,2026-02-03,Apparel,Standard,400,128563.29
PO001898,W010,SUP0094,2026-04-29,Home & Kitchen,Standard,916,390093.28
PO001899,W026,SUP0062,2024-08-16,Grocery,Standard,1054,73686.05
PO001900,W006,SUP0044,2024-12-18,Grocery,Urgent,339,23104.13
PO001901,W030,SUP0126,2025-07-08,Electronics,Standard,253,566578.38
PO001902,W010,SUP0055,2024-03-11,Grocery,Standard,629,37815.42
PO001903,W005,SUP0102,2025-02-04,Home & Kitchen,Standard,311,162706.71
PO001904,W005,SUP0090,2024-04-25,Grocery,Urgent,186,10510.61
PO001905,W002,SUP0073,2025-06-26,Electronics,Urgent,229,497160.47
PO001906,W002,SUP0045,2024-12-18,Grocery,Urgent,246,14275.35
PO001907,W030,SUP0033,2025-04-22,Apparel,Standard,802,278680.59
PO001908,W024,SUP0099,2025-11-04,Grocery,Standard,602,43269.36
PO001909,W004,SUP0119,2026-02-27,Electronics,Bulk,3593,7662618.57
PO001910,W019,SUP0051,2025-07-18,Grocery,Bulk,2324,158751.58
PO001911,W014,SUP0091,2025-08-03,Electronics,Standard,235,589959.7
PO001912,W001,SUP0048,2025-10-17,Home & Kitchen,Standard,939,503478.56
PO001913,W030,SUP0007,2026-02-10,Electronics,Standard,299,752489.62
PO001914,W006,SUP0009,2025-12-13,Grocery,Standard,81,5671.76
PO001915,W018,SUP0001,2026-03-16,Home & Kitchen,Urgent,172,71495.78
PO001916,W009,SUP0060,2026-06-29,Grocery,Standard,1004,60135.83
PO001917,W015,SUP0144,2024-05-16,Grocery,Standard,563,33826.74
PO001918,W030,SUP0068,2025-09-24,Electronics,Urgent,226,494080.78
PO001919,W025,SUP0092,2024-04-27,Grocery,Standard,1026,62418.86
PO001920,W006,SUP0145,2025-03-28,Electronics,Bulk,504,1128601.21
PO001921,W023,SUP0031,2026-02-14,Grocery,Standard,1019,53234.44
PO001922,W014,SUP0050,2025-06-12,Grocery,Urgent,347,19433.1
PO001923,W006,SUP0112,2025-03-17,Grocery,Standard,260,15637.54
PO001924,W018,SUP0023,2024-08-26,Grocery,Standard,624,35432.64
PO001925,W006,SUP0078,2026-02-01,Apparel,Standard,101,35014.27
PO001926,W027,SUP0113,2024-02-25,Personal Care,Urgent,329,47482.13
PO001927,W008,SUP0144,2024-04-19,Personal Care,Standard,770,103949.08
PO001928,W002,SUP0091,2026-03-02,Apparel,Standard,220,80397.48
PO001929,W027,SUP0030,2025-10-31,Grocery,Standard,894,59980.01
PO001930,W004,SUP0024,2024-05-14,Personal Care,Standard,1144,160161.17
PO001931,W023,SUP0010,2024-06-01,Grocery,Urgent,105,7297.21
PO001932,W027,SUP0063,2024-02-13,Apparel,Urgent,77,25290.47
PO001933,W024,SUP0139,2024-02-06,Personal Care,Bulk,2011,324016.08
PO001934,W030,SUP0132,2026-02-21,Electronics,Urgent,377,771304.74
PO001935,W006,SUP0122,2026-08-01,Stationery,Standard,1006,40180.0
PO001936,W010,SUP0014,2026-04-19,Grocery,Bulk,3221,212816.01
PO001937,W020,SUP0015,2024-08-14,Grocery,Standard,948,53138.81
PO001938,W002,SUP0118,2025-03-26,Grocery,Urgent,375,24931.66
PO001939,W030,SUP0023,2025-12-03,Grocery,Standard,300,18971.74
PO001940,W021,SUP0137,2024-03-24,Grocery,Standard,928,65497.72
PO001941,W022,SUP0058,2026-04-17,Electronics,Bulk,4657,9582248.76
PO001942,W018,SUP0030,2025-08-01,Grocery,Urgent,360,24041.17
PO001943,W015,SUP0073,2025-12-01,Apparel,Standard,820,227165.33
PO001944,W005,SUP0147,2026-03-14,Stationery,Bulk,2971,159758.07
PO001945,W002,SUP0043,2025-03-23,Apparel,Urgent,108,35304.65
PO001946,W006,SUP0137,2025-01-31,Stationery,Standard,939,50266.84
PO001947,W001,SUP0085,2025-01-07,Grocery,Standard,529,30406.42
PO001948,W020,SUP0008,2026-08-09,Grocery,Standard,1011,72187.32
PO001949,W005,SUP0040,2024-11-25,Personal Care,Bulk,2901,367829.52
PO001950,W029,SUP0025,2024-01-27,Home & Kitchen,Standard,1170,636479.14
PO001951,W002,SUP0078,2025-06-24,Stationery,Urgent,153,7151.87
PO001952,W008,SUP0144,2024-09-01,Grocery,Standard,760,43807.32
PO001953,W027,SUP0043,2024-07-08,Stationery,Standard,275,13138.14
PO001954,W020,SUP0114,2024-09-29,Grocery,Bulk,3926,242897.43
PO001955,W012,SUP0064,2026-02-17,Furniture,Standard,968,4043123.4
PO001956,W024,SUP0004,2024-04-19,Electronics,Standard,735,1449981.87
PO001957,W011,SUP0036,2025-01-01,Apparel,Bulk,3623,1280330.33
PO001958,W004,SUP0113,2025-08-09,Apparel,Bulk,2078,599619.72
PO001959,W030,SUP0114,2025-01-07,Apparel,Urgent,254,90968.19
PO001960,W027,SUP0113,2025-06-21,Stationery,Standard,92,3615.34
PO001961,W024,SUP0022,2024-05-08,Apparel,Standard,966,317719.83
PO001962,W007,SUP0042,2024-11-20,Personal Care,Standard,753,109152.62
PO001963,W015,SUP0106,2025-01-08,Personal Care,Standard,1108,185664.66
PO001964,W002,SUP0128,2026-02-05,Electronics,Standard,1150,2587938.53
PO001965,W001,SUP0137,2025-08-17,Grocery,Standard,1194,74003.37
PO001966,W030,SUP0022,2026-01-13,Apparel,Bulk,2485,887942.24
PO001967,W012,SUP0077,2024-08-27,Grocery,Urgent,164,9327.55
PO001968,W006,SUP0009,2025-06-26,Personal Care,Standard,547,79126.41
PO001969,W026,SUP0088,2024-09-07,Electronics,Bulk,2002,4886178.54
PO001970,W016,SUP0061,2024-07-01,Electronics,Standard,764,1665790.93
PO001971,W022,SUP0061,2026-02-20,Electronics,Bulk,2008,3980391.96
PO001972,W002,SUP0112,2025-09-15,Grocery,Standard,540,29112.73
PO001973,W013,SUP0120,2025-07-20,Apparel,Bulk,4446,1316169.86
PO001974,W011,SUP0128,2026-01-19,Grocery,Bulk,1351,88558.35
PO001975,W008,SUP0126,2026-02-17,Apparel,Urgent,386,146731.54
PO001976,W005,SUP0076,2026-07-20,Electronics,Standard,521,1372830.56
PO001977,W027,SUP0061,2024-12-18,Apparel,Standard,419,136947.67
PO001978,W025,SUP0107,2024-05-27,Electronics,Standard,88,193766.08
PO001979,W018,SUP0128,2024-08-06,Electronics,Urgent,152,331093.45
PO001980,W006,SUP0020,2025-05-09,Grocery,Standard,712,41792.25
PO001981,W020,SUP0071,2024-10-29,Stationery,Standard,867,40551.22
PO001982,W011,SUP0019,2024-05-23,Grocery,Bulk,2751,187557.0
PO001983,W001,SUP0143,2026-07-25,Stationery,Standard,512,20633.59
PO001984,W020,SUP0059,2025-10-28,Personal Care,Standard,514,79102.19
PO001985,W022,SUP0038,2024-08-13,Apparel,Standard,161,46306.32
PO001986,W030,SUP0105,2026-03-05,Grocery,Urgent,107,7167.34
PO001987,W027,SUP0102,2025-03-23,Furniture,Standard,335,1128011.66
PO001988,W001,SUP0115,2025-04-13,Electronics,Urgent,208,525362.36
PO001989,W008,SUP0045,2025-02-25,Grocery,Bulk,4046,261221.12
PO001990,W001,SUP0024,2024-02-01,Furniture,Standard,519,1700456.33
PO001991,W001,SUP0018,2026-05-14,Apparel,Bulk,753,220504.12
PO001992,W014,SUP0051,2026-01-02,Home & Kitchen,Bulk,3955,2106480.89
PO001993,W005,SUP0143,2024-12-06,Grocery,Standard,492,28036.64
PO001994,W001,SUP0102,2026-07-11,Grocery,Urgent,366,19746.51
PO001995,W020,SUP0109,2025-03-08,Grocery,Bulk,2690,151016.6
PO001996,W029,SUP0061,2024-01-22,Apparel,Urgent,73,21587.0
PO001997,W027,SUP0144,2024-09-22,Personal Care,Standard,164,25832.47
PO001998,W001,SUP0004,2026-06-12,Electronics,Bulk,4507,10408729.16
PO001999,W008,SUP0074,2024-10-29,Home & Kitchen,Standard,1195,567068.65
PO002000,W001,SUP0117,2025-04-17,Grocery,Urgent,59,3444.76
PO002001,W012,SUP0034,2025-08-22,Home & Kitchen,Bulk,827,379814.27
PO002002,W030,SUP0144,2025-09-11,Grocery,Urgent,80,4718.01
PO002003,W005,SUP0040,2026-05-19,Grocery,Standard,646,44956.37
PO002004,W024,SUP0025,2025-09-14,Personal Care,Standard,290,46914.82
PO002005,W015,SUP0062,2026-08-10,Home & Kitchen,Standard,587,293735.86
PO002006,W016,SUP0106,2025-03-20,Personal Care,Urgent,76,11700.51
PO002007,W027,SUP0080,2026-03-24,Electronics,Urgent,198,426976.62
PO002008,W008,SUP0070,2024-01-20,Apparel,Urgent,232,83185.49
PO002009,W008,SUP0095,2024-08-27,Apparel,Standard,441,153675.53
PO002010,W024,SUP0096,2024-07-06,Apparel,Standard,1116,370994.55
PO002011,W004,SUP0082,2024-08-17,Furniture,Standard,907,2863329.23
PO002012,W002,SUP0058,2025-08-31,Personal Care,Standard,417,68489.91
PO002013,W011,SUP0106,2024-07-25,Home & Kitchen,Standard,769,397133.95
PO002014,W010,SUP0040,2025-08-27,Electronics,Bulk,2836,6568619.51
PO002015,W008,SUP0033,2025-08-25,Apparel,Standard,1054,316854.97
PO002016,W006,SUP0022,2024-11-03,Grocery,Standard,81,4752.04
PO002017,W028,SUP0085,2024-10-02,Grocery,Standard,1177,61355.29
PO002018,W011,SUP0122,2026-05-06,Grocery,Standard,617,42712.5
PO002019,W008,SUP0014,2024-03-30,Home & Kitchen,Urgent,263,144101.76
PO002020,W026,SUP0053,2024-11-12,Personal Care,Standard,62,7550.92
PO002021,W027,SUP0089,2025-09-08,Home & Kitchen,Standard,1126,632247.62
PO002022,W023,SUP0118,2024-12-25,Grocery,Urgent,79,4484.18
PO002023,W030,SUP0074,2026-03-01,Home & Kitchen,Bulk,3707,1798933.5
PO002024,W003,SUP0131,2026-03-20,Apparel,Bulk,4051,1256456.72
PO002025,W013,SUP0116,2024-10-03,Grocery,Standard,617,34853.41
PO002026,W027,SUP0088,2026-07-06,Personal Care,Standard,937,125360.73
PO002027,W030,SUP0003,2024-01-02,Apparel,Urgent,250,94841.3
PO002028,W005,SUP0128,2024-01-21,Electronics,Bulk,4106,9325159.65
PO002029,W025,SUP0050,2025-11-23,Furniture,Bulk,2933,9753447.68
PO002030,W005,SUP0139,2024-04-19,Electronics,Standard,443,1153865.89
PO002031,W011,SUP0054,2025-02-15,Electronics,Standard,804,1839493.0
PO002032,W025,SUP0081,2026-04-03,Grocery,Urgent,35,1919.38
PO002033,W026,SUP0140,2025-03-05,Grocery,Standard,80,4987.1
PO002034,W001,SUP0105,2024-08-09,Apparel,Standard,384,139446.09
PO002035,W006,SUP0025,2026-08-12,Stationery,Standard,219,10251.36
PO002036,W030,SUP0033,2025-02-27,Personal Care,Standard,513,69048.21
PO002037,W018,SUP0004,2026-08-04,Apparel,Bulk,3251,1005445.0
PO002038,W018,SUP0090,2025-02-01,Personal Care,Urgent,285,36879.29
PO002039,W006,SUP0105,2026-08-12,Personal Care,Standard,823,136348.33
PO002040,W013,SUP0098,2025-08-01,Electronics,Bulk,3109,7562293.31
PO002041,W006,SUP0038,2025-11-27,Apparel,Standard,194,68327.86
PO002042,W004,SUP0056,2026-02-20,Electronics,Standard,196,450029.97
PO002043,W007,SUP0129,2024-06-23,Electronics,Standard,180,388144.9
PO002044,W017,SUP0119,2025-03-02,Personal Care,Standard,1174,172131.45
PO002045,W016,SUP0138,2025-02-16,Apparel,Bulk,4781,1649369.15
PO002046,W016,SUP0075,2025-09-12,Electronics,Standard,486,958485.94
PO002047,W009,SUP0127,2024-03-11,Electronics,Standard,901,1745010.84
PO002048,W012,SUP0147,2026-08-02,Grocery,Bulk,4200,239820.37
PO002049,W028,SUP0062,2024-01-23,Apparel,Bulk,1490,552712.84
PO002050,W029,SUP0117,2026-03-05,Grocery,Urgent,209,14620.33
PO002051,W029,SUP0016,2025-09-25,Grocery,Bulk,1475,98583.88
PO002052,W006,SUP0032,2025-11-12,Stationery,Standard,890,38313.03
PO002053,W020,SUP0112,2024-11-21,Home & Kitchen,Bulk,4458,2057547.11
PO002054,W025,SUP0117,2024-03-27,Grocery,Standard,1131,64071.82
PO002055,W009,SUP0027,2025-09-27,Grocery,Standard,559,31655.82
PO002056,W014,SUP0130,2026-06-29,Personal Care,Standard,1191,145932.91
PO002057,W027,SUP0035,2024-02-27,Home & Kitchen,Bulk,974,529603.82
PO002058,W023,SUP0072,2025-08-28,Personal Care,Standard,638,76693.23
PO002059,W024,SUP0027,2025-08-23,Home & Kitchen,Urgent,367,179697.57
PO002060,W001,SUP0100,2025-01-05,Electronics,Urgent,255,601866.0
PO002061,W001,SUP0121,2025-07-19,Apparel,Urgent,360,112574.24
PO002062,W022,SUP0001,2025-09-14,Personal Care,Bulk,2421,406555.7
PO002063,W018,SUP0102,2024-11-08,Electronics,Urgent,138,316939.92
PO002064,W004,SUP0092,2024-11-07,Electronics,Urgent,238,476655.28
PO002065,W001,SUP0027,2024-05-09,Grocery,Standard,230,12222.94
PO002066,W006,SUP0143,2025-11-05,Personal Care,Bulk,2538,309149.86
PO002067,W020,SUP0013,2024-06-23,Apparel,Urgent,230,63111.76
PO002068,W009,SUP0100,2024-08-08,Home & Kitchen,Standard,159,86392.5
PO002069,W021,SUP0011,2026-02-15,Furniture,Urgent,248,949918.33
PO002070,W004,SUP0091,2024-12-12,Grocery,Urgent,325,19255.87
PO002071,W021,SUP0084,2024-03-28,Electronics,Standard,913,2249271.16
PO002072,W002,SUP0025,2025-02-13,Grocery,Standard,391,20134.66
PO002073,W029,SUP0011,2025-02-11,Electronics,Standard,518,1003208.65
PO002074,W006,SUP0114,2024-10-20,Personal Care,Bulk,3312,398234.17
PO002075,W001,SUP0120,2026-08-01,Grocery,Standard,426,22007.89
PO002076,W027,SUP0104,2025-08-07,Home & Kitchen,Bulk,4892,2713894.95
PO002077,W008,SUP0028,2025-11-12,Home & Kitchen,Standard,530,268043.29
PO002078,W011,SUP0134,2025-03-02,Home & Kitchen,Standard,376,208082.64
PO002079,W004,SUP0022,2025-11-14,Home & Kitchen,Standard,345,141376.61
PO002080,W005,SUP0123,2024-05-04,Grocery,Bulk,1425,101045.65
PO002081,W011,SUP0040,2025-01-27,Personal Care,Standard,844,114963.29
PO002082,W007,SUP0132,2025-12-28,Stationery,Bulk,4509,208435.27
PO002083,W015,SUP0134,2025-05-27,Furniture,Standard,618,2442115.31
PO002084,W006,SUP0052,2024-10-17,Apparel,Bulk,1844,546252.76
PO002085,W012,SUP0047,2026-03-05,Grocery,Standard,651,46838.92
PO002086,W001,SUP0068,2026-04-20,Electronics,Standard,953,2145066.92
PO002087,W015,SUP0039,2025-06-08,Grocery,Standard,754,40555.55
PO002088,W019,SUP0008,2026-06-17,Home & Kitchen,Standard,536,257140.83
PO002089,W029,SUP0106,2025-08-20,Personal Care,Bulk,4752,610911.89
PO002090,W023,SUP0034,2025-05-14,Personal Care,Standard,178,23172.29
PO002091,W001,SUP0017,2025-05-09,Home & Kitchen,Bulk,4666,2094672.69
PO002092,W009,SUP0100,2026-06-25,Home & Kitchen,Standard,615,309919.83
PO002093,W025,SUP0063,2025-06-24,Furniture,Standard,127,493262.42
PO002094,W024,SUP0122,2026-06-08,Electronics,Standard,308,772212.44
PO002095,W001,SUP0080,2025-12-09,Electronics,Standard,131,265344.87
PO002096,W001,SUP0002,2026-04-11,Apparel,Bulk,1306,480704.83
PO002097,W015,SUP0088,2026-07-18,Grocery,Urgent,193,10821.07
PO002098,W013,SUP0047,2025-03-19,Grocery,Bulk,3429,196376.4
PO002099,W004,SUP0135,2026-01-28,Personal Care,Bulk,4863,722724.69
PO002100,W006,SUP0001,2026-06-21,Electronics,Standard,980,2357132.34
PO002101,W009,SUP0035,2025-04-20,Apparel,Bulk,2837,815165.74
PO002102,W026,SUP0042,2026-02-02,Personal Care,Bulk,2850,434986.48
PO002103,W006,SUP0108,2025-05-31,Electronics,Bulk,2385,6192185.45
PO002104,W027,SUP0110,2026-02-04,Electronics,Urgent,43,110676.75
PO002105,W027,SUP0024,2024-12-05,Apparel,Standard,158,52337.62
PO002106,W006,SUP0079,2026-07-08,Grocery,Standard,691,46253.94
PO002107,W027,SUP0104,2025-11-07,Electronics,Standard,319,762205.68
PO002108,W002,SUP0018,2025-08-21,Apparel,Bulk,4336,1351557.13
PO002109,W010,SUP0067,2026-07-16,Grocery,Standard,298,19264.35
PO002110,W002,SUP0114,2024-06-05,Grocery,Bulk,4295,277948.79
PO002111,W008,SUP0078,2024-08-07,Home & Kitchen,Bulk,3921,1993143.11
PO002112,W007,SUP0117,2025-02-06,Home & Kitchen,Urgent,257,113943.89
PO002113,W025,SUP0015,2025-12-08,Grocery,Standard,840,54916.78
PO002114,W027,SUP0021,2024-09-15,Stationery,Standard,875,42556.85
PO002115,W009,SUP0027,2025-03-21,Home & Kitchen,Standard,865,385252.48
PO002116,W009,SUP0133,2025-11-20,Grocery,Standard,1095,58279.65
PO002117,W030,SUP0034,2025-05-02,Grocery,Urgent,277,16131.21
PO002118,W004,SUP0100,2026-04-08,Grocery,Urgent,188,11098.58
PO002119,W014,SUP0134,2024-03-21,Apparel,Bulk,3305,1197635.83
PO002120,W019,SUP0131,2024-05-21,Apparel,Standard,950,297310.42
PO002121,W021,SUP0139,2025-07-06,Home & Kitchen,Standard,800,454936.15
PO002122,W004,SUP0048,2025-04-17,Apparel,Standard,964,274758.75
PO002123,W008,SUP0005,2025-04-26,Electronics,Urgent,60,136428.16
PO002124,W004,SUP0139,2025-12-20,Apparel,Bulk,4407,1529298.89
PO002125,W025,SUP0054,2025-03-07,Personal Care,Bulk,2353,280959.7
PO002126,W024,SUP0067,2025-08-05,Stationery,Standard,788,35094.17
PO002127,W027,SUP0093,2024-12-17,Grocery,Standard,748,51708.26
PO002128,W012,SUP0132,2025-10-08,Electronics,Standard,67,132076.2
PO002129,W001,SUP0065,2026-01-21,Home & Kitchen,Standard,706,395960.51
PO002130,W029,SUP0005,2026-07-14,Stationery,Standard,717,36573.29
PO002131,W002,SUP0036,2024-04-20,Personal Care,Urgent,221,33934.99
PO002132,W006,SUP0009,2024-02-25,Apparel,Standard,671,221249.62
PO002133,W001,SUP0052,2025-04-06,Personal Care,Bulk,2348,295356.22
PO002134,W011,SUP0039,2024-05-03,Electronics,Standard,690,1695661.94
PO002135,W023,SUP0016,2025-09-29,Electronics,Standard,436,917422.07
PO002136,W030,SUP0108,2024-10-28,Electronics,Urgent,367,858934.92
PO002137,W017,SUP0137,2025-06-17,Stationery,Bulk,3199,153238.44
PO002138,W002,SUP0124,2024-06-06,Home & Kitchen,Standard,823,424114.3
PO002139,W028,SUP0117,2024-05-27,Apparel,Bulk,995,363837.65
PO002140,W002,SUP0040,2024-12-25,Electronics,Bulk,520,1322425.52
PO002141,W005,SUP0063,2024-05-31,Grocery,Standard,953,61879.64
PO002142,W006,SUP0069,2025-10-13,Apparel,Standard,153,45818.18
PO002143,W028,SUP0099,2026-02-28,Stationery,Standard,678,28428.25
PO002144,W011,SUP0120,2024-10-09,Grocery,Standard,971,57372.54
PO002145,W027,SUP0077,2025-11-13,Apparel,Urgent,210,74251.05
PO002146,W017,SUP0143,2025-03-01,Grocery,Standard,430,24504.52
PO002147,W014,SUP0138,2025-07-28,Grocery,Standard,635,39975.44
PO002148,W026,SUP0035,2024-10-05,Home & Kitchen,Standard,1105,510899.79
PO002149,W005,SUP0061,2024-07-31,Apparel,Standard,50,18096.17
PO002150,W006,SUP0018,2026-06-06,Grocery,Urgent,116,7176.14
PO002151,W029,SUP0034,2024-01-06,Grocery,Urgent,83,5704.99
PO002152,W019,SUP0017,2024-05-05,Apparel,Standard,769,253312.69
PO002153,W010,SUP0087,2026-06-24,Apparel,Bulk,955,314996.31
PO002154,W020,SUP0022,2025-01-31,Electronics,Urgent,155,374883.49
PO002155,W025,SUP0126,2024-03-22,Apparel,Standard,967,333712.97
PO002156,W023,SUP0008,2026-05-23,Grocery,Bulk,1174,81540.77
PO002157,W015,SUP0019,2026-08-09,Home & Kitchen,Standard,473,220055.35
PO002158,W020,SUP0028,2026-04-07,Apparel,Urgent,329,95804.29
PO002159,W006,SUP0011,2025-12-17,Stationery,Standard,312,12789.39
PO002160,W015,SUP0097,2024-08-25,Apparel,Standard,226,64057.41
PO002161,W028,SUP0033,2025-07-31,Grocery,Standard,305,19527.58
PO002162,W029,SUP0067,2026-01-20,Home & Kitchen,Urgent,160,88734.64
PO002163,W001,SUP0130,2024-03-05,Stationery,Standard,879,41879.51
PO002164,W006,SUP0136,2025-02-07,Home & Kitchen,Urgent,359,162705.3
PO002165,W006,SUP0051,2026-07-28,Apparel,Bulk,3559,988777.96
PO002166,W009,SUP0006,2026-01-07,Grocery,Urgent,136,7661.77
PO002167,W008,SUP0018,2024-12-17,Grocery,Bulk,3473,178902.86
PO002168,W007,SUP0096,2024-06-12,Electronics,Urgent,176,368678.82
PO002169,W014,SUP0082,2026-03-31,Apparel,Standard,520,181498.86
PO002170,W006,SUP0073,2025-02-28,Grocery,Standard,549,30479.88
PO002171,W024,SUP0080,2024-06-26,Home & Kitchen,Standard,577,286706.25
PO002172,W001,SUP0030,2026-01-18,Stationery,Standard,565,24233.62
PO002173,W030,SUP0111,2024-07-08,Stationery,Bulk,568,22796.64
PO002174,W005,SUP0042,2024-02-12,Grocery,Standard,327,20634.91
PO002175,W028,SUP0024,2025-08-12,Stationery,Bulk,3508,154638.33
PO002176,W022,SUP0121,2026-06-20,Home & Kitchen,Standard,213,96690.16
PO002177,W028,SUP0022,2026-06-27,Grocery,Bulk,4700,307868.22
PO002178,W012,SUP0041,2024-07-06,Electronics,Standard,1189,3046068.69
PO002179,W008,SUP0015,2025-05-12,Apparel,Bulk,1594,469147.54
PO002180,W019,SUP0019,2025-04-21,Apparel,Bulk,3252,1155099.5
PO002181,W005,SUP0011,2025-10-30,Personal Care,Standard,811,118007.09
PO002182,W012,SUP0050,2026-04-01,Home & Kitchen,Standard,81,33898.95
PO002183,W017,SUP0095,2026-03-14,Electronics,Standard,840,1713046.22
PO002184,W003,SUP0044,2024-01-17,Personal Care,Bulk,1820,279079.6
PO002185,W027,SUP0057,2024-09-16,Stationery,Standard,750,36006.19
PO002186,W013,SUP0145,2025-01-06,Grocery,Standard,1029,53933.87
PO002187,W016,SUP0005,2026-06-06,Grocery,Standard,1084,57587.6
PO002188,W022,SUP0068,2025-06-21,Grocery,Standard,679,36168.26
PO002189,W029,SUP0112,2024-12-29,Apparel,Standard,57,18705.43
PO002190,W004,SUP0035,2026-05-10,Electronics,Urgent,328,772809.21
PO002191,W005,SUP0092,2024-03-25,Grocery,Bulk,3029,188219.66
PO002192,W003,SUP0099,2024-06-30,Electronics,Urgent,118,233852.86
PO002193,W030,SUP0119,2025-11-21,Grocery,Bulk,2509,158654.67
PO002194,W012,SUP0127,2024-12-07,Grocery,Standard,209,11044.42
PO002195,W024,SUP0130,2025-11-10,Grocery,Standard,425,28352.95
PO002196,W004,SUP0055,2025-06-18,Home & Kitchen,Urgent,186,78726.41
PO002197,W030,SUP0092,2024-03-01,Apparel,Bulk,3708,1326551.0
PO002198,W003,SUP0101,2025-10-15,Personal Care,Standard,278,43143.09
PO002199,W022,SUP0087,2026-04-06,Home & Kitchen,Standard,1089,602030.9
PO002200,W001,SUP0045,2026-03-03,Home & Kitchen,Bulk,504,261321.65
PO002201,W027,SUP0064,2024-04-23,Apparel,Standard,871,311866.72
PO002202,W010,SUP0050,2025-10-10,Grocery,Standard,112,7369.73
PO002203,W020,SUP0057,2026-07-17,Electronics,Bulk,784,1916498.51
PO002204,W019,SUP0071,2025-10-11,Grocery,Bulk,1240,81906.74
PO002205,W005,SUP0107,2026-05-17,Stationery,Standard,953,39929.86
PO002206,W013,SUP0042,2025-01-16,Personal Care,Standard,462,69555.52
PO002207,W001,SUP0070,2025-03-29,Personal Care,Standard,297,41333.32
PO002208,W026,SUP0060,2024-07-16,Apparel,Standard,896,331944.51
PO002209,W013,SUP0067,2024-01-24,Apparel,Standard,972,268565.94
PO002210,W007,SUP0052,2024-08-15,Apparel,Urgent,160,51059.24
PO002211,W010,SUP0054,2026-06-13,Personal Care,Standard,1113,172051.32
PO002212,W011,SUP0089,2025-08-03,Personal Care,Bulk,610,90569.09
PO002213,W004,SUP0106,2025-09-07,Grocery,Bulk,4125,227160.53
PO002214,W009,SUP0040,2026-02-18,Electronics,Standard,750,1962612.78
PO002215,W022,SUP0010,2024-09-05,Grocery,Standard,1166,81994.22
PO002216,W018,SUP0106,2024-11-03,Grocery,Urgent,187,13008.58
PO002217,W030,SUP0140,2025-12-16,Grocery,Bulk,2075,139012.79
PO002218,W025,SUP0120,2024-12-02,Stationery,Bulk,844,37159.41
PO002219,W027,SUP0056,2025-04-28,Grocery,Bulk,1990,121514.72
PO002220,W004,SUP0006,2025-02-13,Grocery,Standard,738,39580.53
PO002221,W016,SUP0094,2025-08-18,Furniture,Standard,930,2843144.59
PO002222,W006,SUP0145,2025-11-24,Furniture,Bulk,3194,11661030.58
PO002223,W006,SUP0063,2026-03-02,Grocery,Bulk,2798,196417.16
PO002224,W009,SUP0041,2026-01-31,Home & Kitchen,Standard,958,452154.75
PO002225,W018,SUP0131,2024-07-24,Grocery,Bulk,540,31499.4
PO002226,W012,SUP0030,2024-03-14,Furniture,Standard,539,1790798.71
PO002227,W011,SUP0006,2024-06-25,Grocery,Urgent,103,7386.12
PO002228,W009,SUP0045,2024-10-12,Electronics,Urgent,103,243651.67
PO002229,W030,SUP0023,2025-09-11,Electronics,Bulk,4863,12548585.78
PO002230,W012,SUP0111,2025-06-27,Apparel,Standard,517,155444.54
PO002231,W029,SUP0082,2024-02-10,Electronics,Standard,1125,2958272.6
PO002232,W030,SUP0110,2026-01-11,Personal Care,Bulk,3019,427970.97
PO002233,W020,SUP0115,2025-02-27,Furniture,Bulk,4030,13028970.27
PO002234,W030,SUP0142,2024-04-12,Home & Kitchen,Standard,1175,515735.5
PO002235,W030,SUP0014,2026-06-30,Stationery,Bulk,827,31995.55
PO002236,W027,SUP0028,2024-08-06,Electronics,Standard,446,1058943.62
PO002237,W023,SUP0145,2024-05-12,Apparel,Standard,975,271382.64
PO002238,W006,SUP0025,2026-07-24,Apparel,Standard,796,259381.69
PO002239,W005,SUP0134,2024-06-06,Electronics,Bulk,3254,7963351.09
PO002240,W001,SUP0100,2024-11-25,Grocery,Urgent,165,11127.63
PO002241,W006,SUP0029,2025-09-11,Home & Kitchen,Bulk,1648,867662.48
PO002242,W016,SUP0093,2026-07-20,Grocery,Bulk,1254,70111.42
PO002243,W012,SUP0107,2025-05-23,Personal Care,Urgent,309,45869.23
PO002244,W025,SUP0035,2024-09-23,Home & Kitchen,Standard,950,458148.6
PO002245,W008,SUP0003,2025-12-01,Grocery,Urgent,317,18831.87
PO002246,W020,SUP0122,2024-05-27,Personal Care,Standard,290,46197.8
PO002247,W009,SUP0129,2025-11-27,Personal Care,Standard,626,100202.2
PO002248,W006,SUP0103,2025-09-01,Personal Care,Bulk,3157,412220.07
PO002249,W026,SUP0125,2024-03-28,Apparel,Urgent,311,94773.09
PO002250,W007,SUP0078,2025-07-30,Apparel,Standard,622,182565.95
PO002251,W015,SUP0102,2025-08-26,Grocery,Standard,614,34154.45
PO002252,W006,SUP0127,2024-07-28,Home & Kitchen,Standard,782,432718.71
PO002253,W021,SUP0045,2026-06-03,Home & Kitchen,Standard,128,70662.52
PO002254,W005,SUP0116,2025-01-18,Personal Care,Standard,488,70761.52
PO002255,W001,SUP0125,2024-12-03,Grocery,Standard,553,38719.37
PO002256,W020,SUP0045,2024-02-09,Grocery,Urgent,188,10639.95
PO002257,W015,SUP0041,2025-05-15,Electronics,Standard,289,695041.33
PO002258,W021,SUP0029,2024-07-04,Personal Care,Standard,1151,167057.83
PO002259,W001,SUP0131,2026-07-12,Apparel,Standard,631,226854.97
PO002260,W026,SUP0108,2024-09-17,Electronics,Standard,972,2214063.99
PO002261,W001,SUP0011,2025-06-05,Home & Kitchen,Urgent,283,126127.48
PO002262,W030,SUP0112,2025-05-29,Electronics,Standard,410,1063094.55
PO002263,W030,SUP0028,2026-01-05,Grocery,Bulk,2984,202180.58
PO002264,W027,SUP0045,2025-04-10,Stationery,Standard,303,13596.04
PO002265,W008,SUP0014,2025-02-19,Grocery,Bulk,738,45096.51
PO002266,W021,SUP0069,2025-03-10,Apparel,Standard,464,141867.28
PO002267,W030,SUP0040,2024-03-03,Electronics,Standard,765,1563938.38
PO002268,W023,SUP0087,2026-01-21,Electronics,Standard,397,979257.43
PO002269,W022,SUP0017,2025-12-22,Grocery,Bulk,2488,153088.21
PO002270,W001,SUP0056,2026-01-27,Personal Care,Urgent,343,57333.21
PO002271,W001,SUP0149,2025-04-05,Grocery,Bulk,649,36690.88
PO002272,W020,SUP0012,2024-06-15,Electronics,Urgent,376,776098.63
PO002273,W014,SUP0105,2024-09-10,Furniture,Standard,559,2086790.97
PO002274,W015,SUP0101,2025-02-19,Electronics,Standard,329,739630.24
PO002275,W005,SUP0073,2024-02-28,Electronics,Standard,474,1167299.64
PO002276,W008,SUP0025,2024-07-28,Home & Kitchen,Standard,717,356975.61
PO002277,W028,SUP0121,2024-10-18,Home & Kitchen,Standard,512,249206.3
PO002278,W009,SUP0033,2024-07-04,Apparel,Standard,965,361627.62
PO002279,W030,SUP0091,2026-06-23,Grocery,Standard,111,7139.46
PO002280,W004,SUP0016,2026-07-20,Home & Kitchen,Standard,452,193865.64
PO002281,W016,SUP0146,2025-06-29,Furniture,Standard,390,1340336.11
PO002282,W020,SUP0067,2025-07-25,Electronics,Bulk,1518,3671589.63
PO002283,W022,SUP0026,2024-03-10,Grocery,Standard,671,34659.96
PO002284,W027,SUP0139,2026-02-16,Home & Kitchen,Standard,367,149879.6
PO002285,W025,SUP0070,2025-10-08,Apparel,Bulk,3733,1313213.72
PO002286,W027,SUP0118,2024-05-17,Furniture,Urgent,389,1603713.32
PO002287,W001,SUP0004,2024-03-31,Home & Kitchen,Bulk,798,372430.73
PO002288,W002,SUP0050,2024-11-01,Apparel,Standard,222,71212.27
PO002289,W003,SUP0023,2025-02-27,Personal Care,Bulk,1670,212343.13
PO002290,W005,SUP0117,2024-06-25,Grocery,Standard,1179,69612.56
PO002291,W024,SUP0115,2025-04-16,Stationery,Bulk,3107,143709.27
PO002292,W017,SUP0115,2024-02-25,Apparel,Urgent,244,84219.93
PO002293,W023,SUP0050,2026-08-10,Furniture,Standard,93,389568.43
PO002294,W019,SUP0061,2025-11-28,Apparel,Bulk,3217,976663.19
PO002295,W018,SUP0123,2025-04-08,Personal Care,Standard,1008,158608.17
PO002296,W005,SUP0042,2025-09-13,Apparel,Urgent,383,106581.1
PO002297,W027,SUP0037,2025-06-10,Grocery,Bulk,3132,215462.29
PO002298,W026,SUP0101,2026-03-23,Electronics,Bulk,4113,9128705.94
PO002299,W025,SUP0013,2026-03-02,Apparel,Standard,82,27160.41
PO002300,W030,SUP0055,2025-08-02,Electronics,Standard,51,127614.59
PO002301,W011,SUP0014,2026-08-06,Furniture,Standard,1160,3489637.46
PO002302,W012,SUP0012,2024-12-15,Home & Kitchen,Standard,152,64995.94
PO002303,W014,SUP0101,2026-07-03,Personal Care,Urgent,172,22187.14
PO002304,W009,SUP0026,2025-04-15,Home & Kitchen,Bulk,2534,1140017.57
PO002305,W015,SUP0035,2026-06-28,Apparel,Standard,423,147821.18
PO002306,W020,SUP0113,2025-06-27,Furniture,Standard,537,1955818.22
PO002307,W018,SUP0024,2025-10-11,Grocery,Standard,905,46833.77
PO002308,W005,SUP0071,2025-03-28,Home & Kitchen,Standard,595,285819.17
PO002309,W024,SUP0121,2024-08-11,Grocery,Standard,235,14328.44
PO002310,W001,SUP0025,2024-08-05,Home & Kitchen,Standard,1032,455623.26
PO002311,W005,SUP0124,2026-02-15,Home & Kitchen,Standard,873,435839.09
PO002312,W011,SUP0058,2025-08-29,Electronics,Standard,370,743628.19
PO002313,W027,SUP0026,2025-08-23,Grocery,Standard,260,18686.6
PO002314,W006,SUP0149,2024-06-18,Grocery,Standard,1068,69679.84
PO002315,W027,SUP0148,2025-08-21,Personal Care,Standard,484,64003.37
PO002316,W018,SUP0015,2024-06-12,Home & Kitchen,Standard,645,291318.39
PO002317,W023,SUP0118,2024-07-22,Grocery,Bulk,4367,244143.32
PO002318,W008,SUP0112,2024-02-13,Personal Care,Standard,512,65208.42
PO002319,W030,SUP0009,2026-03-17,Grocery,Urgent,258,14632.38
PO002320,W021,SUP0116,2024-04-01,Stationery,Bulk,2797,116854.34
PO002321,W002,SUP0082,2024-02-19,Electronics,Standard,1149,2628881.01
PO002322,W027,SUP0124,2026-06-23,Grocery,Bulk,3823,216955.73
PO002323,W014,SUP0135,2024-07-02,Apparel,Standard,771,281249.21
PO002324,W027,SUP0091,2025-03-26,Personal Care,Bulk,4953,677341.97
PO002325,W023,SUP0029,2024-08-25,Personal Care,Standard,412,61406.2
PO002326,W030,SUP0004,2026-06-11,Home & Kitchen,Urgent,131,73632.24
PO002327,W029,SUP0021,2025-08-07,Electronics,Standard,668,1476867.91
PO002328,W022,SUP0097,2025-12-06,Electronics,Standard,1083,2458988.46
PO002329,W025,SUP0004,2026-04-09,Home & Kitchen,Standard,564,264925.29
PO002330,W001,SUP0020,2025-11-23,Personal Care,Bulk,2469,340732.83
PO002331,W026,SUP0004,2025-01-20,Grocery,Bulk,4941,252651.55
PO002332,W024,SUP0047,2024-04-21,Personal Care,Bulk,2627,412400.04
PO002333,W030,SUP0033,2024-12-18,Grocery,Standard,875,55914.72
PO002334,W025,SUP0081,2025-03-16,Apparel,Bulk,2980,888119.75
PO002335,W020,SUP0149,2026-04-12,Home & Kitchen,Standard,1196,598301.0
PO002336,W026,SUP0078,2024-08-22,Electronics,Bulk,564,1429526.42
PO002337,W019,SUP0021,2026-07-28,Apparel,Bulk,2897,820157.1
PO002338,W015,SUP0029,2024-07-12,Grocery,Bulk,4502,285460.18
PO002339,W030,SUP0135,2024-05-29,Stationery,Bulk,2790,108316.05
PO002340,W015,SUP0081,2026-03-16,Apparel,Standard,615,213715.55
PO002341,W002,SUP0012,2026-05-15,Home & Kitchen,Urgent,184,104270.56
PO002342,W001,SUP0141,2024-10-23,Personal Care,Standard,652,108137.16
PO002343,W010,SUP0022,2025-10-12,Grocery,Urgent,395,26656.52
PO002344,W013,SUP0150,2024-07-08,Stationery,Urgent,365,15563.9
PO002345,W017,SUP0110,2026-07-07,Home & Kitchen,Bulk,4336,2311586.89
PO002346,W001,SUP0054,2025-08-02,Home & Kitchen,Bulk,1931,1041393.35
PO002347,W017,SUP0070,2026-04-05,Grocery,Urgent,127,9032.45
PO002348,W030,SUP0016,2026-03-26,Electronics,Bulk,2912,5498128.58
PO002349,W025,SUP0002,2026-01-31,Furniture,Bulk,3388,10901701.58
PO002350,W023,SUP0059,2026-08-02,Grocery,Standard,179,12000.99
PO002351,W015,SUP0065,2024-12-11,Grocery,Bulk,4159,290389.39
PO002352,W028,SUP0074,2025-08-19,Apparel,Standard,745,226528.33
PO002353,W002,SUP0098,2024-04-02,Apparel,Bulk,1301,489805.34
PO002354,W026,SUP0031,2024-07-18,Personal Care,Standard,183,29081.17
PO002355,W023,SUP0114,2024-03-27,Apparel,Standard,1172,448529.04
PO002356,W010,SUP0108,2024-02-21,Electronics,Bulk,2149,4314082.66
PO002357,W015,SUP0029,2024-03-21,Personal Care,Standard,1029,125934.58
PO002358,W004,SUP0020,2024-07-10,Home & Kitchen,Standard,943,466335.51
PO002359,W001,SUP0105,2024-12-11,Grocery,Standard,1161,66416.94
PO002360,W009,SUP0133,2025-08-18,Grocery,Standard,197,11947.22
PO002361,W009,SUP0052,2024-05-15,Grocery,Standard,1185,65451.77
PO002362,W016,SUP0135,2025-12-02,Electronics,Bulk,1297,2768916.09
PO002363,W009,SUP0142,2024-07-25,Grocery,Standard,392,24286.53
PO002364,W028,SUP0040,2024-04-20,Apparel,Standard,1087,297393.89
PO002365,W004,SUP0125,2025-10-22,Grocery,Standard,463,26637.54
PO002366,W027,SUP0026,2024-06-17,Apparel,Bulk,4348,1348304.6
PO002367,W017,SUP0106,2024-07-20,Home & Kitchen,Bulk,3229,1421749.09
PO002368,W006,SUP0001,2025-09-23,Furniture,Urgent,95,341548.04
PO002369,W028,SUP0054,2024-04-13,Grocery,Standard,298,16704.94
PO002370,W017,SUP0002,2024-11-22,Electronics,Urgent,239,473720.42
PO002371,W002,SUP0028,2024-09-15,Electronics,Standard,592,1219833.16
PO002372,W027,SUP0057,2025-01-31,Grocery,Urgent,371,24265.95
PO002373,W006,SUP0055,2025-03-27,Grocery,Urgent,382,21428.24
PO002374,W018,SUP0106,2026-06-16,Apparel,Standard,1145,335296.45
PO002375,W022,SUP0095,2025-02-21,Electronics,Standard,931,2154771.51
PO002376,W025,SUP0071,2026-07-01,Electronics,Bulk,3553,7251677.98
PO002377,W023,SUP0054,2026-08-04,Grocery,Standard,74,4608.05
PO002378,W027,SUP0120,2025-10-11,Apparel,Standard,360,104404.51
PO002379,W026,SUP0104,2026-02-14,Apparel,Standard,160,58292.01
PO002380,W005,SUP0150,2024-04-03,Electronics,Standard,310,632208.6
PO002381,W017,SUP0008,2025-06-28,Grocery,Standard,1069,62785.33
PO002382,W015,SUP0133,2026-07-01,Furniture,Urgent,142,537715.88
PO002383,W003,SUP0102,2024-08-17,Home & Kitchen,Standard,570,279178.66
PO002384,W012,SUP0112,2026-08-05,Personal Care,Bulk,2242,306060.75
PO002385,W026,SUP0141,2026-01-17,Furniture,Urgent,273,828011.72
PO002386,W013,SUP0124,2025-10-11,Grocery,Bulk,2298,138946.74
PO002387,W010,SUP0105,2025-09-06,Grocery,Bulk,4651,313781.64
PO002388,W014,SUP0092,2024-10-15,Grocery,Standard,555,38125.8
PO002389,W018,SUP0126,2025-12-28,Home & Kitchen,Urgent,319,166304.88
PO002390,W025,SUP0134,2025-06-12,Stationery,Standard,391,16301.93
PO002391,W027,SUP0074,2025-04-19,Stationery,Bulk,2517,109054.7
PO002392,W007,SUP0018,2025-08-22,Apparel,Urgent,351,109751.5
PO002393,W006,SUP0042,2025-08-19,Furniture,Bulk,3087,12168000.16
PO002394,W008,SUP0119,2025-02-23,Electronics,Urgent,100,247637.13
PO002395,W027,SUP0035,2025-10-25,Electronics,Bulk,3673,8306194.67
PO002396,W029,SUP0035,2025-09-03,Grocery,Urgent,352,23323.23
PO002397,W009,SUP0072,2025-01-07,Apparel,Standard,254,81187.23
PO002398,W027,SUP0032,2024-05-08,Apparel,Standard,581,195379.5
PO002399,W017,SUP0028,2025-09-24,Grocery,Standard,876,50669.47
PO002400,W030,SUP0070,2024-02-05,Grocery,Standard,849,60442.24
PO002401,W018,SUP0119,2024-12-07,Grocery,Standard,1121,73013.7
PO002402,W029,SUP0149,2026-04-02,Electronics,Standard,306,651096.08
PO002403,W017,SUP0037,2025-01-23,Electronics,Standard,747,1781468.74
PO002404,W009,SUP0083,2024-10-17,Grocery,Standard,858,60235.48
PO002405,W027,SUP0023,2024-11-19,Furniture,Standard,480,1768852.9
PO002406,W009,SUP0137,2025-04-21,Furniture,Urgent,224,728570.62
PO002407,W026,SUP0002,2024-08-13,Stationery,Standard,403,17502.83
PO002408,W016,SUP0108,2025-07-15,Personal Care,Standard,650,101975.28
PO002409,W008,SUP0052,2024-09-24,Apparel,Standard,985,371870.58
PO002410,W014,SUP0135,2024-06-23,Apparel,Standard,484,159460.33
PO002411,W029,SUP0051,2025-03-04,Apparel,Bulk,1904,550377.81
PO002412,W008,SUP0122,2024-06-20,Apparel,Standard,431,117837.63
PO002413,W002,SUP0140,2024-04-27,Apparel,Standard,706,249622.67
PO002414,W029,SUP0018,2024-07-24,Stationery,Standard,759,39970.58
PO002415,W002,SUP0132,2026-02-08,Home & Kitchen,Standard,532,259432.18
PO002416,W006,SUP0120,2025-09-22,Stationery,Urgent,326,15714.04
PO002417,W014,SUP0009,2024-03-05,Home & Kitchen,Bulk,4158,2119245.42
PO002418,W026,SUP0069,2025-07-24,Apparel,Standard,402,141658.82
PO002419,W030,SUP0031,2025-02-10,Electronics,Standard,1120,2636795.56
PO002420,W005,SUP0038,2025-05-05,Grocery,Bulk,977,66303.72
PO002421,W006,SUP0041,2024-08-01,Stationery,Urgent,258,11986.83
PO002422,W030,SUP0053,2024-04-24,Home & Kitchen,Standard,711,335912.07
PO002423,W018,SUP0105,2025-09-02,Home & Kitchen,Urgent,221,95832.28
PO002424,W027,SUP0124,2024-07-28,Apparel,Standard,931,349938.72
PO002425,W009,SUP0028,2025-10-08,Stationery,Standard,880,44279.73
PO002426,W007,SUP0040,2024-12-19,Apparel,Standard,500,186888.56
PO002427,W028,SUP0016,2026-07-05,Home & Kitchen,Standard,515,262261.48
PO002428,W005,SUP0101,2025-12-06,Furniture,Urgent,305,1066327.6
PO002429,W006,SUP0100,2025-11-30,Stationery,Standard,732,31448.24
PO002430,W010,SUP0147,2025-11-20,Apparel,Standard,256,71267.46
PO002431,W009,SUP0039,2024-04-18,Grocery,Standard,1130,64366.63
PO002432,W004,SUP0142,2024-05-06,Home & Kitchen,Standard,579,261556.39
PO002433,W007,SUP0083,2024-01-31,Apparel,Standard,1039,393333.4
PO002434,W005,SUP0114,2025-07-02,Grocery,Bulk,1249,69801.58
PO002435,W016,SUP0034,2025-03-18,Grocery,Urgent,280,16542.34
PO002436,W023,SUP0014,2026-06-30,Personal Care,Standard,625,88523.93
PO002437,W015,SUP0078,2025-09-09,Grocery,Standard,1124,63217.79
PO002438,W001,SUP0134,2025-03-30,Apparel,Standard,668,205243.67
PO002439,W019,SUP0143,2024-01-23,Grocery,Standard,323,17027.46
PO002440,W023,SUP0114,2024-02-02,Grocery,Bulk,2154,122623.37
PO002441,W005,SUP0022,2025-11-28,Electronics,Bulk,708,1344108.37
PO002442,W015,SUP0066,2024-05-21,Electronics,Urgent,261,646645.6
PO002443,W030,SUP0028,2024-11-29,Grocery,Standard,1165,79668.6
PO002444,W027,SUP0079,2025-06-13,Grocery,Bulk,3925,210681.45
PO002445,W013,SUP0077,2025-05-02,Personal Care,Standard,991,154316.06
PO002446,W006,SUP0019,2025-10-14,Grocery,Standard,431,26751.44
PO002447,W004,SUP0118,2026-01-01,Grocery,Bulk,1102,72348.27
PO002448,W001,SUP0070,2026-04-30,Apparel,Standard,829,277508.12
PO002449,W006,SUP0128,2025-07-05,Grocery,Standard,1128,81070.95
PO002450,W015,SUP0063,2025-06-20,Grocery,Urgent,233,15085.89
PO002451,W015,SUP0103,2024-12-24,Grocery,Bulk,3980,279657.21
PO002452,W005,SUP0047,2025-08-03,Personal Care,Standard,963,151535.13
PO002453,W013,SUP0047,2024-07-16,Electronics,Standard,73,173533.9
PO002454,W012,SUP0119,2024-10-09,Grocery,Standard,563,39536.47
PO002455,W027,SUP0087,2024-04-27,Grocery,Bulk,939,54423.11
PO002456,W029,SUP0074,2026-02-14,Apparel,Standard,644,179931.66
PO002457,W030,SUP0009,2025-09-19,Apparel,Bulk,4188,1405096.39
PO002458,W015,SUP0040,2025-03-10,Furniture,Urgent,286,997789.13
PO002459,W027,SUP0125,2026-03-11,Apparel,Urgent,210,61321.96
PO002460,W020,SUP0105,2026-02-08,Home & Kitchen,Urgent,328,186550.62
PO002461,W002,SUP0074,2026-06-15,Electronics,Urgent,248,577212.13
PO002462,W001,SUP0065,2026-07-17,Electronics,Standard,495,1260303.63
PO002463,W019,SUP0100,2024-12-12,Grocery,Standard,816,52533.15
PO002464,W022,SUP0117,2025-11-10,Apparel,Urgent,358,111944.12
PO002465,W021,SUP0092,2025-06-17,Grocery,Standard,500,32358.27
PO002466,W015,SUP0071,2024-12-24,Grocery,Standard,1078,75017.08
PO002467,W019,SUP0051,2025-05-16,Grocery,Standard,581,36254.14
PO002468,W022,SUP0144,2026-07-19,Grocery,Standard,744,41478.13
PO002469,W023,SUP0037,2024-08-20,Furniture,Standard,367,1223558.41
PO002470,W004,SUP0056,2026-03-05,Personal Care,Standard,326,45729.5
PO002471,W014,SUP0136,2024-06-22,Home & Kitchen,Standard,272,134273.33
PO002472,W009,SUP0088,2024-01-14,Furniture,Standard,1179,3773954.9
PO002473,W015,SUP0068,2024-10-01,Apparel,Standard,67,24066.03
PO002474,W010,SUP0099,2026-01-18,Grocery,Bulk,2333,130655.68
PO002475,W001,SUP0009,2024-12-07,Grocery,Urgent,398,28098.91
PO002476,W026,SUP0089,2025-08-11,Grocery,Standard,530,34632.64
PO002477,W016,SUP0086,2024-01-26,Electronics,Standard,64,131426.38
PO002478,W028,SUP0049,2026-06-16,Apparel,Standard,474,154314.6
PO002479,W001,SUP0032,2024-02-27,Grocery,Bulk,3056,196485.69
PO002480,W002,SUP0003,2024-06-16,Grocery,Standard,320,21098.64
PO002481,W003,SUP0122,2025-10-20,Stationery,Standard,856,39863.93
PO002482,W027,SUP0104,2024-04-30,Grocery,Standard,719,43593.49
PO002483,W015,SUP0091,2025-06-08,Grocery,Urgent,343,20365.46
PO002484,W025,SUP0058,2025-12-29,Apparel,Urgent,321,98631.56
PO002485,W001,SUP0121,2024-12-13,Furniture,Urgent,27,83330.64
PO002486,W025,SUP0065,2025-01-30,Grocery,Standard,443,31607.63
PO002487,W001,SUP0128,2024-11-24,Personal Care,Bulk,622,87903.0
PO002488,W029,SUP0116,2024-02-23,Grocery,Standard,244,13682.07
PO002489,W015,SUP0050,2025-11-24,Personal Care,Standard,346,46737.62
PO002490,W030,SUP0081,2026-04-06,Personal Care,Standard,716,89538.68
PO002491,W020,SUP0094,2025-01-22,Grocery,Urgent,139,8650.11
PO002492,W019,SUP0081,2024-11-02,Grocery,Standard,739,45629.86
PO002493,W004,SUP0063,2025-10-24,Furniture,Standard,201,732828.32
PO002494,W020,SUP0030,2025-03-07,Stationery,Standard,674,30191.01
PO002495,W025,SUP0042,2025-01-10,Grocery,Standard,228,15142.26
PO002496,W019,SUP0148,2026-07-25,Personal Care,Standard,1096,133391.68
PO002497,W022,SUP0123,2025-05-08,Grocery,Bulk,3990,279372.86
PO002498,W028,SUP0103,2025-07-05,Apparel,Bulk,4758,1463340.89
PO002499,W023,SUP0135,2024-11-15,Stationery,Bulk,771,41475.0
PO002500,W020,SUP0025,2024-06-01,Personal Care,Bulk,3133,405791.27
PO002501,W016,SUP0073,2026-02-02,Apparel,Bulk,1939,528047.41
PO002502,W013,SUP0091,2024-06-05,Stationery,Standard,1181,51097.44
PO002503,W023,SUP0041,2024-02-08,Electronics,Standard,597,1143154.25
PO002504,W027,SUP0003,2026-08-09,Personal Care,Bulk,4584,703788.8
PO002505,W024,SUP0138,2025-04-09,Personal Care,Standard,739,123912.11
PO002506,W002,SUP0062,2024-03-06,Grocery,Bulk,4637,256152.84
PO002507,W006,SUP0030,2025-12-11,Home & Kitchen,Standard,553,268527.95
PO002508,W019,SUP0074,2025-03-09,Home & Kitchen,Urgent,198,82891.93
PO002509,W018,SUP0053,2025-12-25,Electronics,Standard,868,2283558.74
PO002510,W029,SUP0083,2024-06-28,Grocery,Urgent,373,24284.33
PO002511,W030,SUP0135,2026-07-02,Electronics,Standard,763,1435545.47
PO002512,W029,SUP0145,2026-06-10,Electronics,Bulk,4037,8145829.59
PO002513,W019,SUP0098,2025-06-25,Apparel,Bulk,4061,1173872.44
PO002514,W024,SUP0088,2026-01-02,Grocery,Bulk,3819,231823.57
PO002515,W027,SUP0025,2024-01-20,Grocery,Standard,211,14670.7
PO002516,W004,SUP0065,2025-05-01,Apparel,Urgent,361,102571.63
PO002517,W008,SUP0081,2025-12-06,Apparel,Standard,1030,299523.32
PO002518,W001,SUP0006,2026-05-20,Personal Care,Standard,999,126097.3
PO002519,W020,SUP0079,2026-08-08,Apparel,Standard,1143,414492.42
PO002520,W029,SUP0007,2025-11-06,Apparel,Bulk,2698,978303.41
PO002521,W001,SUP0017,2024-09-13,Grocery,Standard,1015,66981.86
PO002522,W003,SUP0047,2024-12-16,Furniture,Urgent,181,734456.21
PO002523,W005,SUP0028,2026-02-05,Grocery,Bulk,1338,91560.4
PO002524,W026,SUP0047,2026-01-01,Furniture,Standard,232,719043.04
PO002525,W010,SUP0098,2024-08-12,Electronics,Urgent,200,481004.44
PO002526,W005,SUP0048,2025-01-12,Grocery,Bulk,4467,249169.73
PO002527,W010,SUP0015,2025-03-27,Personal Care,Urgent,94,15030.13
PO002528,W006,SUP0115,2026-01-31,Apparel,Urgent,201,61763.6
PO002529,W006,SUP0019,2025-07-16,Personal Care,Standard,719,114186.16
PO002530,W018,SUP0080,2026-03-07,Furniture,Bulk,3718,14739046.44
PO002531,W022,SUP0120,2025-09-24,Apparel,Standard,514,161188.01
PO002532,W006,SUP0010,2024-06-03,Electronics,Standard,478,1012898.76
PO002533,W017,SUP0081,2025-12-30,Electronics,Standard,1095,2260449.82
PO002534,W001,SUP0143,2024-11-05,Home & Kitchen,Bulk,1443,829885.35
PO002535,W030,SUP0048,2024-02-09,Apparel,Standard,1007,359225.46
PO002536,W002,SUP0025,2024-10-28,Apparel,Standard,865,236941.29
PO002537,W018,SUP0038,2025-09-21,Grocery,Standard,938,60554.03
PO002538,W030,SUP0037,2025-10-09,Personal Care,Bulk,1399,171628.51
PO002539,W008,SUP0019,2024-02-26,Grocery,Urgent,350,25161.49
PO002540,W007,SUP0140,2026-01-28,Home & Kitchen,Standard,357,177748.9
PO002541,W024,SUP0037,2025-04-25,Stationery,Standard,462,18256.22
PO002542,W014,SUP0070,2025-08-19,Apparel,Bulk,891,304211.43
PO002543,W006,SUP0023,2024-03-24,Grocery,Standard,1149,64789.45
PO002544,W018,SUP0002,2026-01-02,Home & Kitchen,Standard,373,177324.66
PO002545,W027,SUP0145,2025-09-08,Furniture,Standard,157,534103.53
PO002546,W022,SUP0112,2025-05-13,Electronics,Standard,824,1934248.41
PO002547,W006,SUP0078,2025-12-29,Grocery,Urgent,285,16088.98
PO002548,W022,SUP0091,2024-01-22,Personal Care,Standard,381,63097.14
PO002549,W030,SUP0113,2024-05-07,Apparel,Urgent,344,111042.05
PO002550,W005,SUP0006,2024-11-08,Electronics,Bulk,2583,6009912.67
PO002551,W021,SUP0132,2026-02-22,Home & Kitchen,Bulk,1127,615617.3
PO002552,W015,SUP0091,2025-08-27,Apparel,Standard,609,194870.48
PO002553,W022,SUP0077,2025-08-24,Apparel,Standard,277,77764.15
PO002554,W004,SUP0146,2024-08-26,Personal Care,Bulk,1216,166307.34
PO002555,W006,SUP0144,2025-03-31,Stationery,Standard,1052,54687.08
PO002556,W009,SUP0108,2026-01-24,Home & Kitchen,Bulk,4759,2513582.77
PO002557,W027,SUP0069,2024-02-12,Home & Kitchen,Urgent,257,137850.28
PO002558,W010,SUP0074,2024-11-25,Apparel,Urgent,53,15799.36
PO002559,W009,SUP0095,2026-06-10,Apparel,Standard,1079,341529.63
PO002560,W025,SUP0028,2026-02-09,Apparel,Urgent,207,60050.52
PO002561,W004,SUP0005,2024-10-21,Grocery,Bulk,2297,126102.23
PO002562,W008,SUP0003,2025-09-16,Grocery,Bulk,2510,162705.55
PO002563,W017,SUP0049,2025-07-09,Grocery,Standard,190,12594.82
PO002564,W009,SUP0078,2024-04-20,Grocery,Standard,84,5336.78
PO002565,W019,SUP0075,2025-08-19,Home & Kitchen,Bulk,606,298040.17
PO002566,W019,SUP0044,2024-03-21,Grocery,Standard,709,50365.38
PO002567,W004,SUP0017,2024-06-27,Personal Care,Standard,793,99945.58
PO002568,W003,SUP0027,2025-10-31,Grocery,Bulk,4935,279304.58
PO002569,W026,SUP0134,2025-04-06,Grocery,Standard,1174,76775.09
PO002570,W012,SUP0075,2026-03-11,Home & Kitchen,Urgent,319,182375.59
PO002571,W004,SUP0150,2025-02-12,Personal Care,Standard,1168,187571.49
PO002572,W001,SUP0096,2024-12-09,Furniture,Bulk,2461,7386361.2
PO002573,W012,SUP0100,2026-01-12,Apparel,Standard,178,62347.38
PO002574,W027,SUP0006,2025-04-13,Apparel,Standard,362,127116.37
PO002575,W005,SUP0149,2025-11-30,Furniture,Standard,193,797556.08
PO002576,W030,SUP0018,2026-02-25,Personal Care,Urgent,74,11249.23
PO002577,W001,SUP0083,2026-04-06,Personal Care,Standard,432,60115.68
PO002578,W019,SUP0131,2025-09-04,Grocery,Urgent,156,10948.55
PO002579,W023,SUP0138,2025-10-08,Grocery,Standard,69,3669.58
PO002580,W016,SUP0005,2025-02-18,Apparel,Standard,1184,446280.68
PO002581,W006,SUP0121,2026-07-04,Grocery,Urgent,226,15665.13
PO002582,W008,SUP0001,2025-12-06,Furniture,Standard,174,563589.66
PO002583,W017,SUP0145,2026-08-05,Grocery,Standard,436,28074.19
PO002584,W028,SUP0054,2025-03-28,Grocery,Bulk,2961,189302.89
PO002585,W012,SUP0099,2024-03-13,Stationery,Urgent,182,8527.23
PO002586,W009,SUP0003,2026-07-04,Apparel,Standard,924,331536.81
PO002587,W011,SUP0114,2024-02-14,Apparel,Standard,509,162252.58
PO002588,W030,SUP0007,2025-05-17,Electronics,Standard,1003,2134690.43
PO002589,W006,SUP0040,2026-07-16,Electronics,Urgent,39,94965.77
PO002590,W004,SUP0083,2024-12-06,Stationery,Urgent,194,8849.17
PO002591,W028,SUP0088,2026-06-30,Stationery,Standard,902,44691.76
PO002592,W003,SUP0006,2024-09-28,Personal Care,Standard,390,52119.65
PO002593,W027,SUP0060,2024-12-27,Furniture,Bulk,4797,19644478.69
PO002594,W020,SUP0146,2025-05-12,Electronics,Bulk,1578,3442240.58
PO002595,W030,SUP0137,2024-02-04,Apparel,Bulk,4173,1362161.99
PO002596,W008,SUP0128,2025-04-20,Home & Kitchen,Bulk,2158,991410.05
PO002597,W027,SUP0071,2024-05-20,Personal Care,Urgent,239,34613.17
PO002598,W002,SUP0136,2026-01-16,Grocery,Standard,271,16262.75
PO002599,W026,SUP0115,2026-06-11,Grocery,Standard,600,38719.32
PO002600,W009,SUP0102,2024-07-14,Apparel,Bulk,4709,1804737.74
PO002601,W013,SUP0111,2024-04-26,Personal Care,Standard,127,16770.91
PO002602,W027,SUP0026,2025-07-21,Electronics,Urgent,87,176996.75
PO002603,W020,SUP0094,2024-10-30,Home & Kitchen,Bulk,2721,1493192.75
PO002604,W013,SUP0119,2024-07-14,Home & Kitchen,Standard,1181,513249.52
PO002605,W007,SUP0008,2024-12-13,Electronics,Standard,132,316186.44
PO002606,W025,SUP0077,2025-11-04,Stationery,Bulk,2703,127865.36
PO002607,W014,SUP0010,2026-04-26,Home & Kitchen,Bulk,4685,2318179.66
PO002608,W006,SUP0078,2026-07-16,Grocery,Standard,571,34567.21
PO002609,W010,SUP0004,2025-07-10,Personal Care,Bulk,563,79567.18
PO002610,W027,SUP0046,2026-07-09,Grocery,Bulk,2150,137418.49
PO002611,W001,SUP0009,2024-11-03,Personal Care,Standard,260,31523.62
PO002612,W008,SUP0120,2024-11-02,Grocery,Standard,339,18698.19
PO002613,W024,SUP0048,2024-06-18,Apparel,Bulk,1661,473796.98
PO002614,W019,SUP0015,2025-03-04,Grocery,Standard,607,32974.34
PO002615,W012,SUP0032,2024-08-21,Grocery,Standard,425,21824.72
PO002616,W004,SUP0147,2024-07-16,Grocery,Standard,104,6768.84
PO002617,W001,SUP0049,2025-09-13,Electronics,Bulk,4502,11535779.02
PO002618,W011,SUP0033,2024-07-13,Home & Kitchen,Standard,146,76413.82
PO002619,W022,SUP0036,2024-11-16,Stationery,Bulk,2961,145951.79
PO002620,W006,SUP0008,2024-09-19,Home & Kitchen,Standard,225,126524.08
PO002621,W029,SUP0022,2026-03-11,Home & Kitchen,Bulk,3957,2167469.18
PO002622,W020,SUP0103,2025-01-23,Home & Kitchen,Urgent,158,82899.84
PO002623,W013,SUP0100,2025-08-25,Stationery,Urgent,251,12585.32
PO002624,W025,SUP0025,2024-01-27,Apparel,Urgent,24,8676.79
PO002625,W008,SUP0043,2025-10-22,Grocery,Urgent,341,23699.46
PO002626,W028,SUP0070,2024-02-21,Home & Kitchen,Standard,572,238900.73
PO002627,W010,SUP0004,2024-07-13,Personal Care,Standard,817,110602.31
PO002628,W001,SUP0041,2024-11-18,Home & Kitchen,Standard,1159,494255.94
PO002629,W030,SUP0001,2026-07-13,Grocery,Urgent,197,12403.5
PO002630,W015,SUP0033,2024-07-03,Electronics,Standard,733,1584230.64
PO002631,W029,SUP0017,2026-04-17,Apparel,Urgent,358,114980.5
PO002632,W002,SUP0113,2025-05-10,Electronics,Standard,993,1893301.98
PO002633,W005,SUP0087,2024-06-14,Grocery,Urgent,288,19040.1
PO002634,W015,SUP0060,2025-01-09,Electronics,Bulk,1048,2708261.16
PO002635,W028,SUP0011,2025-02-24,Stationery,Urgent,139,6780.64
PO002636,W002,SUP0104,2026-05-02,Electronics,Standard,376,815873.24
PO002637,W017,SUP0074,2024-08-28,Apparel,Bulk,825,254135.66
PO002638,W025,SUP0058,2024-11-24,Home & Kitchen,Standard,64,32833.24
PO002639,W010,SUP0108,2024-05-17,Furniture,Standard,815,3219827.84
PO002640,W013,SUP0055,2025-03-11,Furniture,Bulk,4368,17984267.58
PO002641,W030,SUP0059,2025-02-13,Grocery,Standard,287,17368.34
PO002642,W016,SUP0074,2024-06-24,Electronics,Standard,654,1698479.95
PO002643,W023,SUP0093,2025-01-26,Grocery,Standard,81,5141.67
PO002644,W022,SUP0101,2025-12-28,Apparel,Standard,341,123128.02
PO002645,W029,SUP0075,2024-04-13,Grocery,Urgent,259,16663.12
PO002646,W009,SUP0031,2024-08-05,Electronics,Standard,421,1046416.03
PO002647,W017,SUP0137,2025-04-21,Apparel,Standard,755,225137.64
PO002648,W005,SUP0150,2025-02-14,Apparel,Standard,1141,382929.65
PO002649,W009,SUP0041,2024-06-18,Apparel,Urgent,48,14782.11
PO002650,W027,SUP0070,2024-03-01,Electronics,Standard,1096,2551973.37
PO002651,W030,SUP0075,2025-12-08,Grocery,Standard,536,33922.87
PO002652,W009,SUP0101,2024-01-25,Apparel,Urgent,283,100162.8
PO002653,W025,SUP0057,2025-01-19,Home & Kitchen,Bulk,1259,697514.97
PO002654,W017,SUP0080,2024-03-24,Grocery,Standard,1143,74932.48
PO002655,W023,SUP0113,2024-07-26,Grocery,Standard,1047,74243.17
PO002656,W009,SUP0020,2025-11-30,Personal Care,Standard,887,117424.72
PO002657,W009,SUP0047,2025-01-17,Personal Care,Standard,620,100617.54
PO002658,W005,SUP0081,2026-02-18,Apparel,Bulk,3324,974077.57
PO002659,W015,SUP0072,2024-04-26,Apparel,Urgent,226,78638.19
PO002660,W001,SUP0105,2025-12-18,Grocery,Standard,896,55623.95
PO002661,W027,SUP0141,2025-12-05,Grocery,Standard,1019,52968.23
PO002662,W006,SUP0121,2024-05-09,Grocery,Standard,1144,76483.19
PO002663,W020,SUP0118,2024-12-27,Home & Kitchen,Standard,60,33632.59
PO002664,W015,SUP0010,2025-04-12,Grocery,Bulk,2072,128645.13
PO002665,W009,SUP0035,2025-07-25,Apparel,Standard,214,65618.16
PO002666,W030,SUP0030,2024-12-15,Apparel,Standard,601,188859.07
PO002667,W027,SUP0087,2024-10-25,Home & Kitchen,Urgent,326,141214.12
PO002668,W024,SUP0054,2024-11-29,Electronics,Standard,1130,2391375.17
PO002669,W002,SUP0007,2025-04-03,Grocery,Bulk,987,54303.55
PO002670,W014,SUP0082,2025-12-02,Electronics,Standard,655,1645498.08
PO002671,W021,SUP0133,2025-05-11,Home & Kitchen,Standard,826,381414.96
PO002672,W002,SUP0005,2024-03-04,Home & Kitchen,Standard,484,226621.75
PO002673,W023,SUP0019,2026-05-30,Stationery,Standard,1040,45905.05
PO002674,W027,SUP0070,2025-05-05,Home & Kitchen,Standard,1146,513901.25
PO002675,W030,SUP0103,2024-07-26,Furniture,Urgent,183,571829.38
PO002676,W015,SUP0119,2026-07-08,Electronics,Urgent,119,312425.06
PO002677,W001,SUP0048,2025-04-05,Apparel,Urgent,179,59187.05
PO002678,W005,SUP0116,2025-05-16,Electronics,Standard,334,772828.79
PO002679,W027,SUP0083,2024-11-02,Personal Care,Standard,376,55623.27
PO002680,W004,SUP0093,2024-01-19,Home & Kitchen,Standard,1097,543039.81
PO002681,W020,SUP0083,2024-12-17,Furniture,Standard,418,1746932.65
PO002682,W021,SUP0080,2026-02-02,Grocery,Standard,369,23694.11
PO002683,W013,SUP0062,2025-12-02,Home & Kitchen,Bulk,2680,1462799.57
PO002684,W026,SUP0116,2024-12-11,Personal Care,Bulk,3153,497412.95
PO002685,W003,SUP0116,2025-12-14,Furniture,Bulk,4133,13033774.46
PO002686,W020,SUP0078,2024-06-08,Furniture,Bulk,767,2872623.26
PO002687,W010,SUP0043,2025-01-04,Grocery,Standard,618,42572.52
PO002688,W027,SUP0028,2024-03-22,Home & Kitchen,Bulk,2372,1126346.77
PO002689,W011,SUP0097,2024-04-12,Personal Care,Urgent,325,50068.76
PO002690,W005,SUP0019,2024-05-13,Electronics,Bulk,4187,7917506.98
PO002691,W009,SUP0150,2024-05-29,Furniture,Bulk,2050,7376748.8
PO002692,W016,SUP0055,2025-03-14,Stationery,Standard,306,16263.62
PO002693,W002,SUP0005,2026-01-22,Electronics,Urgent,22,54129.07
PO002694,W027,SUP0115,2024-12-13,Electronics,Bulk,543,1080727.41
PO002695,W021,SUP0033,2026-03-25,Grocery,Urgent,304,18245.01
PO002696,W008,SUP0143,2025-12-28,Grocery,Standard,576,40447.64
PO002697,W019,SUP0079,2025-09-22,Apparel,Standard,941,258735.29
PO002698,W030,SUP0072,2025-02-05,Apparel,Standard,660,206239.07
PO002699,W019,SUP0014,2024-06-03,Stationery,Urgent,127,4923.83
PO002700,W011,SUP0012,2025-08-10,Personal Care,Standard,804,127375.3
PO002701,W022,SUP0144,2025-01-11,Personal Care,Standard,621,95738.71
PO002702,W025,SUP0017,2026-03-05,Personal Care,Standard,123,14672.2
PO002703,W022,SUP0005,2025-03-12,Grocery,Standard,337,19585.7
PO002704,W005,SUP0003,2025-04-21,Apparel,Standard,462,148101.45
PO002705,W001,SUP0077,2025-02-09,Grocery,Standard,502,31873.92
PO002706,W008,SUP0023,2026-03-01,Furniture,Standard,422,1467993.05
PO002707,W012,SUP0003,2024-02-01,Furniture,Standard,89,271891.03
PO002708,W027,SUP0146,2025-04-15,Electronics,Standard,335,786671.32
PO002709,W002,SUP0071,2026-03-20,Apparel,Standard,703,202222.07
PO002710,W027,SUP0099,2025-06-03,Stationery,Standard,139,5611.42
PO002711,W001,SUP0011,2025-06-13,Personal Care,Standard,174,25672.91
PO002712,W008,SUP0099,2024-02-26,Grocery,Standard,701,38064.11
PO002713,W011,SUP0149,2024-11-06,Home & Kitchen,Standard,348,158160.35
PO002714,W030,SUP0067,2026-06-15,Home & Kitchen,Standard,204,105448.45
PO002715,W030,SUP0033,2024-12-24,Grocery,Bulk,3125,190036.4
PO002716,W001,SUP0109,2026-01-12,Grocery,Standard,454,26556.62
PO002717,W005,SUP0135,2025-11-30,Electronics,Urgent,295,570984.08
PO002718,W013,SUP0109,2024-04-04,Personal Care,Urgent,238,30742.15
PO002719,W006,SUP0017,2025-08-29,Electronics,Standard,1054,2400770.83
PO002720,W030,SUP0143,2026-05-08,Stationery,Bulk,3566,153222.87
PO002721,W019,SUP0121,2026-07-21,Grocery,Standard,414,23685.18
PO002722,W009,SUP0034,2024-05-29,Grocery,Standard,153,8619.81
PO002723,W019,SUP0057,2024-12-29,Electronics,Standard,313,759000.26
PO002724,W022,SUP0098,2025-01-06,Electronics,Standard,1161,2444082.8
PO002725,W027,SUP0047,2026-05-16,Stationery,Urgent,260,11719.52
PO002726,W028,SUP0026,2024-05-15,Apparel,Standard,971,353814.88
PO002727,W012,SUP0028,2025-01-26,Grocery,Bulk,3351,239096.71
PO002728,W025,SUP0098,2024-03-04,Stationery,Standard,1063,48968.11
PO002729,W030,SUP0061,2025-07-23,Home & Kitchen,Urgent,153,63175.35
PO002730,W016,SUP0076,2025-02-06,Apparel,Bulk,3782,1246876.13
PO002731,W024,SUP0107,2025-08-26,Grocery,Standard,142,7370.06
PO002732,W015,SUP0036,2024-02-22,Home & Kitchen,Urgent,122,51063.55
PO002733,W010,SUP0107,2024-12-01,Home & Kitchen,Bulk,965,446720.0
PO002734,W005,SUP0024,2025-03-19,Apparel,Urgent,217,65171.76
PO002735,W002,SUP0002,2024-04-09,Furniture,Standard,683,2226863.11
PO002736,W008,SUP0049,2026-05-09,Apparel,Standard,722,229300.28
PO002737,W009,SUP0049,2025-05-23,Apparel,Standard,1163,403576.21
PO002738,W018,SUP0131,2024-12-08,Grocery,Urgent,153,9156.7
PO002739,W022,SUP0095,2024-03-04,Electronics,Standard,905,1950374.44
PO002740,W023,SUP0092,2026-01-20,Apparel,Standard,664,187988.17
PO002741,W026,SUP0011,2026-01-01,Grocery,Standard,552,31471.2
PO002742,W018,SUP0011,2025-09-13,Grocery,Bulk,766,42113.0
PO002743,W015,SUP0039,2025-07-11,Home & Kitchen,Standard,581,295758.8
PO002744,W019,SUP0079,2024-08-04,Grocery,Urgent,227,13574.03
PO002745,W023,SUP0144,2025-08-13,Electronics,Standard,227,459467.81
PO002746,W027,SUP0105,2024-10-18,Apparel,Standard,185,56420.19
PO002747,W006,SUP0059,2026-03-21,Electronics,Standard,817,1889079.88
PO002748,W027,SUP0134,2024-10-14,Grocery,Standard,115,8127.86
PO002749,W005,SUP0113,2025-04-27,Stationery,Standard,574,24692.63
PO002750,W001,SUP0008,2024-05-12,Apparel,Bulk,1126,401481.46
PO002751,W027,SUP0013,2025-09-01,Personal Care,Urgent,289,48094.41
PO002752,W006,SUP0086,2025-05-06,Electronics,Standard,703,1324076.61
PO002753,W027,SUP0025,2025-04-18,Grocery,Standard,1120,69424.0
PO002754,W009,SUP0020,2025-02-16,Grocery,Standard,79,4063.07
PO002755,W009,SUP0021,2024-03-22,Home & Kitchen,Standard,505,239452.82
PO002756,W027,SUP0136,2026-01-22,Furniture,Standard,59,185602.84
PO002757,W025,SUP0073,2025-01-11,Home & Kitchen,Standard,834,416867.31
PO002758,W001,SUP0044,2025-12-19,Stationery,Standard,776,41636.28
PO002759,W030,SUP0071,2026-01-10,Electronics,Standard,1104,2714236.41
PO002760,W005,SUP0080,2024-01-10,Personal Care,Standard,337,49104.33
PO002761,W022,SUP0031,2024-06-20,Grocery,Standard,475,29446.67
PO002762,W030,SUP0014,2024-09-25,Personal Care,Bulk,2980,445310.12
PO002763,W027,SUP0105,2026-06-27,Personal Care,Standard,154,20798.33
PO002764,W015,SUP0147,2024-05-08,Grocery,Bulk,1747,94369.27
PO002765,W030,SUP0150,2026-07-02,Apparel,Standard,418,127418.55
PO002766,W022,SUP0149,2026-07-08,Apparel,Standard,338,106790.66
PO002767,W006,SUP0070,2025-08-09,Grocery,Bulk,1896,102803.63
PO002768,W030,SUP0069,2024-12-04,Electronics,Bulk,1640,3587537.16
PO002769,W018,SUP0007,2025-06-14,Furniture,Bulk,4872,18323509.46
PO002770,W008,SUP0082,2025-04-02,Home & Kitchen,Urgent,82,42608.88
PO002771,W012,SUP0007,2025-08-24,Stationery,Bulk,1232,48735.54
PO002772,W005,SUP0043,2025-03-07,Grocery,Urgent,278,15823.44
PO002773,W018,SUP0141,2025-10-07,Grocery,Standard,809,48157.19
PO002774,W018,SUP0107,2025-04-28,Electronics,Standard,474,1037865.52
PO002775,W004,SUP0077,2024-06-24,Personal Care,Standard,969,125080.37
PO002776,W012,SUP0007,2025-09-30,Grocery,Urgent,267,14176.7
PO002777,W006,SUP0061,2025-06-10,Furniture,Standard,759,2326745.25
PO002778,W028,SUP0014,2026-01-14,Stationery,Standard,304,12596.75
PO002779,W005,SUP0095,2024-02-09,Home & Kitchen,Bulk,4717,2400706.26
PO002780,W019,SUP0099,2024-07-26,Electronics,Standard,252,584528.41
PO002781,W020,SUP0136,2026-07-01,Grocery,Standard,135,9534.07
PO002782,W019,SUP0007,2026-05-22,Grocery,Standard,819,46083.95
PO002783,W010,SUP0113,2024-11-13,Home & Kitchen,Standard,841,446918.84
PO002784,W006,SUP0129,2025-07-02,Personal Care,Standard,54,6493.35
PO002785,W001,SUP0074,2024-10-10,Home & Kitchen,Bulk,4118,2295298.44
PO002786,W005,SUP0123,2025-08-19,Electronics,Urgent,31,59666.51
PO002787,W027,SUP0001,2026-04-17,Stationery,Standard,62,2594.42
PO002788,W007,SUP0094,2024-05-29,Grocery,Standard,1165,72770.6
PO002789,W016,SUP0053,2026-03-30,Grocery,Standard,835,50807.98
PO002790,W008,SUP0086,2026-02-05,Grocery,Bulk,3793,216398.53
PO002791,W001,SUP0047,2024-08-19,Electronics,Standard,291,690806.39
PO002792,W012,SUP0141,2024-11-18,Stationery,Standard,450,23549.26
PO002793,W030,SUP0112,2025-08-31,Stationery,Standard,636,28943.17
PO002794,W011,SUP0141,2025-08-01,Grocery,Standard,604,41930.86
PO002795,W009,SUP0080,2024-05-10,Apparel,Bulk,996,333783.05
PO002796,W018,SUP0131,2026-05-25,Grocery,Bulk,3861,236448.23
PO002797,W009,SUP0137,2026-04-19,Stationery,Urgent,249,9870.07
PO002798,W006,SUP0130,2024-12-24,Apparel,Urgent,359,118666.06
PO002799,W010,SUP0044,2026-05-19,Electronics,Standard,1116,2665017.58
PO002800,W029,SUP0078,2024-04-08,Furniture,Standard,420,1505067.7
PO002801,W004,SUP0062,2024-08-02,Grocery,Bulk,2509,131418.78
PO002802,W003,SUP0121,2025-06-17,Furniture,Bulk,2324,7273277.36
PO002803,W025,SUP0108,2024-06-11,Grocery,Bulk,3127,182953.59
PO002804,W005,SUP0115,2024-09-12,Grocery,Urgent,364,24832.86
PO002805,W003,SUP0029,2025-08-08,Electronics,Urgent,374,970948.85
PO002806,W006,SUP0035,2026-06-06,Home & Kitchen,Standard,671,317176.74
PO002807,W028,SUP0044,2025-12-15,Furniture,Standard,717,2489432.7
PO002808,W030,SUP0088,2025-04-26,Grocery,Standard,170,8728.82
PO002809,W030,SUP0072,2026-04-09,Grocery,Urgent,171,9531.07
PO002810,W008,SUP0067,2026-01-18,Grocery,Urgent,322,17015.12
PO002811,W029,SUP0058,2024-09-23,Grocery,Urgent,26,1447.89
PO002812,W001,SUP0136,2025-08-05,Personal Care,Standard,865,126760.94
PO002813,W015,SUP0092,2025-07-02,Personal Care,Urgent,205,30400.0
PO002814,W017,SUP0035,2025-12-28,Grocery,Standard,434,23065.04
PO002815,W013,SUP0083,2025-03-04,Electronics,Standard,688,1530859.12
PO002816,W030,SUP0047,2025-04-21,Electronics,Standard,756,1908272.44
PO002817,W025,SUP0109,2024-10-29,Home & Kitchen,Standard,929,517224.29
PO002818,W014,SUP0071,2026-02-17,Stationery,Urgent,338,15064.26
PO002819,W024,SUP0094,2024-06-24,Apparel,Bulk,2220,794829.37
PO002820,W025,SUP0032,2024-03-28,Home & Kitchen,Standard,371,164721.18
PO002821,W002,SUP0132,2026-02-26,Apparel,Bulk,1755,540336.38
PO002822,W008,SUP0076,2024-08-25,Electronics,Urgent,188,356615.8
PO002823,W009,SUP0093,2024-01-02,Grocery,Standard,713,43201.12
PO002824,W030,SUP0129,2026-07-17,Apparel,Standard,645,185982.26
PO002825,W027,SUP0028,2025-12-18,Home & Kitchen,Standard,530,259369.75
PO002826,W008,SUP0075,2026-03-08,Apparel,Standard,628,202868.46
PO002827,W030,SUP0038,2024-01-28,Apparel,Urgent,344,131251.35
PO002828,W001,SUP0148,2025-01-24,Grocery,Urgent,298,15902.37
PO002829,W009,SUP0146,2024-01-03,Grocery,Standard,1130,61933.47
PO002830,W005,SUP0047,2025-11-02,Apparel,Standard,450,128487.15
PO002831,W016,SUP0069,2025-08-21,Furniture,Standard,672,2594423.51
PO002832,W029,SUP0055,2024-05-11,Personal Care,Urgent,386,54314.31
PO002833,W026,SUP0146,2024-07-12,Stationery,Bulk,2766,125898.69
PO002834,W001,SUP0146,2024-06-03,Apparel,Standard,561,184803.93
PO002835,W006,SUP0103,2025-09-25,Furniture,Standard,249,827753.42
PO002836,W026,SUP0020,2024-08-05,Furniture,Standard,743,3003951.51
PO002837,W007,SUP0045,2025-05-15,Grocery,Standard,617,32072.33
PO002838,W027,SUP0016,2026-02-07,Electronics,Bulk,2586,5017076.34
PO002839,W020,SUP0014,2024-07-24,Electronics,Standard,686,1791957.94
PO002840,W023,SUP0010,2024-04-19,Grocery,Bulk,735,38656.84
PO002841,W023,SUP0138,2025-07-27,Apparel,Standard,195,67786.97
PO002842,W018,SUP0101,2025-05-23,Apparel,Standard,995,315415.53
PO002843,W005,SUP0106,2025-01-09,Home & Kitchen,Standard,784,422164.62
PO002844,W027,SUP0135,2025-04-17,Grocery,Standard,672,37322.88
PO002845,W018,SUP0059,2024-05-12,Grocery,Bulk,4441,231191.55
PO002846,W024,SUP0117,2024-05-31,Electronics,Standard,972,2190089.97
PO002847,W001,SUP0129,2026-05-18,Stationery,Bulk,2993,131596.85
PO002848,W005,SUP0093,2026-06-10,Grocery,Urgent,258,16466.48
PO002849,W018,SUP0013,2024-12-09,Apparel,Bulk,4839,1783654.17
PO002850,W027,SUP0133,2025-05-13,Electronics,Bulk,1258,2547958.87
PO002851,W009,SUP0137,2025-08-30,Furniture,Standard,64,229390.42
PO002852,W025,SUP0106,2024-07-01,Stationery,Standard,964,45089.17
PO002853,W001,SUP0092,2024-11-02,Apparel,Standard,755,206889.3
PO002854,W001,SUP0012,2026-04-06,Personal Care,Urgent,134,18104.41
PO002855,W022,SUP0072,2024-05-28,Electronics,Standard,675,1510557.92
PO002856,W030,SUP0044,2024-09-30,Grocery,Standard,592,41665.3
PO002857,W008,SUP0023,2024-08-31,Personal Care,Standard,902,123888.49
PO002858,W009,SUP0105,2025-07-11,Apparel,Urgent,369,106412.13
PO002859,W009,SUP0100,2026-07-12,Apparel,Bulk,1658,560517.0
PO002860,W018,SUP0047,2026-05-05,Grocery,Bulk,3955,235566.19
PO002861,W010,SUP0067,2026-05-12,Electronics,Bulk,1526,3912739.37
PO002862,W009,SUP0113,2024-12-05,Home & Kitchen,Bulk,4335,1834856.12
PO002863,W025,SUP0108,2025-08-26,Grocery,Standard,1011,60458.31
PO002864,W001,SUP0013,2026-03-24,Electronics,Bulk,4570,11311007.04
PO002865,W027,SUP0081,2026-01-14,Stationery,Bulk,957,50422.5
PO002866,W025,SUP0039,2024-02-23,Home & Kitchen,Standard,718,336963.25
PO002867,W030,SUP0125,2025-06-06,Grocery,Standard,361,21212.95
PO002868,W027,SUP0079,2024-04-13,Grocery,Bulk,3916,236521.94
PO002869,W026,SUP0103,2024-11-03,Grocery,Standard,280,18484.8
PO002870,W007,SUP0093,2025-03-16,Grocery,Standard,832,56606.87
PO002871,W026,SUP0047,2026-01-16,Electronics,Standard,879,1881475.51
PO002872,W019,SUP0125,2024-04-28,Apparel,Standard,752,206150.38
PO002873,W009,SUP0014,2026-05-02,Home & Kitchen,Standard,794,425180.04
PO002874,W027,SUP0097,2026-05-27,Home & Kitchen,Standard,132,67624.06
PO002875,W015,SUP0026,2025-05-17,Grocery,Standard,114,7122.21
PO002876,W030,SUP0073,2025-12-14,Grocery,Bulk,4511,273056.36
PO002877,W024,SUP0114,2025-12-14,Apparel,Standard,689,250751.65
PO002878,W028,SUP0003,2024-10-12,Grocery,Bulk,4879,275255.37
PO002879,W029,SUP0092,2024-05-04,Electronics,Standard,388,941268.83
PO002880,W018,SUP0008,2024-01-17,Home & Kitchen,Urgent,44,18962.68
PO002881,W028,SUP0040,2025-06-29,Home & Kitchen,Standard,405,198902.76
PO002882,W019,SUP0008,2026-02-24,Home & Kitchen,Standard,923,493825.94
PO002883,W015,SUP0065,2025-12-01,Stationery,Standard,244,9439.01
PO002884,W030,SUP0057,2026-05-26,Home & Kitchen,Urgent,174,76254.59
PO002885,W023,SUP0074,2024-04-17,Grocery,Standard,336,22177.46
PO002886,W023,SUP0047,2026-03-20,Electronics,Standard,112,284423.44
PO002887,W030,SUP0043,2025-07-12,Furniture,Standard,731,2450056.22
PO002888,W020,SUP0084,2025-06-15,Grocery,Bulk,3408,202582.03
PO002889,W001,SUP0054,2026-03-27,Apparel,Standard,1181,433116.9
PO002890,W022,SUP0142,2026-08-04,Grocery,Standard,868,53513.08
PO002891,W020,SUP0030,2025-02-17,Grocery,Urgent,214,13048.49
PO002892,W024,SUP0010,2024-07-23,Grocery,Standard,572,33935.56
PO002893,W030,SUP0130,2026-03-15,Home & Kitchen,Standard,608,272491.39
PO002894,W024,SUP0049,2026-06-12,Grocery,Standard,1119,63232.84
PO002895,W030,SUP0144,2025-02-15,Grocery,Bulk,4800,321953.2
PO002896,W026,SUP0004,2026-05-20,Grocery,Standard,615,35115.95
PO002897,W030,SUP0122,2025-01-12,Apparel,Standard,525,180322.26
PO002898,W012,SUP0074,2025-01-28,Grocery,Urgent,226,12457.0
PO002899,W006,SUP0065,2026-06-04,Grocery,Standard,445,30735.9
PO002900,W017,SUP0026,2024-10-11,Home & Kitchen,Standard,82,36810.17
PO002901,W028,SUP0070,2024-12-28,Apparel,Standard,1083,354734.59
PO002902,W027,SUP0043,2025-10-31,Grocery,Urgent,164,10433.97
PO002903,W022,SUP0111,2025-12-16,Apparel,Standard,989,278774.01
PO002904,W011,SUP0025,2024-07-19,Apparel,Standard,258,76225.78
PO002905,W007,SUP0016,2025-12-15,Grocery,Standard,314,18489.06
PO002906,W001,SUP0112,2025-10-27,Electronics,Standard,930,2273709.75
PO002907,W012,SUP0015,2024-02-06,Electronics,Urgent,179,389878.04
PO002908,W015,SUP0029,2026-05-26,Personal Care,Standard,909,126213.52
PO002909,W030,SUP0075,2025-01-27,Stationery,Standard,842,33786.55
PO002910,W018,SUP0004,2024-06-20,Grocery,Standard,58,3425.08
PO002911,W018,SUP0083,2026-05-11,Home & Kitchen,Urgent,94,47556.52
PO002912,W014,SUP0055,2026-01-26,Grocery,Standard,422,29276.82
PO002913,W001,SUP0137,2024-01-02,Grocery,Standard,560,36087.42
PO002914,W007,SUP0140,2024-03-15,Electronics,Standard,708,1398398.34
PO002915,W021,SUP0145,2026-05-13,Apparel,Standard,836,290028.35
PO002916,W023,SUP0075,2025-05-30,Apparel,Bulk,3403,1143802.04
PO002917,W030,SUP0048,2026-04-02,Grocery,Standard,276,19689.44
PO002918,W014,SUP0099,2026-03-06,Grocery,Urgent,94,6063.53
PO002919,W022,SUP0051,2024-06-15,Stationery,Urgent,63,3018.06
PO002920,W027,SUP0026,2025-11-15,Personal Care,Urgent,184,26709.39
PO002921,W025,SUP0029,2024-05-22,Furniture,Bulk,4298,14025477.66
PO002922,W003,SUP0048,2024-08-16,Personal Care,Standard,195,28444.04
PO002923,W028,SUP0030,2024-05-30,Electronics,Bulk,4691,8930235.29
PO002924,W025,SUP0012,2025-08-28,Grocery,Bulk,1815,104820.61
PO002925,W022,SUP0058,2024-09-09,Personal Care,Standard,754,106089.25
PO002926,W004,SUP0116,2025-07-30,Apparel,Standard,780,214532.24
PO002927,W030,SUP0134,2025-08-08,Home & Kitchen,Standard,741,353250.32
PO002928,W022,SUP0050,2026-01-12,Apparel,Urgent,42,13839.96
PO002929,W005,SUP0061,2024-12-11,Home & Kitchen,Bulk,914,483380.26
PO002930,W018,SUP0104,2026-04-14,Grocery,Bulk,4357,258580.19
PO002931,W004,SUP0100,2026-01-31,Stationery,Urgent,62,2430.44
PO002932,W001,SUP0087,2025-11-10,Grocery,Standard,315,19343.81
PO002933,W023,SUP0071,2025-11-17,Grocery,Standard,238,13749.86
PO002934,W024,SUP0102,2025-09-01,Personal Care,Standard,680,102118.25
PO002935,W015,SUP0029,2026-04-18,Electronics,Urgent,115,257543.23
PO002936,W004,SUP0076,2026-08-09,Furniture,Standard,657,2024059.95
PO002937,W009,SUP0132,2025-09-12,Home & Kitchen,Standard,70,38692.93
PO002938,W002,SUP0072,2024-08-16,Electronics,Standard,1075,2271231.13
PO002939,W006,SUP0058,2024-06-17,Apparel,Bulk,786,226554.91
PO002940,W001,SUP0136,2025-07-11,Personal Care,Standard,532,76584.7
PO002941,W022,SUP0023,2025-07-14,Apparel,Standard,486,177061.2
PO002942,W026,SUP0080,2025-05-20,Home & Kitchen,Standard,1180,580485.79
PO002943,W015,SUP0042,2026-03-24,Home & Kitchen,Standard,952,391602.58
PO002944,W022,SUP0074,2025-12-07,Apparel,Standard,340,110549.08
PO002945,W004,SUP0148,2025-06-13,Electronics,Standard,795,1667199.59
PO002946,W029,SUP0138,2025-03-14,Home & Kitchen,Standard,470,197016.41
PO002947,W019,SUP0144,2026-07-15,Personal Care,Bulk,2168,362989.2
PO002948,W003,SUP0001,2024-06-20,Apparel,Standard,612,178687.81
PO002949,W016,SUP0070,2025-02-25,Stationery,Standard,830,37907.48
PO002950,W013,SUP0007,2025-12-02,Grocery,Standard,518,30137.33
PO002951,W027,SUP0001,2025-01-27,Home & Kitchen,Urgent,338,161195.1
PO002952,W025,SUP0036,2024-07-23,Personal Care,Urgent,362,45292.38
PO002953,W002,SUP0015,2025-08-30,Personal Care,Standard,789,103061.21
PO002954,W021,SUP0076,2026-04-12,Home & Kitchen,Standard,809,374944.26
PO002955,W001,SUP0101,2026-03-27,Grocery,Urgent,201,14069.25
PO002956,W015,SUP0105,2025-11-17,Apparel,Standard,810,261669.45
PO002957,W027,SUP0131,2024-04-17,Grocery,Standard,1012,66040.71
PO002958,W005,SUP0009,2024-02-05,Stationery,Standard,458,18538.45
PO002959,W021,SUP0123,2026-06-25,Grocery,Standard,201,13120.62
PO002960,W011,SUP0014,2026-02-22,Apparel,Standard,1076,384114.81
PO002961,W002,SUP0147,2026-05-02,Electronics,Urgent,262,650516.79
PO002962,W028,SUP0051,2026-01-15,Apparel,Standard,331,99172.32
PO002963,W024,SUP0107,2025-01-02,Home & Kitchen,Standard,284,160123.98
PO002964,W006,SUP0044,2026-04-01,Grocery,Standard,844,48877.9
PO002965,W005,SUP0086,2026-03-17,Home & Kitchen,Urgent,267,129601.67
PO002966,W009,SUP0149,2024-06-21,Personal Care,Standard,1156,155311.92
PO002967,W023,SUP0054,2024-10-19,Grocery,Standard,93,5587.85
PO002968,W029,SUP0020,2024-06-27,Grocery,Standard,811,50175.83
PO002969,W015,SUP0140,2026-01-02,Apparel,Standard,412,143691.18
PO002970,W001,SUP0101,2024-07-03,Apparel,Standard,676,237901.58
PO002971,W001,SUP0099,2026-03-29,Home & Kitchen,Standard,198,92149.96
PO002972,W006,SUP0027,2024-05-16,Grocery,Standard,807,53552.36
PO002973,W026,SUP0073,2024-03-16,Electronics,Bulk,703,1654682.92
PO002974,W004,SUP0124,2024-02-04,Home & Kitchen,Urgent,58,27934.21
PO002975,W018,SUP0075,2025-08-09,Apparel,Bulk,4648,1275774.51
PO002976,W001,SUP0040,2025-02-15,Personal Care,Standard,352,42209.19
PO002977,W008,SUP0110,2026-05-12,Home & Kitchen,Standard,511,258124.1
PO002978,W021,SUP0102,2024-02-12,Grocery,Urgent,393,22012.1
PO002979,W022,SUP0089,2025-10-08,Grocery,Standard,767,44874.23
PO002980,W001,SUP0012,2025-06-07,Grocery,Urgent,189,12562.65
PO002981,W005,SUP0059,2026-02-06,Apparel,Bulk,2395,690653.66
PO002982,W006,SUP0060,2024-06-26,Personal Care,Standard,171,26633.5
PO002983,W006,SUP0044,2024-09-10,Grocery,Standard,461,32374.34
PO002984,W009,SUP0044,2025-03-06,Grocery,Standard,470,32199.86
PO002985,W026,SUP0036,2025-02-05,Apparel,Urgent,321,107537.05
PO002986,W002,SUP0078,2024-12-04,Electronics,Standard,172,440654.56
PO002987,W006,SUP0052,2024-01-17,Grocery,Standard,529,31317.41
PO002988,W015,SUP0029,2024-02-27,Electronics,Bulk,1271,2757137.5
PO002989,W026,SUP0121,2026-03-09,Home & Kitchen,Urgent,153,71221.56
PO002990,W026,SUP0032,2025-09-06,Home & Kitchen,Urgent,396,228076.47
PO002991,W002,SUP0140,2024-11-28,Grocery,Standard,504,36167.86
PO002992,W016,SUP0147,2024-08-20,Electronics,Bulk,1970,3851569.73
PO002993,W021,SUP0068,2024-06-29,Electronics,Standard,493,970987.77
PO002994,W012,SUP0091,2024-05-24,Stationery,Standard,325,17546.33
PO002995,W027,SUP0057,2024-05-12,Grocery,Urgent,350,18943.74
PO002996,W002,SUP0015,2025-06-08,Personal Care,Standard,906,110320.42
PO002997,W018,SUP0106,2026-05-18,Grocery,Standard,1032,60778.9
PO002998,W023,SUP0049,2025-12-31,Grocery,Bulk,3911,251525.07
PO002999,W030,SUP0103,2024-03-18,Apparel,Urgent,184,69883.94
PO003000,W001,SUP0035,2024-11-02,Apparel,Standard,899,294705.04
PO003001,W024,SUP0070,2024-11-28,Furniture,Standard,423,1517664.6
PO003002,W009,SUP0118,2025-05-30,Electronics,Standard,1113,2483827.2
PO003003,W025,SUP0081,2024-05-12,Grocery,Standard,1049,57062.02
PO003004,W016,SUP0129,2024-09-10,Apparel,Standard,457,143969.54
PO003005,W026,SUP0115,2025-01-01,Furniture,Urgent,163,641486.68
PO003006,W004,SUP0027,2026-05-24,Apparel,Standard,950,291479.49
PO003007,W029,SUP0006,2024-10-22,Personal Care,Bulk,639,94871.3
PO003008,W010,SUP0015,2025-10-16,Electronics,Standard,944,2285799.91
PO003009,W027,SUP0146,2025-12-08,Personal Care,Bulk,4976,720723.31
PO003010,W007,SUP0122,2024-07-20,Apparel,Standard,103,36927.29
PO003011,W003,SUP0109,2025-11-18,Apparel,Urgent,328,121329.35
PO003012,W009,SUP0056,2026-03-23,Electronics,Standard,1136,2142551.24
PO003013,W022,SUP0031,2026-04-28,Stationery,Bulk,2178,117609.24
PO003014,W029,SUP0132,2025-07-12,Apparel,Bulk,2640,996429.3
PO003015,W015,SUP0097,2024-09-27,Electronics,Standard,424,1013095.49
PO003016,W009,SUP0089,2024-04-06,Electronics,Bulk,4219,9323732.31
PO003017,W030,SUP0103,2024-05-22,Electronics,Bulk,1340,2730522.18
PO003018,W025,SUP0054,2025-11-15,Grocery,Standard,386,21561.66
PO003019,W013,SUP0134,2026-02-01,Furniture,Standard,1072,3194986.19
PO003020,W021,SUP0081,2024-11-27,Home & Kitchen,Bulk,2078,1015839.17
PO003021,W006,SUP0024,2026-02-27,Grocery,Bulk,845,49684.73
PO003022,W015,SUP0094,2025-06-06,Furniture,Standard,725,3034433.76
PO003023,W011,SUP0061,2025-06-21,Electronics,Bulk,2033,4458850.14
PO003024,W006,SUP0067,2025-03-28,Stationery,Standard,737,36236.24
PO003025,W002,SUP0126,2025-09-23,Furniture,Urgent,392,1583111.9
PO003026,W006,SUP0040,2024-12-05,Apparel,Bulk,3469,1262189.4
PO003027,W027,SUP0140,2026-06-15,Furniture,Bulk,3135,12196816.01
PO003028,W025,SUP0113,2026-05-27,Grocery,Standard,1170,73649.21
PO003029,W012,SUP0034,2025-05-04,Electronics,Standard,356,795539.13
PO003030,W028,SUP0140,2025-12-12,Personal Care,Standard,124,16107.82
PO003031,W004,SUP0064,2024-11-13,Electronics,Standard,1046,2515649.81
PO003032,W024,SUP0007,2026-07-31,Furniture,Standard,343,1354638.21
PO003033,W025,SUP0124,2024-11-29,Grocery,Bulk,3723,247665.88
PO003034,W001,SUP0089,2026-01-15,Grocery,Standard,852,49654.64
PO003035,W027,SUP0079,2025-06-19,Home & Kitchen,Urgent,357,187726.33
PO003036,W026,SUP0028,2025-05-01,Personal Care,Urgent,307,50406.21
PO003037,W014,SUP0105,2025-02-27,Apparel,Urgent,207,61117.35
PO003038,W015,SUP0005,2024-11-16,Apparel,Urgent,139,46661.62
PO003039,W018,SUP0046,2026-01-24,Grocery,Standard,1130,81103.35
PO003040,W014,SUP0097,2025-12-07,Apparel,Standard,747,270921.27
PO003041,W001,SUP0055,2025-11-05,Electronics,Standard,960,2338450.17
PO003042,W012,SUP0142,2025-06-09,Home & Kitchen,Bulk,4991,2867291.68
PO003043,W027,SUP0036,2024-11-20,Apparel,Bulk,1064,343138.06
PO003044,W016,SUP0030,2025-04-15,Personal Care,Urgent,276,33857.34
PO003045,W006,SUP0068,2026-04-05,Furniture,Standard,836,2801637.06
PO003046,W029,SUP0092,2025-07-03,Electronics,Urgent,232,491214.01
PO003047,W012,SUP0119,2025-10-23,Apparel,Standard,266,95640.68
PO003048,W005,SUP0059,2025-10-27,Personal Care,Standard,621,79794.48
PO003049,W019,SUP0036,2024-04-13,Electronics,Standard,375,776754.17
PO003050,W005,SUP0109,2024-12-20,Home & Kitchen,Urgent,255,144977.71
PO003051,W020,SUP0121,2025-07-24,Grocery,Urgent,332,19402.82
PO003052,W022,SUP0105,2025-09-12,Furniture,Urgent,159,520540.73
PO003053,W005,SUP0050,2025-11-25,Grocery,Bulk,1737,106961.03
PO003054,W008,SUP0068,2025-10-13,Home & Kitchen,Standard,792,358812.5
PO003055,W019,SUP0115,2025-11-01,Home & Kitchen,Standard,1188,591219.7
PO003056,W006,SUP0123,2024-11-27,Electronics,Standard,882,1834373.05
PO003057,W027,SUP0035,2026-07-09,Personal Care,Standard,405,51839.92
PO003058,W024,SUP0069,2025-11-20,Personal Care,Urgent,104,13060.53
PO003059,W005,SUP0052,2026-04-09,Furniture,Bulk,3351,12211640.5
PO003060,W019,SUP0099,2025-08-13,Grocery,Bulk,1655,114496.21
PO003061,W018,SUP0125,2025-03-31,Electronics,Bulk,4854,10505315.85
PO003062,W010,SUP0063,2024-08-24,Electronics,Urgent,44,92312.18
PO003063,W021,SUP0041,2026-03-31,Stationery,Standard,999,47656.98
PO003064,W012,SUP0098,2024-01-09,Electronics,Bulk,2253,5000614.18
PO003065,W013,SUP0125,2026-06-21,Home & Kitchen,Urgent,177,90265.98
PO003066,W010,SUP0061,2024-09-28,Home & Kitchen,Standard,89,38209.38
PO003067,W018,SUP0112,2024-07-18,Personal Care,Standard,429,67428.87
PO003068,W001,SUP0124,2025-11-19,Home & Kitchen,Bulk,2851,1218929.59
PO003069,W019,SUP0140,2024-04-08,Personal Care,Standard,833,116038.46
PO003070,W003,SUP0013,2025-01-07,Furniture,Bulk,3912,11683674.14
PO003071,W006,SUP0033,2024-12-04,Electronics,Bulk,2203,5008505.89
PO003072,W027,SUP0097,2024-11-26,Personal Care,Urgent,375,46966.26
PO003073,W006,SUP0141,2024-10-15,Grocery,Bulk,721,40135.75
PO003074,W020,SUP0080,2026-03-18,Home & Kitchen,Standard,903,431475.77
PO003075,W006,SUP0134,2026-05-30,Grocery,Standard,1060,58779.64
PO003076,W030,SUP0020,2024-02-05,Electronics,Urgent,394,893591.74
PO003077,W030,SUP0024,2025-05-08,Personal Care,Standard,1110,180692.29
PO003078,W009,SUP0076,2026-06-21,Electronics,Bulk,3971,8789411.33
PO003079,W029,SUP0034,2026-04-09,Furniture,Standard,189,785229.57
PO003080,W029,SUP0097,2024-01-01,Grocery,Standard,224,13781.39
PO003081,W005,SUP0053,2025-05-09,Furniture,Bulk,4587,17166150.94
PO003082,W010,SUP0098,2024-12-11,Apparel,Bulk,514,142510.37
PO003083,W005,SUP0073,2026-05-05,Stationery,Urgent,31,1558.55
PO003084,W006,SUP0107,2025-11-29,Home & Kitchen,Standard,959,544381.7
PO003085,W016,SUP0047,2024-09-24,Grocery,Urgent,186,9655.17
PO003086,W015,SUP0147,2026-04-04,Grocery,Standard,1189,70168.28
PO003087,W013,SUP0068,2026-01-04,Furniture,Standard,520,1900265.18
PO003088,W005,SUP0070,2024-05-21,Apparel,Standard,842,246746.9
PO003089,W016,SUP0047,2026-07-09,Personal Care,Standard,906,137771.57
PO003090,W030,SUP0007,2026-05-19,Apparel,Standard,366,103989.42
PO003091,W009,SUP0035,2024-09-03,Grocery,Standard,165,8966.85
PO003092,W022,SUP0099,2024-02-02,Electronics,Bulk,4287,10975256.92
PO003093,W006,SUP0083,2024-10-05,Electronics,Bulk,1626,3421048.19
PO003094,W025,SUP0136,2025-04-24,Furniture,Standard,325,1111509.68
PO003095,W018,SUP0131,2025-01-22,Home & Kitchen,Standard,936,398346.16
PO003096,W029,SUP0101,2025-09-30,Apparel,Urgent,151,44503.52
PO003097,W001,SUP0106,2025-02-08,Stationery,Standard,1097,57057.85
PO003098,W021,SUP0123,2025-11-04,Personal Care,Urgent,328,43382.93
PO003099,W012,SUP0095,2025-05-31,Grocery,Urgent,221,12410.51
PO003100,W010,SUP0061,2026-02-11,Grocery,Bulk,1281,80248.55
PO003101,W009,SUP0036,2024-01-08,Grocery,Urgent,216,13213.46
PO003102,W029,SUP0008,2024-09-06,Home & Kitchen,Urgent,269,147817.1
PO003103,W006,SUP0046,2025-12-03,Home & Kitchen,Standard,418,218098.66
PO003104,W020,SUP0010,2024-08-17,Apparel,Standard,527,194130.57
PO003105,W001,SUP0096,2024-03-02,Personal Care,Standard,750,95910.36
PO003106,W030,SUP0061,2024-07-06,Personal Care,Standard,1176,187690.44
PO003107,W027,SUP0001,2025-11-18,Home & Kitchen,Standard,743,347700.93
PO003108,W022,SUP0141,2025-01-10,Apparel,Standard,1127,355639.29
PO003109,W015,SUP0145,2026-08-05,Personal Care,Standard,964,135496.75
PO003110,W009,SUP0084,2025-01-18,Apparel,Standard,554,166860.73
PO003111,W012,SUP0055,2024-05-10,Home & Kitchen,Standard,991,473670.34
PO003112,W021,SUP0124,2025-03-17,Home & Kitchen,Standard,689,381549.41
PO003113,W015,SUP0062,2024-02-04,Grocery,Standard,285,18628.89
PO003114,W028,SUP0044,2024-05-15,Electronics,Standard,496,1169333.2
PO003115,W008,SUP0100,2025-01-16,Electronics,Bulk,3614,8278608.39
PO003116,W027,SUP0022,2024-11-22,Personal Care,Standard,1083,137903.75
PO003117,W008,SUP0140,2025-11-27,Electronics,Bulk,755,1842471.57
PO003118,W004,SUP0082,2024-08-06,Personal Care,Standard,413,64803.89
PO003119,W003,SUP0077,2026-03-15,Apparel,Standard,425,143134.65
PO003120,W006,SUP0141,2024-12-12,Grocery,Bulk,508,35694.01
PO003121,W029,SUP0041,2024-12-01,Stationery,Urgent,363,18905.87
PO003122,W027,SUP0024,2026-06-27,Apparel,Urgent,276,97941.15
PO003123,W024,SUP0010,2025-03-17,Grocery,Standard,639,40032.43
PO003124,W008,SUP0108,2025-03-16,Personal Care,Urgent,137,22524.2
PO003125,W005,SUP0110,2024-12-26,Apparel,Urgent,233,77514.18
PO003126,W009,SUP0143,2025-06-29,Apparel,Standard,801,254248.27
PO003127,W022,SUP0083,2026-06-10,Home & Kitchen,Bulk,2371,1214638.03
PO003128,W004,SUP0150,2025-04-15,Electronics,Standard,178,411210.71
PO003129,W016,SUP0061,2024-09-04,Personal Care,Standard,627,76041.51
PO003130,W010,SUP0041,2024-05-02,Grocery,Urgent,262,17709.5
PO003131,W025,SUP0023,2026-08-01,Home & Kitchen,Urgent,191,79925.81
PO003132,W021,SUP0012,2025-03-04,Home & Kitchen,Urgent,38,16335.91
PO003133,W004,SUP0086,2025-04-18,Apparel,Standard,252,87385.35
PO003134,W008,SUP0126,2025-03-27,Grocery,Urgent,142,9755.37
PO003135,W027,SUP0015,2024-11-08,Electronics,Standard,985,2110786.41
PO003136,W028,SUP0142,2026-05-13,Stationery,Standard,310,12051.03
PO003137,W015,SUP0095,2025-07-03,Grocery,Urgent,113,7952.75
PO003138,W027,SUP0014,2025-06-15,Electronics,Urgent,218,544457.65
PO003139,W005,SUP0094,2025-09-11,Home & Kitchen,Urgent,215,106459.51
PO003140,W011,SUP0024,2024-11-08,Personal Care,Bulk,3591,587327.64
PO003141,W021,SUP0070,2024-02-19,Personal Care,Urgent,193,24893.56
PO003142,W001,SUP0129,2025-02-06,Electronics,Urgent,257,535003.59
PO003143,W016,SUP0026,2025-04-11,Grocery,Bulk,2061,108265.99
PO003144,W027,SUP0095,2025-12-31,Apparel,Standard,878,245037.91
PO003145,W005,SUP0102,2026-07-13,Personal Care,Urgent,272,45397.77
PO003146,W001,SUP0145,2026-05-17,Grocery,Bulk,2000,102340.86
PO003147,W021,SUP0124,2025-08-01,Electronics,Bulk,1702,4005544.12
PO003148,W022,SUP0102,2026-05-14,Stationery,Urgent,153,5902.5
PO003149,W006,SUP0032,2025-03-16,Grocery,Standard,549,36130.25
PO003150,W009,SUP0150,2025-04-15,Electronics,Urgent,240,456302.6
PO003151,W009,SUP0054,2025-05-15,Home & Kitchen,Standard,591,300056.27
PO003152,W002,SUP0110,2025-02-27,Electronics,Standard,438,1120810.3
PO003153,W025,SUP0108,2025-08-21,Electronics,Standard,383,751438.24
PO003154,W005,SUP0015,2026-06-15,Grocery,Bulk,4200,233489.35
PO003155,W026,SUP0150,2024-05-13,Home & Kitchen,Standard,348,152084.9
PO003156,W021,SUP0083,2024-01-04,Personal Care,Bulk,2334,384004.52
PO003157,W002,SUP0128,2025-09-29,Grocery,Standard,1150,61179.47
PO003158,W025,SUP0145,2026-02-25,Grocery,Standard,1023,52595.49
PO003159,W004,SUP0002,2025-12-04,Furniture,Bulk,2049,6372630.94
PO003160,W021,SUP0033,2025-08-23,Home & Kitchen,Bulk,1484,785745.6
PO003161,W001,SUP0070,2024-09-07,Grocery,Standard,156,11010.04
PO003162,W018,SUP0031,2025-01-10,Grocery,Urgent,228,16158.93
PO003163,W013,SUP0090,2026-08-10,Electronics,Bulk,1473,2898636.46
PO003164,W016,SUP0082,2024-04-22,Apparel,Standard,953,262052.43
PO003165,W025,SUP0029,2024-07-04,Stationery,Standard,188,7892.92
PO003166,W024,SUP0083,2025-02-01,Personal Care,Standard,1141,141813.36
PO003167,W001,SUP0090,2025-01-04,Electronics,Urgent,400,819298.67
PO003168,W004,SUP0147,2024-11-04,Apparel,Urgent,218,61328.49
PO003169,W030,SUP0084,2024-04-01,Apparel,Bulk,2963,950334.92
PO003170,W012,SUP0113,2026-08-11,Personal Care,Urgent,87,10397.72
PO003171,W027,SUP0125,2024-07-04,Personal Care,Standard,827,113165.89
PO003172,W017,SUP0109,2024-01-24,Stationery,Standard,660,31385.33
PO003173,W026,SUP0071,2025-01-31,Apparel,Standard,696,226836.37
PO003174,W001,SUP0060,2025-07-31,Grocery,Urgent,164,8724.42
PO003175,W015,SUP0075,2026-07-10,Stationery,Bulk,4086,172718.67
PO003176,W025,SUP0006,2025-12-02,Grocery,Urgent,103,7025.99
PO003177,W012,SUP0132,2026-01-22,Grocery,Standard,1042,65025.98
PO003178,W023,SUP0026,2025-04-16,Apparel,Standard,1041,319936.92
PO003179,W027,SUP0075,2024-03-21,Furniture,Standard,171,685258.85
PO003180,W027,SUP0031,2024-04-16,Electronics,Urgent,241,607597.24
PO003181,W005,SUP0087,2025-04-02,Personal Care,Standard,1104,155195.13
PO003182,W029,SUP0097,2025-02-01,Electronics,Standard,326,856729.21
PO003183,W018,SUP0059,2024-12-03,Stationery,Bulk,2556,111586.63
PO003184,W005,SUP0082,2024-02-28,Grocery,Standard,1016,72718.93
PO003185,W026,SUP0079,2025-09-20,Grocery,Urgent,103,5944.69
PO003186,W006,SUP0041,2024-02-04,Home & Kitchen,Standard,912,422092.97
PO003187,W009,SUP0004,2026-05-07,Home & Kitchen,Urgent,58,26654.94
PO003188,W012,SUP0019,2024-03-12,Home & Kitchen,Bulk,3546,2012641.33
PO003189,W015,SUP0103,2025-01-28,Grocery,Urgent,374,22079.9
PO003190,W005,SUP0150,2026-05-03,Home & Kitchen,Standard,929,501608.51
PO003191,W027,SUP0083,2025-02-25,Home & Kitchen,Bulk,3252,1695767.43
PO003192,W027,SUP0103,2024-04-08,Electronics,Standard,437,819350.29
PO003193,W008,SUP0052,2026-06-18,Apparel,Urgent,322,114458.76
PO003194,W030,SUP0012,2025-03-20,Home & Kitchen,Urgent,185,95560.37
PO003195,W001,SUP0083,2025-01-04,Grocery,Standard,243,15975.9
PO003196,W003,SUP0105,2026-05-01,Personal Care,Bulk,3751,585749.57
PO003197,W025,SUP0085,2024-07-01,Grocery,Standard,122,8402.39
PO003198,W006,SUP0122,2025-09-30,Apparel,Urgent,205,57834.72
PO003199,W005,SUP0047,2026-08-07,Apparel,Standard,359,118092.58
PO003200,W001,SUP0074,2025-01-11,Furniture,Bulk,2664,10413453.87
PO003201,W009,SUP0079,2025-12-15,Grocery,Standard,74,4599.77
PO003202,W001,SUP0044,2025-02-26,Grocery,Standard,677,42278.32
PO003203,W020,SUP0039,2025-06-07,Electronics,Standard,696,1726521.49
PO003204,W001,SUP0121,2025-11-10,Home & Kitchen,Urgent,278,126390.31
PO003205,W012,SUP0051,2026-02-17,Apparel,Standard,346,117009.37
PO003206,W028,SUP0139,2026-03-23,Personal Care,Bulk,1778,230095.71
PO003207,W018,SUP0147,2025-11-01,Apparel,Standard,1168,365288.42
PO003208,W009,SUP0070,2024-09-25,Home & Kitchen,Urgent,358,197935.45
PO003209,W002,SUP0065,2025-11-21,Grocery,Urgent,97,6652.7
PO003210,W030,SUP0147,2025-05-22,Grocery,Standard,453,30368.88
PO003211,W001,SUP0046,2024-05-05,Home & Kitchen,Standard,915,512535.75
PO003212,W015,SUP0009,2025-12-13,Grocery,Standard,450,30062.7
PO003213,W010,SUP0051,2025-12-24,Grocery,Bulk,4456,273212.92
PO003214,W026,SUP0128,2026-07-01,Grocery,Urgent,137,9337.84
PO003215,W019,SUP0144,2024-06-20,Personal Care,Standard,1177,175288.67
PO003216,W030,SUP0004,2026-02-02,Apparel,Standard,305,102448.83
PO003217,W030,SUP0087,2024-12-23,Apparel,Standard,891,280940.41
PO003218,W024,SUP0092,2026-07-06,Personal Care,Standard,367,61635.06
PO003219,W014,SUP0029,2025-11-12,Personal Care,Bulk,924,125035.43
PO003220,W016,SUP0085,2026-06-24,Grocery,Bulk,2995,188000.54
PO003221,W029,SUP0137,2026-07-25,Grocery,Bulk,4905,262295.55
PO003222,W024,SUP0143,2024-10-20,Furniture,Bulk,4006,14206721.91
PO003223,W025,SUP0094,2025-01-20,Home & Kitchen,Bulk,680,358658.47
PO003224,W030,SUP0146,2024-03-04,Home & Kitchen,Standard,118,58729.74
PO003225,W010,SUP0086,2025-11-15,Personal Care,Bulk,3736,500790.14
PO003226,W027,SUP0128,2024-10-19,Grocery,Bulk,3675,202254.08
PO003227,W025,SUP0112,2024-08-16,Grocery,Standard,493,25688.51
PO003228,W010,SUP0060,2026-02-15,Home & Kitchen,Bulk,1216,535710.3
PO003229,W025,SUP0099,2025-10-08,Home & Kitchen,Standard,330,149880.54
PO003230,W002,SUP0026,2025-12-28,Apparel,Standard,113,41390.55
PO003231,W001,SUP0003,2026-03-03,Grocery,Standard,744,40322.0
PO003232,W028,SUP0144,2025-08-14,Stationery,Standard,501,24942.17
PO003233,W030,SUP0143,2024-04-18,Apparel,Bulk,1389,444197.75
PO003234,W012,SUP0109,2025-05-13,Personal Care,Bulk,3616,464716.65
PO003235,W010,SUP0010,2024-07-02,Home & Kitchen,Standard,133,61571.38
PO003236,W006,SUP0108,2024-11-03,Electronics,Standard,756,1910344.29
PO003237,W030,SUP0039,2026-03-27,Electronics,Standard,564,1060881.63
PO003238,W006,SUP0149,2026-08-11,Apparel,Standard,62,23697.73
PO003239,W021,SUP0033,2025-03-02,Furniture,Bulk,3018,9392280.48
PO003240,W027,SUP0109,2026-06-13,Furniture,Standard,359,1505490.71
PO003241,W013,SUP0093,2024-06-26,Grocery,Urgent,168,10130.91
PO003242,W030,SUP0116,2025-06-25,Personal Care,Standard,539,79279.65
PO003243,W009,SUP0033,2025-02-08,Home & Kitchen,Standard,1135,611968.81
PO003244,W026,SUP0063,2024-06-07,Furniture,Standard,712,2125348.25
PO003245,W005,SUP0029,2024-12-22,Grocery,Standard,831,46495.3
PO003246,W014,SUP0083,2026-01-22,Apparel,Standard,263,86732.35
PO003247,W023,SUP0131,2024-09-14,Electronics,Standard,241,552799.45
PO003248,W006,SUP0096,2025-11-14,Electronics,Bulk,3535,9294519.98
PO003249,W027,SUP0145,2026-02-26,Grocery,Standard,596,41689.08
PO003250,W030,SUP0033,2024-10-30,Personal Care,Bulk,3088,458807.71
PO003251,W007,SUP0122,2025-12-18,Personal Care,Bulk,4028,642149.34
PO003252,W015,SUP0023,2025-07-25,Grocery,Bulk,2290,121903.18
PO003253,W001,SUP0039,2025-02-27,Grocery,Standard,735,39929.52
PO003254,W011,SUP0035,2026-06-26,Grocery,Standard,1198,64156.53
PO003255,W019,SUP0014,2025-01-03,Stationery,Standard,700,32462.54
PO003256,W004,SUP0001,2025-12-07,Home & Kitchen,Standard,649,305187.35
PO003257,W030,SUP0046,2026-01-05,Electronics,Bulk,3940,9325359.63
PO003258,W005,SUP0108,2025-10-08,Grocery,Standard,548,38823.73
PO003259,W015,SUP0025,2024-12-16,Apparel,Urgent,78,27131.63
PO003260,W001,SUP0071,2026-07-24,Grocery,Bulk,1066,60133.7
PO003261,W008,SUP0110,2025-06-25,Personal Care,Standard,1156,184185.62
PO003262,W027,SUP0019,2024-07-19,Apparel,Bulk,1501,467359.71
PO003263,W011,SUP0005,2024-12-07,Apparel,Standard,406,139628.69
PO003264,W027,SUP0069,2025-05-18,Grocery,Standard,941,65843.46
PO003265,W027,SUP0019,2026-03-03,Stationery,Bulk,1007,52038.97
PO003266,W012,SUP0133,2025-03-22,Personal Care,Standard,166,25234.26
PO003267,W004,SUP0143,2025-12-09,Grocery,Bulk,1497,76742.01
PO003268,W027,SUP0005,2026-02-17,Home & Kitchen,Standard,880,381513.9
PO003269,W029,SUP0017,2026-02-22,Grocery,Standard,154,9572.59
PO003270,W006,SUP0087,2026-03-26,Grocery,Standard,538,35898.91
PO003271,W001,SUP0115,2025-04-18,Electronics,Urgent,219,528344.94
PO003272,W027,SUP0025,2026-04-19,Personal Care,Standard,67,9902.51
PO003273,W019,SUP0124,2024-06-21,Grocery,Urgent,206,11981.37
PO003274,W006,SUP0050,2025-10-14,Grocery,Bulk,2774,160071.19
PO003275,W005,SUP0031,2024-08-11,Electronics,Standard,436,1073192.08
PO003276,W015,SUP0087,2026-06-08,Apparel,Standard,298,93108.78
PO003277,W030,SUP0103,2025-07-10,Stationery,Standard,405,15526.74
PO003278,W004,SUP0002,2024-07-24,Apparel,Standard,753,214913.35
PO003279,W024,SUP0010,2024-09-30,Grocery,Bulk,3364,234070.25
PO003280,W006,SUP0102,2025-05-04,Apparel,Standard,1147,331344.47
PO003281,W019,SUP0138,2025-07-23,Grocery,Urgent,370,21189.83
PO003282,W013,SUP0007,2026-02-18,Stationery,Urgent,59,2728.4
PO003283,W018,SUP0070,2025-08-10,Grocery,Standard,126,7744.74
PO003284,W003,SUP0066,2024-12-20,Furniture,Standard,452,1436314.93
PO003285,W027,SUP0109,2024-06-26,Grocery,Bulk,3155,182655.43
PO003286,W030,SUP0046,2025-05-15,Grocery,Bulk,2011,104182.36
PO003287,W015,SUP0132,2025-10-13,Apparel,Bulk,4311,1188866.84
PO003288,W011,SUP0110,2024-06-22,Home & Kitchen,Urgent,111,50888.34
PO003289,W026,SUP0129,2024-08-23,Apparel,Urgent,231,75707.64
PO003290,W004,SUP0060,2024-01-06,Apparel,Standard,392,119059.35
PO003291,W001,SUP0148,2024-09-24,Electronics,Standard,723,1589577.44
PO003292,W023,SUP0114,2024-07-26,Apparel,Bulk,717,219240.76
PO003293,W017,SUP0148,2025-04-27,Grocery,Standard,1199,64666.3
PO003294,W020,SUP0058,2026-07-17,Grocery,Standard,621,36004.4
PO003295,W001,SUP0083,2024-01-20,Home & Kitchen,Standard,945,482518.32
PO003296,W027,SUP0107,2024-12-15,Stationery,Bulk,4889,245715.84
PO003297,W022,SUP0060,2025-08-12,Personal Care,Urgent,130,18160.57
PO003298,W002,SUP0033,2024-04-04,Home & Kitchen,Standard,933,412626.35
PO003299,W022,SUP0119,2025-06-22,Electronics,Bulk,4385,10974267.78
PO003300,W030,SUP0080,2024-11-07,Stationery,Standard,483,18806.51
PO003301,W006,SUP0099,2025-09-28,Personal Care,Standard,1096,144367.17
PO003302,W030,SUP0021,2025-03-28,Apparel,Standard,671,219191.61
PO003303,W030,SUP0023,2024-07-09,Home & Kitchen,Standard,996,555290.92
PO003304,W027,SUP0103,2026-03-02,Grocery,Standard,687,39755.42
PO003305,W015,SUP0091,2024-08-20,Stationery,Standard,92,3564.85
PO003306,W013,SUP0121,2025-04-29,Grocery,Standard,645,45018.33
PO003307,W009,SUP0088,2024-09-29,Home & Kitchen,Standard,1028,538622.48
PO003308,W026,SUP0085,2024-09-04,Home & Kitchen,Bulk,1439,799240.14
PO003309,W004,SUP0117,2025-11-03,Grocery,Standard,1060,65578.93
PO003310,W016,SUP0075,2025-11-12,Furniture,Standard,98,404345.77
PO003311,W017,SUP0042,2026-05-24,Furniture,Standard,987,3889048.15
PO003312,W030,SUP0010,2025-06-16,Home & Kitchen,Standard,109,60002.55
PO003313,W029,SUP0119,2025-04-09,Grocery,Bulk,2644,151844.45
PO003314,W015,SUP0045,2026-07-23,Furniture,Standard,491,2058949.59
PO003315,W019,SUP0034,2025-08-23,Stationery,Standard,597,23540.99
PO003316,W023,SUP0149,2026-01-29,Grocery,Standard,658,40965.41
PO003317,W017,SUP0036,2026-01-16,Grocery,Standard,779,46613.08
PO003318,W007,SUP0039,2024-02-15,Personal Care,Bulk,3863,510321.18
PO003319,W004,SUP0079,2026-06-03,Personal Care,Standard,638,86382.46
PO003320,W018,SUP0146,2026-01-11,Personal Care,Standard,117,16320.94
PO003321,W012,SUP0104,2026-02-18,Furniture,Standard,705,2371040.8
PO003322,W006,SUP0021,2025-05-29,Personal Care,Standard,1141,171444.54
PO003323,W009,SUP0021,2024-07-18,Stationery,Bulk,3127,162976.44
PO003324,W001,SUP0145,2024-01-29,Grocery,Standard,328,16815.49
PO003325,W017,SUP0141,2026-06-09,Stationery,Bulk,684,33729.11
PO003326,W001,SUP0143,2026-07-06,Home & Kitchen,Standard,395,182521.94
PO003327,W002,SUP0033,2026-03-12,Stationery,Bulk,4123,181441.05
PO003328,W026,SUP0125,2024-03-14,Stationery,Urgent,196,10181.8
PO003329,W002,SUP0117,2025-07-23,Grocery,Standard,578,39498.72
PO003330,W023,SUP0120,2025-03-20,Apparel,Urgent,208,75049.91
PO003331,W015,SUP0075,2025-10-13,Personal Care,Urgent,68,10898.66
PO003332,W006,SUP0007,2025-04-15,Electronics,Standard,335,825619.42
PO003333,W018,SUP0096,2024-10-08,Furniture,Standard,1144,4543848.57
PO003334,W016,SUP0074,2024-11-18,Grocery,Standard,172,9076.08
PO003335,W029,SUP0023,2026-01-25,Furniture,Standard,358,1497799.29
PO003336,W030,SUP0047,2025-09-05,Personal Care,Urgent,37,4817.08
PO003337,W014,SUP0101,2024-11-19,Home & Kitchen,Bulk,4533,2333442.12
PO003338,W009,SUP0054,2026-06-22,Apparel,Urgent,165,55010.9
PO003339,W018,SUP0044,2024-08-25,Furniture,Urgent,184,667836.45
PO003340,W002,SUP0069,2024-12-11,Furniture,Standard,554,1954095.6
PO003341,W016,SUP0031,2024-12-24,Apparel,Standard,246,68150.37
PO003342,W002,SUP0097,2026-06-24,Electronics,Standard,480,1246873.84
PO003343,W007,SUP0150,2025-01-24,Grocery,Bulk,4867,341419.95
PO003344,W025,SUP0052,2024-09-18,Grocery,Standard,980,55863.42
PO003345,W026,SUP0128,2024-11-10,Electronics,Urgent,304,626533.09
PO003346,W014,SUP0107,2025-06-23,Electronics,Urgent,205,474590.18
PO003347,W030,SUP0122,2026-08-04,Stationery,Bulk,1040,53519.82
PO003348,W004,SUP0085,2025-10-07,Grocery,Bulk,2388,136431.84
PO003349,W008,SUP0018,2024-08-05,Furniture,Standard,493,1652066.9
PO003350,W019,SUP0091,2024-12-13,Grocery,Urgent,200,11451.69
PO003351,W013,SUP0003,2024-11-23,Electronics,Urgent,50,118418.59
PO003352,W021,SUP0009,2026-01-04,Electronics,Urgent,399,897729.23
PO003353,W002,SUP0015,2024-08-10,Grocery,Urgent,223,12232.06
PO003354,W024,SUP0031,2024-03-23,Electronics,Standard,1048,2330935.23
PO003355,W004,SUP0121,2026-07-31,Personal Care,Bulk,3775,489031.2
PO003356,W006,SUP0124,2024-02-07,Apparel,Standard,694,228129.43
PO003357,W005,SUP0089,2026-07-19,Stationery,Standard,738,28866.94
PO003358,W024,SUP0049,2026-02-01,Grocery,Bulk,2307,123310.85
PO003359,W001,SUP0125,2024-11-01,Apparel,Urgent,288,84296.87
PO003360,W030,SUP0123,2025-10-23,Stationery,Bulk,3250,144300.84
PO003361,W010,SUP0135,2025-08-16,Apparel,Standard,596,226490.11
PO003362,W006,SUP0130,2025-01-30,Home & Kitchen,Urgent,365,155202.51
PO003363,W009,SUP0044,2024-09-21,Grocery,Standard,178,11246.87
PO003364,W015,SUP0086,2025-12-07,Apparel,Standard,590,199191.51
PO003365,W006,SUP0073,2025-02-28,Electronics,Standard,626,1231537.94
PO003366,W025,SUP0073,2024-07-12,Furniture,Urgent,274,1066267.74
PO003367,W025,SUP0015,2025-12-25,Home & Kitchen,Standard,317,141815.47
PO003368,W020,SUP0109,2025-06-13,Home & Kitchen,Urgent,158,70716.81
PO003369,W029,SUP0003,2024-02-09,Home & Kitchen,Urgent,365,186935.34
PO003370,W024,SUP0118,2026-01-21,Grocery,Standard,928,58819.47
PO003371,W004,SUP0107,2025-07-09,Home & Kitchen,Bulk,2486,1280938.79
PO003372,W006,SUP0146,2026-04-24,Home & Kitchen,Standard,739,309584.32
PO003373,W014,SUP0030,2025-04-15,Home & Kitchen,Standard,304,139502.06
PO003374,W008,SUP0062,2026-07-15,Personal Care,Urgent,195,32337.3
PO003375,W011,SUP0028,2025-02-19,Grocery,Bulk,2810,156613.34
PO003376,W014,SUP0060,2025-06-16,Electronics,Bulk,1106,2583688.76
PO003377,W026,SUP0067,2026-04-09,Furniture,Standard,991,3504464.32
PO003378,W017,SUP0123,2024-02-14,Apparel,Standard,374,103223.52
PO003379,W027,SUP0091,2024-07-21,Apparel,Bulk,1740,549002.0
PO003380,W019,SUP0144,2024-05-03,Furniture,Bulk,4974,19951478.74
PO003381,W001,SUP0048,2025-03-30,Apparel,Standard,138,46104.84
PO003382,W030,SUP0052,2025-01-26,Grocery,Urgent,80,4440.52
PO003383,W004,SUP0141,2025-01-21,Grocery,Bulk,1861,114367.73
PO003384,W011,SUP0054,2026-01-14,Apparel,Urgent,289,93253.97
PO003385,W001,SUP0046,2026-04-08,Stationery,Standard,385,16757.46
PO003386,W016,SUP0002,2025-06-10,Grocery,Urgent,166,10196.92
PO003387,W022,SUP0066,2026-01-04,Electronics,Standard,643,1330636.2
PO003388,W007,SUP0101,2026-01-14,Personal Care,Standard,886,134127.33
PO003389,W030,SUP0087,2024-09-23,Grocery,Standard,761,45684.53
PO003390,W004,SUP0073,2025-03-31,Apparel,Bulk,898,296734.74
PO003391,W030,SUP0094,2026-05-17,Electronics,Standard,1167,2628337.86
PO003392,W026,SUP0104,2025-09-17,Stationery,Urgent,41,2201.83
PO003393,W004,SUP0114,2024-06-25,Personal Care,Bulk,1213,185525.54
PO003394,W002,SUP0094,2026-03-30,Stationery,Standard,646,29872.78
PO003395,W001,SUP0094,2024-09-01,Personal Care,Standard,397,48570.25
PO003396,W018,SUP0009,2024-10-03,Home & Kitchen,Standard,546,307310.4
PO003397,W006,SUP0079,2024-01-03,Electronics,Urgent,347,742551.49
PO003398,W030,SUP0023,2026-07-13,Stationery,Standard,578,26326.9
PO003399,W002,SUP0009,2024-06-27,Grocery,Standard,212,14059.04
PO003400,W027,SUP0098,2024-12-21,Stationery,Standard,74,3788.47
PO003401,W010,SUP0007,2026-02-01,Electronics,Urgent,117,291961.34
PO003402,W001,SUP0016,2026-01-19,Grocery,Standard,1159,66979.14
PO003403,W024,SUP0145,2026-02-15,Home & Kitchen,Standard,907,459046.5
PO003404,W018,SUP0150,2025-12-05,Apparel,Standard,1106,403065.23
PO003405,W006,SUP0019,2024-09-17,Grocery,Standard,91,6079.79
PO003406,W009,SUP0003,2025-07-24,Grocery,Bulk,891,48853.12
PO003407,W004,SUP0139,2024-05-11,Electronics,Urgent,126,323900.08
PO003408,W003,SUP0022,2024-12-24,Grocery,Standard,1106,72556.51
PO003409,W018,SUP0143,2024-03-28,Apparel,Standard,270,76883.29
PO003410,W017,SUP0061,2026-01-09,Electronics,Bulk,4436,11356410.36
PO003411,W005,SUP0049,2026-04-21,Personal Care,Standard,857,126707.49
PO003412,W008,SUP0092,2026-06-25,Personal Care,Bulk,4117,494695.21
PO003413,W030,SUP0110,2024-01-30,Grocery,Urgent,184,10090.69
PO003414,W009,SUP0148,2024-06-08,Personal Care,Bulk,4992,731294.53
PO003415,W015,SUP0141,2025-09-10,Grocery,Urgent,255,15639.98
PO003416,W004,SUP0123,2024-03-16,Electronics,Urgent,390,744312.72
PO003417,W001,SUP0128,2026-06-03,Grocery,Standard,508,34675.42
PO003418,W019,SUP0115,2024-07-26,Grocery,Standard,698,46167.84
PO003419,W006,SUP0136,2025-05-25,Electronics,Urgent,361,711109.64
PO003420,W025,SUP0045,2025-11-21,Grocery,Urgent,113,7071.63
PO003421,W006,SUP0127,2025-02-09,Grocery,Standard,505,26717.98
PO003422,W010,SUP0089,2024-03-12,Furniture,Urgent,299,1023931.48
PO003423,W021,SUP0026,2026-03-04,Grocery,Standard,523,36421.79
PO003424,W023,SUP0131,2026-08-03,Grocery,Bulk,2889,159575.38
PO003425,W009,SUP0082,2026-08-09,Personal Care,Standard,989,142163.86
PO003426,W024,SUP0081,2026-02-26,Apparel,Standard,1127,371121.64
PO003427,W018,SUP0004,2025-04-15,Apparel,Bulk,4734,1384302.92
PO003428,W027,SUP0116,2024-08-03,Home & Kitchen,Standard,881,370543.4
PO003429,W025,SUP0062,2024-11-05,Apparel,Urgent,151,47789.3
PO003430,W027,SUP0003,2026-06-23,Personal Care,Standard,1148,156302.45
PO003431,W006,SUP0097,2024-09-28,Grocery,Bulk,1217,84411.33
PO003432,W002,SUP0098,2025-08-18,Grocery,Standard,494,28449.13
PO003433,W001,SUP0006,2025-07-25,Stationery,Standard,683,28702.21
PO003434,W009,SUP0096,2026-08-11,Apparel,Urgent,81,30606.39
PO003435,W012,SUP0017,2026-01-12,Personal Care,Bulk,4590,563962.89
PO003436,W006,SUP0048,2024-03-18,Stationery,Standard,906,43546.31
PO003437,W004,SUP0094,2025-07-15,Furniture,Standard,905,3433548.37
PO003438,W012,SUP0148,2024-08-24,Apparel,Standard,1148,346810.72
PO003439,W008,SUP0089,2025-06-18,Home & Kitchen,Standard,990,456184.29
PO003440,W001,SUP0084,2024-05-20,Furniture,Urgent,172,570877.7
PO003441,W027,SUP0074,2026-07-04,Stationery,Bulk,2925,157394.5
PO003442,W016,SUP0098,2024-11-03,Furniture,Bulk,2229,8743114.84
PO003443,W005,SUP0080,2026-03-02,Grocery,Bulk,2787,142409.33
PO003444,W009,SUP0031,2025-04-17,Personal Care,Standard,1035,124010.34
PO003445,W018,SUP0040,2025-02-20,Electronics,Standard,635,1305171.16
PO003446,W002,SUP0083,2026-03-05,Personal Care,Standard,663,103032.32
PO003447,W016,SUP0093,2025-09-08,Home & Kitchen,Standard,321,142964.11
PO003448,W024,SUP0021,2026-08-06,Electronics,Standard,91,209106.62
PO003449,W004,SUP0018,2025-06-25,Furniture,Standard,497,1505091.42
PO003450,W015,SUP0024,2025-07-10,Electronics,Standard,713,1460911.07
PO003451,W029,SUP0119,2024-12-22,Stationery,Standard,1098,55874.93
PO003452,W023,SUP0116,2024-04-12,Stationery,Urgent,307,15314.35
PO003453,W013,SUP0139,2026-02-26,Personal Care,Standard,973,138935.52
PO003454,W001,SUP0087,2024-04-26,Grocery,Bulk,4014,219009.22
PO003455,W030,SUP0012,2024-12-21,Apparel,Bulk,1911,552785.54
PO003456,W030,SUP0030,2026-04-06,Electronics,Standard,1141,2160438.32
PO003457,W026,SUP0038,2024-08-26,Electronics,Urgent,350,828970.37
PO003458,W006,SUP0131,2026-03-15,Grocery,Standard,556,28543.56
PO003459,W018,SUP0136,2024-07-18,Grocery,Bulk,4799,284084.42
PO003460,W027,SUP0057,2025-11-28,Electronics,Bulk,4293,9064524.61
PO003461,W016,SUP0122,2025-06-21,Home & Kitchen,Standard,395,170861.21
PO003462,W030,SUP0086,2025-02-21,Furniture,Bulk,1860,5956093.65
PO003463,W019,SUP0018,2026-04-04,Apparel,Urgent,160,45639.16
PO003464,W001,SUP0115,2024-07-23,Stationery,Standard,1071,49840.01
PO003465,W008,SUP0134,2026-01-11,Apparel,Urgent,322,98410.14
PO003466,W030,SUP0016,2025-03-18,Apparel,Standard,620,223368.81
PO003467,W030,SUP0036,2026-06-18,Home & Kitchen,Urgent,200,108229.52
PO003468,W029,SUP0105,2025-05-21,Stationery,Urgent,258,11647.61
PO003469,W005,SUP0066,2026-02-19,Electronics,Standard,190,448500.28
PO003470,W006,SUP0150,2025-02-01,Apparel,Standard,640,210564.19
PO003471,W019,SUP0029,2025-12-11,Home & Kitchen,Standard,414,206858.66
PO003472,W001,SUP0100,2024-07-30,Grocery,Urgent,359,25309.65
PO003473,W028,SUP0061,2025-12-01,Grocery,Standard,847,55155.61
PO003474,W015,SUP0017,2024-01-10,Apparel,Standard,1167,418455.11
PO003475,W024,SUP0025,2026-02-05,Electronics,Urgent,256,672968.36
PO003476,W019,SUP0060,2024-09-27,Apparel,Urgent,314,115326.02
PO003477,W009,SUP0081,2024-01-14,Electronics,Standard,988,2274331.32
PO003478,W029,SUP0126,2024-12-20,Furniture,Standard,412,1594376.86
PO003479,W006,SUP0132,2025-12-09,Stationery,Standard,870,44613.26
PO003480,W015,SUP0053,2026-06-30,Grocery,Bulk,1121,63392.78
PO003481,W012,SUP0057,2025-03-12,Stationery,Urgent,144,5882.32
PO003482,W024,SUP0104,2025-03-21,Personal Care,Standard,929,121390.23
PO003483,W023,SUP0061,2025-07-17,Home & Kitchen,Urgent,363,170285.64
PO003484,W013,SUP0139,2026-03-07,Electronics,Standard,970,1884468.67
PO003485,W009,SUP0055,2025-03-17,Personal Care,Standard,991,139881.96
PO003486,W005,SUP0037,2024-11-22,Grocery,Bulk,1728,89605.95
PO003487,W001,SUP0119,2024-11-23,Personal Care,Standard,781,101193.05
PO003488,W012,SUP0063,2024-07-17,Electronics,Urgent,139,300335.3
PO003489,W001,SUP0058,2025-01-12,Grocery,Standard,866,56058.48
PO003490,W009,SUP0065,2024-11-08,Apparel,Bulk,1335,419376.44
PO003491,W030,SUP0089,2026-04-04,Stationery,Standard,433,18152.05
PO003492,W021,SUP0023,2025-08-02,Furniture,Bulk,1393,5639168.5
PO003493,W012,SUP0079,2024-12-13,Electronics,Standard,958,2056940.72
PO003494,W030,SUP0086,2025-06-20,Grocery,Standard,280,17321.26
PO003495,W030,SUP0040,2024-04-04,Grocery,Urgent,100,5825.86
PO003496,W026,SUP0064,2024-03-17,Personal Care,Standard,1006,130405.6
PO003497,W008,SUP0013,2025-07-30,Apparel,Bulk,3453,988635.18
PO003498,W028,SUP0087,2025-10-21,Grocery,Urgent,264,15243.72
PO003499,W026,SUP0039,2025-12-09,Grocery,Urgent,219,14742.09
PO003500,W021,SUP0034,2026-01-04,Grocery,Urgent,289,17463.07
PO003501,W014,SUP0147,2025-03-11,Home & Kitchen,Bulk,3766,1816262.68
PO003502,W006,SUP0051,2024-02-23,Grocery,Standard,425,24775.38
PO003503,W008,SUP0038,2025-01-25,Apparel,Urgent,193,58150.8
PO003504,W015,SUP0087,2026-04-03,Home & Kitchen,Standard,346,152640.02
PO003505,W015,SUP0127,2024-07-25,Grocery,Bulk,1016,72267.25
PO003506,W013,SUP0064,2024-05-02,Grocery,Urgent,239,15687.13
PO003507,W027,SUP0019,2026-03-15,Personal Care,Standard,607,86319.46
PO003508,W006,SUP0029,2024-11-17,Electronics,Bulk,2076,4090899.31
PO003509,W003,SUP0136,2025-01-21,Apparel,Standard,1037,322537.3
PO003510,W004,SUP0121,2026-02-28,Home & Kitchen,Bulk,4127,1795875.08
PO003511,W020,SUP0089,2024-09-27,Personal Care,Standard,977,136039.58
PO003512,W001,SUP0102,2024-12-07,Personal Care,Standard,287,42117.94
PO003513,W008,SUP0106,2025-08-10,Electronics,Bulk,1984,4587577.47
PO003514,W004,SUP0065,2025-09-20,Electronics,Urgent,56,110696.05
PO003515,W001,SUP0143,2026-07-22,Apparel,Standard,467,139412.89
PO003516,W030,SUP0032,2026-06-20,Electronics,Urgent,88,169533.68
PO003517,W009,SUP0069,2024-07-25,Apparel,Standard,526,197998.64
PO003518,W029,SUP0080,2024-06-23,Grocery,Standard,763,43477.1
PO003519,W014,SUP0122,2024-06-04,Personal Care,Urgent,323,43047.93
PO003520,W030,SUP0063,2026-03-18,Apparel,Bulk,674,239052.64
PO003521,W004,SUP0054,2024-01-12,Grocery,Standard,1047,60835.64
PO003522,W010,SUP0056,2025-07-23,Apparel,Bulk,1124,332092.32
PO003523,W006,SUP0082,2024-07-04,Grocery,Bulk,2068,147513.78
PO003524,W025,SUP0032,2025-11-05,Grocery,Urgent,383,22035.78
PO003525,W006,SUP0063,2025-10-08,Personal Care,Standard,1068,143168.07
PO003526,W018,SUP0015,2025-09-07,Apparel,Standard,130,41162.56
PO003527,W005,SUP0012,2024-02-27,Electronics,Standard,684,1414884.41
PO003528,W001,SUP0071,2025-01-05,Furniture,Standard,788,2632210.41
PO003529,W028,SUP0069,2024-05-09,Grocery,Standard,482,30043.96
PO003530,W026,SUP0124,2025-11-10,Grocery,Standard,450,24777.83
PO003531,W026,SUP0140,2024-07-07,Apparel,Standard,1113,330634.67
PO003532,W030,SUP0034,2026-03-08,Home & Kitchen,Bulk,1387,772834.5
PO003533,W027,SUP0019,2024-05-19,Personal Care,Standard,96,15066.14
PO003534,W001,SUP0097,2024-02-15,Home & Kitchen,Bulk,4809,2444315.04
PO003535,W007,SUP0147,2025-01-04,Grocery,Urgent,379,22931.36
PO003536,W012,SUP0125,2024-04-24,Home & Kitchen,Standard,1106,578883.11
PO003537,W030,SUP0047,2026-04-06,Grocery,Urgent,41,2377.97
PO003538,W001,SUP0114,2025-09-03,Home & Kitchen,Bulk,2805,1545814.74
PO003539,W024,SUP0063,2024-09-01,Apparel,Standard,836,250473.93
PO003540,W001,SUP0149,2025-04-13,Home & Kitchen,Urgent,333,165212.1
PO003541,W005,SUP0141,2024-10-08,Stationery,Standard,774,33064.01
PO003542,W006,SUP0028,2025-03-21,Grocery,Urgent,195,12685.4
PO003543,W013,SUP0128,2024-03-05,Apparel,Standard,873,264764.54
PO003544,W029,SUP0100,2025-09-27,Grocery,Bulk,3363,236132.91
PO003545,W027,SUP0062,2026-08-07,Home & Kitchen,Standard,415,224723.69
PO003546,W008,SUP0009,2024-04-09,Grocery,Standard,672,41213.79
PO003547,W030,SUP0090,2024-06-04,Grocery,Standard,720,43301.05
PO003548,W001,SUP0124,2024-08-04,Personal Care,Urgent,318,46061.92
PO003549,W001,SUP0010,2024-09-10,Home & Kitchen,Bulk,2421,1132727.98
PO003550,W014,SUP0006,2024-06-02,Grocery,Bulk,3507,199078.65
PO003551,W009,SUP0029,2025-01-03,Personal Care,Bulk,4842,773424.26
PO003552,W027,SUP0078,2026-02-25,Stationery,Bulk,4155,219826.66
PO003553,W001,SUP0009,2024-09-27,Apparel,Urgent,116,35503.98
PO003554,W028,SUP0094,2026-03-13,Apparel,Standard,680,195957.32
PO003555,W007,SUP0088,2024-06-27,Grocery,Urgent,31,1878.17
PO003556,W026,SUP0010,2026-05-27,Personal Care,Standard,848,110667.88
PO003557,W001,SUP0012,2025-04-07,Grocery,Standard,951,61570.47
PO003558,W029,SUP0029,2024-02-19,Personal Care,Standard,665,95403.52
PO003559,W027,SUP0060,2026-06-03,Electronics,Bulk,2753,6645646.89
PO003560,W018,SUP0007,2026-05-13,Electronics,Standard,514,1310221.54
PO003561,W027,SUP0050,2026-08-12,Electronics,Standard,448,953161.67
PO003562,W027,SUP0050,2024-03-25,Electronics,Standard,238,598451.36
PO003563,W027,SUP0114,2025-10-27,Personal Care,Urgent,293,38333.51
PO003564,W022,SUP0048,2025-02-03,Home & Kitchen,Urgent,152,77660.55
PO003565,W030,SUP0078,2025-12-24,Apparel,Urgent,276,102951.56
PO003566,W018,SUP0115,2024-03-18,Furniture,Standard,143,523085.08
PO003567,W023,SUP0119,2024-02-18,Electronics,Urgent,143,287115.64
PO003568,W014,SUP0081,2025-05-15,Personal Care,Standard,741,95888.12
PO003569,W030,SUP0131,2025-12-30,Furniture,Standard,401,1364448.18
PO003570,W001,SUP0035,2025-12-05,Home & Kitchen,Urgent,206,97420.99
PO003571,W024,SUP0133,2024-05-29,Grocery,Standard,123,6864.97
PO003572,W006,SUP0106,2025-06-20,Electronics,Bulk,4993,13066157.65
PO003573,W022,SUP0148,2025-03-31,Electronics,Standard,804,1704115.41
PO003574,W005,SUP0063,2025-03-16,Grocery,Bulk,1938,114530.55
PO003575,W009,SUP0091,2025-08-31,Grocery,Urgent,283,18968.48
PO003576,W022,SUP0072,2026-07-29,Electronics,Bulk,3514,7978071.87
PO003577,W011,SUP0109,2025-07-09,Electronics,Standard,929,1923968.19
PO003578,W022,SUP0023,2025-04-06,Grocery,Standard,518,30444.31
PO003579,W021,SUP0142,2025-12-27,Home & Kitchen,Urgent,295,139263.01
PO003580,W002,SUP0119,2024-01-28,Personal Care,Standard,671,102568.93
PO003581,W023,SUP0128,2024-07-02,Personal Care,Urgent,256,40544.62
PO003582,W007,SUP0024,2025-04-25,Stationery,Standard,432,17743.03
PO003583,W012,SUP0066,2025-04-22,Grocery,Standard,542,32763.65
PO003584,W015,SUP0124,2024-06-30,Home & Kitchen,Bulk,4539,2494511.66
PO003585,W010,SUP0102,2025-10-13,Home & Kitchen,Urgent,24,13697.41
PO003586,W006,SUP0015,2025-06-09,Stationery,Urgent,356,18394.96
PO003587,W004,SUP0112,2025-02-12,Grocery,Standard,1129,65273.44
PO003588,W020,SUP0027,2025-08-27,Grocery,Standard,996,50818.31
PO003589,W025,SUP0109,2025-08-18,Apparel,Standard,109,33064.37
PO003590,W005,SUP0082,2025-07-03,Furniture,Bulk,991,3263813.74
PO003591,W019,SUP0052,2025-09-21,Stationery,Bulk,4806,220460.14
PO003592,W003,SUP0118,2026-07-29,Grocery,Bulk,1257,69343.89
PO003593,W021,SUP0106,2026-06-14,Personal Care,Bulk,2435,314026.46
PO003594,W008,SUP0013,2025-09-03,Furniture,Urgent,77,320912.84
PO003595,W009,SUP0015,2025-10-28,Electronics,Bulk,1362,3226017.84
PO003596,W022,SUP0082,2024-10-14,Electronics,Standard,568,1133870.12
PO003597,W014,SUP0122,2025-10-07,Stationery,Bulk,823,42922.79
PO003598,W013,SUP0093,2026-01-17,Home & Kitchen,Standard,129,58385.19
PO003599,W008,SUP0116,2024-03-19,Apparel,Standard,1145,317196.43
PO003600,W027,SUP0058,2025-03-21,Stationery,Bulk,1475,60557.6
PO003601,W008,SUP0121,2025-05-10,Electronics,Standard,91,215058.4
PO003602,W021,SUP0098,2024-04-23,Home & Kitchen,Standard,1161,578549.96
PO003603,W001,SUP0114,2024-10-20,Grocery,Standard,555,31456.53
PO003604,W029,SUP0016,2025-11-02,Grocery,Standard,141,7572.19
PO003605,W030,SUP0030,2024-02-03,Apparel,Standard,503,173869.22
PO003606,W005,SUP0023,2026-06-07,Stationery,Standard,511,25994.93
PO003607,W012,SUP0128,2024-08-12,Apparel,Standard,1009,288169.01
PO003608,W002,SUP0105,2025-07-09,Electronics,Standard,183,450235.23
PO003609,W012,SUP0119,2025-01-08,Home & Kitchen,Standard,95,40085.03
PO003610,W027,SUP0128,2025-06-07,Apparel,Urgent,92,28908.86
PO003611,W019,SUP0061,2024-07-10,Apparel,Urgent,67,24828.85
PO003612,W004,SUP0085,2025-09-30,Apparel,Bulk,2090,574727.94
PO003613,W030,SUP0117,2026-04-10,Electronics,Urgent,36,90510.58
PO003614,W017,SUP0114,2025-01-03,Apparel,Bulk,4598,1730789.06
PO003615,W001,SUP0131,2024-10-18,Home & Kitchen,Bulk,1962,936332.54
PO003616,W009,SUP0079,2025-09-11,Apparel,Standard,909,261239.62
PO003617,W004,SUP0082,2026-03-10,Apparel,Bulk,3302,998814.26
PO003618,W028,SUP0057,2025-12-14,Electronics,Standard,1171,2885286.49
PO003619,W010,SUP0042,2024-10-04,Electronics,Standard,887,1769216.9
PO003620,W015,SUP0004,2024-12-12,Home & Kitchen,Standard,1156,500085.45
PO003621,W027,SUP0083,2025-05-30,Home & Kitchen,Standard,165,85939.65
PO003622,W018,SUP0045,2024-02-02,Electronics,Standard,139,314797.22
PO003623,W001,SUP0126,2026-05-04,Apparel,Standard,180,68850.86
PO003624,W001,SUP0028,2024-11-30,Apparel,Standard,1161,348511.2
PO003625,W005,SUP0023,2025-10-02,Apparel,Standard,62,19930.76
PO003626,W022,SUP0088,2025-09-22,Grocery,Standard,847,58392.38
PO003627,W020,SUP0055,2026-03-30,Apparel,Standard,347,103831.54
PO003628,W009,SUP0144,2024-11-18,Grocery,Urgent,199,10322.59
PO003629,W008,SUP0123,2024-05-31,Electronics,Urgent,204,480153.31
PO003630,W002,SUP0101,2024-01-05,Electronics,Bulk,3617,8349307.86
PO003631,W001,SUP0020,2025-12-19,Home & Kitchen,Bulk,2473,1340467.93
PO003632,W020,SUP0013,2025-08-16,Apparel,Urgent,182,55781.72
PO003633,W026,SUP0110,2025-11-03,Grocery,Urgent,148,10609.64
PO003634,W015,SUP0137,2025-01-30,Apparel,Standard,1074,403895.23
PO003635,W022,SUP0129,2025-05-23,Personal Care,Standard,167,24789.67
PO003636,W013,SUP0127,2025-12-22,Apparel,Bulk,1350,456037.65
PO003637,W001,SUP0112,2025-03-25,Grocery,Urgent,56,3069.35
PO003638,W001,SUP0139,2024-01-02,Apparel,Standard,280,98574.78
PO003639,W027,SUP0054,2025-06-29,Personal Care,Standard,1046,138848.85
PO003640,W027,SUP0019,2026-03-15,Furniture,Standard,1131,4359938.03
PO003641,W030,SUP0134,2026-06-23,Electronics,Standard,191,502714.23
PO003642,W008,SUP0121,2025-11-28,Personal Care,Standard,202,31279.43
PO003643,W024,SUP0086,2025-12-04,Apparel,Standard,93,32457.1
PO003644,W025,SUP0113,2025-12-30,Grocery,Bulk,1785,127903.0
PO003645,W022,SUP0003,2024-10-07,Electronics,Urgent,238,472227.1
PO003646,W027,SUP0088,2025-10-13,Apparel,Bulk,3455,1146644.66
PO003647,W030,SUP0130,2026-01-03,Furniture,Bulk,2224,8714496.35
PO003648,W005,SUP0051,2024-04-26,Personal Care,Standard,1072,166394.06
PO003649,W024,SUP0097,2026-02-23,Electronics,Standard,1135,2974638.59
PO003650,W012,SUP0150,2025-09-28,Home & Kitchen,Standard,1104,472862.94
PO003651,W027,SUP0116,2024-11-11,Grocery,Standard,281,18631.15
PO003652,W029,SUP0066,2025-01-22,Home & Kitchen,Bulk,4145,2296255.06
PO003653,W030,SUP0121,2024-08-07,Furniture,Urgent,364,1221952.06
PO003654,W025,SUP0138,2026-01-04,Grocery,Urgent,367,20651.86
PO003655,W029,SUP0109,2025-02-04,Stationery,Standard,986,49193.57
PO003656,W002,SUP0077,2025-06-16,Grocery,Bulk,515,32431.65
PO003657,W002,SUP0025,2025-06-26,Grocery,Bulk,3941,281942.83
PO003658,W012,SUP0144,2024-03-30,Apparel,Standard,1186,426504.59
PO003659,W024,SUP0007,2025-08-05,Electronics,Urgent,217,409614.73
PO003660,W027,SUP0079,2025-08-03,Grocery,Urgent,66,3948.16
PO003661,W027,SUP0087,2024-06-09,Personal Care,Standard,243,34397.63
PO003662,W003,SUP0001,2025-12-23,Apparel,Bulk,4351,1576851.72
PO003663,W022,SUP0078,2026-04-09,Electronics,Standard,888,2003868.6
PO003664,W017,SUP0095,2025-06-01,Apparel,Standard,1109,385788.14
PO003665,W004,SUP0128,2024-10-18,Personal Care,Urgent,193,26751.77
PO003666,W014,SUP0072,2024-03-09,Grocery,Urgent,255,14663.26
PO003667,W026,SUP0073,2025-02-06,Apparel,Bulk,861,327003.18
PO003668,W004,SUP0050,2025-02-14,Electronics,Urgent,313,802458.35
PO003669,W028,SUP0064,2025-05-15,Personal Care,Standard,527,85076.75
PO003670,W004,SUP0138,2026-04-01,Apparel,Standard,109,39933.24
PO003671,W002,SUP0109,2024-06-24,Grocery,Standard,302,19617.24
PO003672,W009,SUP0054,2025-07-28,Apparel,Standard,1156,430257.05
PO003673,W026,SUP0123,2026-07-08,Electronics,Urgent,86,177401.78
PO003674,W026,SUP0118,2025-10-19,Apparel,Standard,222,61709.93
PO003675,W027,SUP0138,2025-09-30,Home & Kitchen,Bulk,3046,1707981.04
PO003676,W005,SUP0125,2026-08-03,Apparel,Urgent,203,57560.81
PO003677,W006,SUP0137,2025-04-21,Apparel,Urgent,398,127058.73
PO003678,W005,SUP0039,2025-12-26,Grocery,Standard,548,36149.05
PO003679,W005,SUP0051,2026-07-17,Furniture,Bulk,2703,9183550.11
PO003680,W012,SUP0114,2025-01-09,Apparel,Urgent,255,78102.27
PO003681,W030,SUP0096,2025-06-10,Grocery,Bulk,2693,157208.8
PO003682,W022,SUP0069,2024-08-27,Grocery,Bulk,4536,317680.0
PO003683,W009,SUP0012,2026-01-21,Electronics,Urgent,379,824373.62
PO003684,W030,SUP0146,2025-04-10,Home & Kitchen,Standard,672,337909.55
PO003685,W018,SUP0012,2026-03-09,Grocery,Bulk,3390,175047.44
PO003686,W001,SUP0026,2025-08-17,Grocery,Bulk,4356,251983.64
PO003687,W001,SUP0105,2025-08-01,Stationery,Bulk,4307,230581.08
PO003688,W017,SUP0117,2024-07-29,Grocery,Standard,464,29619.72
PO003689,W005,SUP0120,2024-04-14,Home & Kitchen,Standard,1157,508359.71
PO003690,W006,SUP0072,2024-02-04,Electronics,Bulk,3936,8856621.93
PO003691,W010,SUP0114,2026-01-25,Electronics,Urgent,104,231064.39
PO003692,W019,SUP0056,2026-06-21,Apparel,Urgent,162,57336.83
PO003693,W030,SUP0112,2025-04-07,Apparel,Standard,1196,387809.12
PO003694,W002,SUP0113,2026-04-09,Personal Care,Standard,1134,156077.97
PO003695,W029,SUP0062,2024-05-04,Grocery,Standard,1195,65441.66
PO003696,W012,SUP0099,2026-02-10,Home & Kitchen,Urgent,58,30274.36
PO003697,W008,SUP0024,2026-02-08,Stationery,Standard,396,16191.6
PO003698,W007,SUP0058,2025-07-16,Grocery,Urgent,178,10207.96
PO003699,W009,SUP0048,2024-10-22,Grocery,Standard,308,16467.16
PO003700,W012,SUP0047,2026-01-03,Home & Kitchen,Urgent,336,145552.77
PO003701,W011,SUP0001,2025-02-24,Electronics,Urgent,325,819153.0
PO003702,W027,SUP0102,2024-06-14,Personal Care,Bulk,648,97699.21
PO003703,W009,SUP0147,2024-05-15,Home & Kitchen,Urgent,27,13761.52
PO003704,W006,SUP0073,2026-01-02,Stationery,Standard,878,46973.81
PO003705,W030,SUP0093,2024-07-06,Apparel,Urgent,332,127039.46
PO003706,W026,SUP0097,2024-01-07,Grocery,Standard,979,51494.89
PO003707,W001,SUP0084,2026-04-26,Electronics,Standard,539,1370479.65
PO003708,W017,SUP0005,2024-07-08,Home & Kitchen,Standard,220,93934.2
PO003709,W020,SUP0006,2025-09-18,Furniture,Bulk,2018,8269630.66
PO003710,W004,SUP0080,2024-11-28,Apparel,Urgent,239,69763.83
PO003711,W009,SUP0032,2026-01-17,Home & Kitchen,Urgent,175,75621.58
PO003712,W005,SUP0105,2026-07-07,Home & Kitchen,Bulk,3836,1758155.92
PO003713,W002,SUP0089,2026-05-02,Apparel,Bulk,4175,1372735.87
PO003714,W015,SUP0075,2024-10-18,Grocery,Bulk,591,33368.2
PO003715,W001,SUP0141,2025-02-22,Apparel,Bulk,1801,522821.65
PO003716,W013,SUP0105,2024-10-14,Personal Care,Standard,616,102152.84
PO003717,W014,SUP0093,2025-09-05,Electronics,Standard,178,415041.78
PO003718,W019,SUP0078,2024-02-19,Electronics,Standard,569,1145929.39
PO003719,W027,SUP0135,2026-07-08,Electronics,Bulk,3094,6395469.08
PO003720,W001,SUP0026,2025-01-22,Stationery,Standard,1006,40702.04
PO003721,W005,SUP0021,2025-02-13,Electronics,Standard,346,906918.17
PO003722,W022,SUP0002,2026-07-04,Electronics,Bulk,2054,4270405.66
PO003723,W012,SUP0032,2026-07-24,Apparel,Bulk,4286,1542318.34
PO003724,W005,SUP0141,2025-07-30,Stationery,Standard,105,5275.67
PO003725,W005,SUP0117,2026-06-13,Grocery,Bulk,3009,161831.84
PO003726,W005,SUP0124,2025-03-15,Furniture,Standard,405,1262097.39
PO003727,W029,SUP0019,2024-04-23,Grocery,Bulk,3510,246854.52
PO003728,W010,SUP0072,2025-12-18,Grocery,Urgent,168,9285.1
PO003729,W018,SUP0010,2024-07-15,Electronics,Bulk,3441,7182560.37
PO003730,W018,SUP0058,2025-07-20,Home & Kitchen,Bulk,3994,1964332.27
PO003731,W025,SUP0001,2025-03-06,Electronics,Urgent,101,255065.84
PO003732,W015,SUP0056,2025-09-29,Home & Kitchen,Standard,400,214027.59
PO003733,W010,SUP0136,2024-03-28,Grocery,Bulk,4034,221964.93
PO003734,W023,SUP0137,2024-02-21,Furniture,Bulk,3209,11514589.39
PO003735,W008,SUP0017,2026-04-13,Furniture,Urgent,135,529654.0
PO003736,W002,SUP0049,2026-07-30,Electronics,Standard,624,1449933.83
PO003737,W030,SUP0111,2025-08-12,Electronics,Standard,1031,2506441.34
PO003738,W030,SUP0055,2026-08-02,Apparel,Standard,290,108894.43
PO003739,W013,SUP0067,2024-12-02,Stationery,Urgent,339,17070.08
PO003740,W024,SUP0007,2026-01-10,Home & Kitchen,Bulk,1635,712207.37
PO003741,W027,SUP0109,2025-01-27,Personal Care,Bulk,1607,201529.28
PO003742,W010,SUP0017,2025-12-04,Home & Kitchen,Standard,448,192379.36
PO003743,W005,SUP0119,2025-06-20,Apparel,Standard,850,276380.11
PO003744,W004,SUP0072,2025-07-20,Stationery,Standard,1173,45847.58
PO003745,W028,SUP0064,2024-12-24,Home & Kitchen,Standard,514,274363.76
PO003746,W030,SUP0010,2026-05-05,Home & Kitchen,Urgent,128,66638.38
PO003747,W013,SUP0148,2024-08-06,Stationery,Standard,846,45542.1
PO003748,W030,SUP0024,2026-07-07,Grocery,Standard,142,9614.84
PO003749,W014,SUP0076,2025-12-16,Electronics,Standard,1032,1942984.19
PO003750,W013,SUP0093,2025-11-13,Grocery,Urgent,125,7958.58
PO003751,W006,SUP0147,2025-02-22,Stationery,Standard,267,10682.56
PO003752,W018,SUP0013,2024-10-28,Personal Care,Urgent,283,46065.04
PO003753,W010,SUP0020,2026-05-31,Apparel,Standard,485,140212.17
PO003754,W027,SUP0124,2026-01-29,Furniture,Standard,531,1658544.74
PO003755,W030,SUP0006,2025-05-26,Electronics,Urgent,57,147412.69
PO003756,W023,SUP0090,2026-03-09,Grocery,Bulk,2313,159014.75
PO003757,W012,SUP0086,2026-01-08,Apparel,Urgent,146,46137.11
PO003758,W009,SUP0038,2025-01-11,Grocery,Bulk,4276,271136.03
PO003759,W030,SUP0037,2024-06-06,Apparel,Urgent,313,87264.47
PO003760,W022,SUP0054,2025-12-07,Apparel,Standard,1034,315761.88
PO003761,W020,SUP0021,2025-06-28,Apparel,Bulk,1958,599476.81
PO003762,W001,SUP0031,2025-03-09,Stationery,Urgent,168,7625.8
PO003763,W030,SUP0013,2025-09-22,Electronics,Standard,636,1347159.05
PO003764,W009,SUP0058,2024-09-05,Personal Care,Bulk,3442,567256.97
PO003765,W015,SUP0113,2025-05-27,Home & Kitchen,Urgent,192,101672.31
PO003766,W004,SUP0061,2024-09-28,Stationery,Standard,1099,53470.59
PO003767,W030,SUP0066,2024-08-04,Furniture,Standard,577,2185880.8
PO003768,W028,SUP0017,2025-03-18,Apparel,Standard,897,338802.8
PO003769,W011,SUP0060,2026-04-24,Grocery,Standard,349,23024.67
PO003770,W027,SUP0049,2025-06-28,Grocery,Standard,329,19928.95
PO003771,W030,SUP0035,2025-03-07,Apparel,Standard,507,171038.14
PO003772,W027,SUP0072,2025-04-05,Electronics,Bulk,1411,3417975.28
PO003773,W002,SUP0021,2024-12-31,Personal Care,Urgent,68,9211.41
PO003774,W001,SUP0056,2026-08-03,Grocery,Bulk,1678,111081.52
PO003775,W009,SUP0139,2024-11-18,Home & Kitchen,Urgent,50,24847.49
PO003776,W015,SUP0140,2024-03-12,Grocery,Bulk,3336,171030.94
PO003777,W006,SUP0064,2024-01-03,Electronics,Standard,333,777120.07
PO003778,W004,SUP0054,2024-04-25,Personal Care,Bulk,2496,340783.48
PO003779,W006,SUP0001,2026-01-16,Stationery,Standard,214,9778.55
PO003780,W030,SUP0011,2025-05-09,Grocery,Bulk,4749,320749.83
PO003781,W027,SUP0075,2025-07-01,Grocery,Bulk,667,41715.26
PO003782,W004,SUP0061,2024-04-19,Home & Kitchen,Standard,299,169741.75
PO003783,W012,SUP0028,2024-12-12,Grocery,Bulk,901,47665.36
PO003784,W027,SUP0096,2026-02-20,Home & Kitchen,Standard,816,449378.27
PO003785,W006,SUP0098,2024-01-28,Furniture,Standard,931,3856209.23
PO003786,W016,SUP0062,2025-09-25,Grocery,Standard,292,20120.4
PO003787,W007,SUP0097,2024-12-21,Grocery,Standard,726,46702.82
PO003788,W030,SUP0014,2026-07-04,Home & Kitchen,Standard,221,113359.48
PO003789,W015,SUP0067,2024-07-19,Apparel,Urgent,374,141171.81
PO003790,W008,SUP0097,2024-05-09,Personal Care,Standard,185,23694.76
PO003791,W024,SUP0082,2025-07-17,Furniture,Urgent,286,1032336.91
PO003792,W006,SUP0087,2026-01-03,Home & Kitchen,Standard,1025,520508.28
PO003793,W006,SUP0090,2026-04-06,Grocery,Urgent,57,3473.04
PO003794,W030,SUP0134,2024-06-30,Electronics,Bulk,3998,10035030.94
PO003795,W028,SUP0112,2024-10-01,Grocery,Standard,677,45187.05
PO003796,W005,SUP0098,2025-06-16,Grocery,Standard,336,17419.41
PO003797,W002,SUP0144,2026-03-24,Home & Kitchen,Urgent,293,146683.68
PO003798,W028,SUP0040,2025-11-22,Grocery,Bulk,3431,178838.14
PO003799,W012,SUP0017,2025-09-19,Furniture,Urgent,294,992197.37
PO003800,W026,SUP0134,2025-11-18,Grocery,Standard,1179,82777.8
PO003801,W009,SUP0146,2024-08-22,Furniture,Bulk,1105,4309539.81
PO003802,W001,SUP0014,2025-03-15,Electronics,Bulk,2025,4379861.58
PO003803,W003,SUP0014,2024-03-31,Personal Care,Standard,935,145365.57
PO003804,W014,SUP0015,2025-12-09,Grocery,Bulk,3441,228582.25
PO003805,W025,SUP0008,2025-10-17,Stationery,Bulk,1533,75149.19
PO003806,W029,SUP0112,2024-10-03,Furniture,Standard,367,1236407.5
PO003807,W008,SUP0026,2024-09-12,Home & Kitchen,Standard,956,489039.67
PO003808,W012,SUP0116,2025-06-13,Personal Care,Urgent,365,58013.64
PO003809,W023,SUP0113,2025-12-17,Grocery,Standard,195,13459.78
PO003810,W023,SUP0014,2024-05-31,Personal Care,Standard,751,99601.89
PO003811,W026,SUP0103,2026-01-17,Personal Care,Urgent,146,19422.02
PO003812,W025,SUP0044,2025-10-03,Stationery,Bulk,3668,195001.37
PO003813,W016,SUP0051,2025-01-12,Personal Care,Urgent,256,34616.09
PO003814,W025,SUP0118,2026-05-17,Apparel,Bulk,4940,1345034.2
PO003815,W013,SUP0082,2024-08-08,Personal Care,Bulk,1599,264882.77
PO003816,W026,SUP0020,2024-07-13,Grocery,Standard,641,40457.03
PO003817,W013,SUP0147,2025-09-16,Home & Kitchen,Bulk,4624,2616579.98
PO003818,W002,SUP0118,2024-02-26,Grocery,Standard,627,40570.28
PO003819,W027,SUP0080,2024-10-29,Electronics,Standard,430,935296.45
PO003820,W004,SUP0107,2026-06-11,Grocery,Standard,955,58594.18
PO003821,W017,SUP0094,2025-12-01,Furniture,Urgent,169,539015.49
PO003822,W024,SUP0047,2026-01-10,Stationery,Bulk,3754,161142.61
PO003823,W020,SUP0096,2025-01-28,Personal Care,Standard,829,99363.15
PO003824,W018,SUP0097,2024-03-11,Apparel,Bulk,1076,365631.61
PO003825,W030,SUP0103,2025-11-10,Apparel,Standard,1121,420487.98
PO003826,W006,SUP0127,2024-03-24,Grocery,Bulk,1931,134755.24
PO003827,W015,SUP0068,2026-06-07,Grocery,Urgent,238,13813.93
PO003828,W025,SUP0059,2026-05-05,Home & Kitchen,Bulk,4929,2220713.2
PO003829,W030,SUP0002,2025-09-17,Personal Care,Standard,213,35647.37
PO003830,W006,SUP0150,2024-09-23,Grocery,Urgent,265,18636.23
PO003831,W001,SUP0141,2025-12-01,Stationery,Bulk,4539,214275.69
PO003832,W027,SUP0049,2026-03-21,Grocery,Standard,1076,58199.84
PO003833,W021,SUP0098,2025-10-26,Apparel,Bulk,4489,1234601.15
PO003834,W013,SUP0052,2025-05-28,Electronics,Urgent,305,675901.96
PO003835,W029,SUP0122,2026-07-07,Electronics,Standard,905,2069477.92
PO003836,W030,SUP0028,2025-11-20,Grocery,Standard,123,6853.28
PO003837,W010,SUP0120,2024-08-25,Apparel,Standard,247,74732.91
PO003838,W012,SUP0003,2024-07-14,Grocery,Standard,112,6148.85
PO003839,W018,SUP0142,2026-06-14,Apparel,Bulk,2684,767354.54
PO003840,W010,SUP0129,2026-04-22,Grocery,Standard,451,28080.18
PO003841,W013,SUP0004,2026-06-22,Home & Kitchen,Urgent,139,61414.81
PO003842,W006,SUP0035,2026-02-26,Apparel,Standard,558,182080.73
PO003843,W027,SUP0033,2024-05-14,Personal Care,Standard,1191,190800.51
PO003844,W013,SUP0032,2024-12-09,Stationery,Standard,221,10347.1
PO003845,W029,SUP0138,2025-11-22,Grocery,Standard,132,7535.16
PO003846,W027,SUP0074,2024-11-15,Personal Care,Urgent,315,41828.5
PO003847,W015,SUP0127,2024-06-29,Personal Care,Standard,702,110465.12
PO003848,W005,SUP0113,2024-03-24,Electronics,Standard,800,1506653.61
PO003849,W001,SUP0110,2024-04-28,Electronics,Bulk,775,2010954.5
PO003850,W007,SUP0086,2025-03-31,Apparel,Standard,346,108173.62
PO003851,W027,SUP0083,2025-05-04,Stationery,Urgent,93,4350.91
PO003852,W017,SUP0011,2025-08-16,Grocery,Standard,341,24498.18
PO003853,W026,SUP0130,2024-05-13,Home & Kitchen,Urgent,27,15046.5
PO003854,W002,SUP0091,2024-02-21,Personal Care,Urgent,389,63313.17
PO003855,W025,SUP0113,2025-12-03,Home & Kitchen,Bulk,1662,783760.76
PO003856,W030,SUP0135,2024-07-31,Furniture,Bulk,1055,4247033.09
PO003857,W001,SUP0049,2025-11-14,Furniture,Standard,161,597796.47
PO003858,W003,SUP0098,2026-07-29,Electronics,Urgent,40,90211.82
PO003859,W027,SUP0035,2025-08-29,Grocery,Standard,955,65093.01
PO003860,W010,SUP0121,2026-01-23,Grocery,Urgent,32,1718.42
PO003861,W008,SUP0071,2025-11-05,Electronics,Standard,499,1112756.03
PO003862,W027,SUP0010,2025-07-24,Home & Kitchen,Standard,693,317039.1
PO003863,W028,SUP0008,2024-06-10,Personal Care,Standard,756,111752.48
PO003864,W030,SUP0074,2026-04-03,Home & Kitchen,Standard,743,359205.08
PO003865,W006,SUP0010,2025-09-01,Grocery,Bulk,3669,235627.4
PO003866,W018,SUP0055,2024-09-15,Personal Care,Standard,1021,163356.62
PO003867,W002,SUP0043,2024-04-11,Stationery,Standard,289,12835.26
PO003868,W015,SUP0089,2024-06-13,Grocery,Bulk,746,42364.83
PO003869,W027,SUP0014,2024-03-29,Apparel,Standard,985,352399.14
PO003870,W009,SUP0025,2026-05-31,Grocery,Standard,436,27910.38
PO003871,W015,SUP0020,2025-07-30,Grocery,Urgent,262,16014.84
PO003872,W022,SUP0150,2024-10-22,Apparel,Standard,777,261070.47
PO003873,W001,SUP0053,2026-07-11,Home & Kitchen,Standard,927,408958.12
PO003874,W007,SUP0032,2024-02-06,Home & Kitchen,Bulk,522,226264.84
PO003875,W010,SUP0091,2024-06-23,Electronics,Standard,53,139015.09
PO003876,W029,SUP0048,2024-01-24,Apparel,Bulk,3484,1202370.73
PO003877,W023,SUP0014,2025-05-03,Grocery,Bulk,1268,72217.36
PO003878,W020,SUP0061,2025-10-06,Electronics,Urgent,220,452109.74
PO003879,W006,SUP0066,2024-05-04,Home & Kitchen,Urgent,310,129179.63
PO003880,W027,SUP0137,2025-09-04,Grocery,Bulk,4495,305641.7
PO003881,W006,SUP0109,2025-01-02,Furniture,Bulk,2272,9150190.02
PO003882,W026,SUP0037,2024-11-11,Stationery,Standard,855,33450.57
PO003883,W006,SUP0070,2025-05-03,Home & Kitchen,Standard,970,417315.58
PO003884,W030,SUP0051,2024-12-31,Personal Care,Standard,201,29095.56
PO003885,W001,SUP0046,2024-03-30,Home & Kitchen,Standard,1160,610403.01
PO003886,W002,SUP0102,2025-10-16,Home & Kitchen,Standard,187,89478.82
PO003887,W028,SUP0132,2026-07-29,Personal Care,Bulk,4861,684271.69
PO003888,W004,SUP0076,2024-12-15,Grocery,Standard,125,7744.53
PO003889,W018,SUP0095,2024-01-10,Electronics,Urgent,323,775650.0
PO003890,W009,SUP0059,2025-05-11,Stationery,Bulk,2869,118420.99
PO003891,W018,SUP0020,2025-11-23,Apparel,Standard,849,233293.8
PO003892,W019,SUP0129,2025-02-28,Electronics,Urgent,392,787500.37
PO003893,W014,SUP0020,2026-06-12,Personal Care,Bulk,1512,231139.43
PO003894,W015,SUP0138,2025-02-27,Personal Care,Urgent,326,47378.01
PO003895,W024,SUP0116,2024-08-18,Apparel,Standard,527,151131.79
PO003896,W005,SUP0140,2026-05-15,Grocery,Standard,1146,80248.88
PO003897,W023,SUP0047,2024-10-03,Grocery,Bulk,3929,240777.11
PO003898,W001,SUP0133,2024-01-24,Home & Kitchen,Standard,778,337797.61
PO003899,W026,SUP0054,2024-07-25,Apparel,Standard,577,163669.43
PO003900,W011,SUP0062,2025-04-26,Electronics,Standard,464,895476.47
PO003901,W022,SUP0089,2024-12-27,Grocery,Bulk,1340,92942.22
PO003902,W004,SUP0021,2025-07-07,Home & Kitchen,Urgent,210,110114.35
PO003903,W030,SUP0087,2025-04-15,Grocery,Standard,1062,69224.12
PO003904,W029,SUP0079,2024-04-29,Electronics,Bulk,3887,8960815.86
PO003905,W028,SUP0087,2025-02-06,Electronics,Urgent,372,887190.54
PO003906,W027,SUP0086,2024-06-19,Electronics,Standard,793,1597364.96
PO003907,W025,SUP0062,2026-01-31,Apparel,Bulk,2004,711926.73
PO003908,W001,SUP0084,2024-10-17,Stationery,Standard,461,23846.18
PO003909,W014,SUP0104,2024-05-25,Electronics,Urgent,74,182212.54
PO003910,W005,SUP0045,2024-10-25,Grocery,Standard,747,38899.85
PO003911,W001,SUP0076,2024-07-09,Apparel,Standard,329,94333.19
PO003912,W023,SUP0009,2024-09-27,Grocery,Bulk,3160,175935.16
PO003913,W030,SUP0023,2024-11-16,Furniture,Standard,701,2672592.82
PO003914,W030,SUP0087,2025-02-09,Home & Kitchen,Urgent,368,155820.4
PO003915,W010,SUP0018,2025-07-08,Electronics,Standard,369,877994.15
PO003916,W006,SUP0085,2026-07-08,Grocery,Bulk,692,44144.41
PO003917,W019,SUP0061,2024-11-25,Apparel,Urgent,90,26353.02
PO003918,W003,SUP0057,2024-09-30,Stationery,Standard,652,28544.07
PO003919,W027,SUP0037,2024-03-30,Electronics,Bulk,1666,3794441.9
PO003920,W028,SUP0092,2025-03-26,Grocery,Urgent,221,14805.58
PO003921,W019,SUP0042,2024-05-16,Apparel,Standard,698,198772.99
PO003922,W028,SUP0038,2026-04-12,Home & Kitchen,Standard,209,91735.17
PO003923,W005,SUP0015,2024-07-02,Home & Kitchen,Bulk,3662,1670392.6
PO003924,W028,SUP0104,2024-04-18,Apparel,Standard,1117,344152.26
PO003925,W008,SUP0027,2024-08-02,Grocery,Urgent,150,8580.06
PO003926,W015,SUP0045,2024-02-09,Grocery,Urgent,177,10159.05
PO003927,W029,SUP0021,2026-02-26,Personal Care,Urgent,298,40785.01
PO003928,W015,SUP0058,2025-12-26,Apparel,Standard,144,42012.21
PO003929,W027,SUP0020,2025-08-16,Home & Kitchen,Standard,1080,571876.08
PO003930,W005,SUP0033,2025-05-17,Home & Kitchen,Standard,505,280664.29
PO003931,W001,SUP0028,2024-11-02,Apparel,Bulk,2600,912122.6
PO003932,W030,SUP0079,2025-12-01,Electronics,Standard,639,1255047.71
PO003933,W029,SUP0083,2024-09-26,Grocery,Bulk,1821,115277.65
PO003934,W026,SUP0133,2025-03-16,Grocery,Standard,917,46779.96
PO003935,W015,SUP0082,2024-08-26,Grocery,Standard,1068,57861.36
PO003936,W006,SUP0056,2026-03-26,Grocery,Standard,650,46629.44
PO003937,W001,SUP0106,2024-01-03,Furniture,Standard,452,1896418.84
PO003938,W027,SUP0066,2026-04-09,Apparel,Bulk,1978,661369.29
PO003939,W029,SUP0060,2024-10-31,Grocery,Bulk,4152,271412.85
PO003940,W006,SUP0115,2026-03-05,Electronics,Urgent,362,854782.59
PO003941,W021,SUP0135,2025-11-30,Personal Care,Standard,1173,169656.72
PO003942,W015,SUP0124,2024-04-17,Grocery,Standard,914,65663.77
PO003943,W015,SUP0087,2024-05-25,Stationery,Bulk,2818,151068.21
PO003944,W015,SUP0145,2025-02-28,Electronics,Standard,555,1066139.46
PO003945,W015,SUP0131,2024-05-17,Grocery,Standard,998,64255.75
PO003946,W001,SUP0053,2025-08-12,Stationery,Standard,646,29157.91
PO003947,W006,SUP0065,2025-12-27,Electronics,Urgent,130,322570.82
PO003948,W006,SUP0124,2025-07-09,Apparel,Standard,924,348440.63
PO003949,W011,SUP0106,2025-07-03,Personal Care,Standard,963,119848.7
PO003950,W010,SUP0110,2024-01-17,Grocery,Standard,432,22102.95
PO003951,W030,SUP0068,2024-06-16,Electronics,Standard,823,1942950.6
PO003952,W029,SUP0069,2025-05-23,Furniture,Standard,759,3130357.36
PO003953,W023,SUP0091,2025-04-02,Electronics,Standard,689,1510895.14
PO003954,W010,SUP0002,2024-04-29,Apparel,Standard,906,311730.71
PO003955,W018,SUP0072,2024-10-13,Home & Kitchen,Standard,162,67166.92
PO003956,W014,SUP0027,2025-07-26,Grocery,Urgent,160,10394.6
PO003957,W010,SUP0147,2026-03-13,Apparel,Urgent,312,105100.23
PO003958,W027,SUP0107,2025-12-06,Electronics,Standard,1156,2383158.91
PO003959,W026,SUP0078,2024-10-08,Home & Kitchen,Standard,1167,595594.68
PO003960,W023,SUP0139,2024-03-15,Grocery,Bulk,3775,265683.12
PO003961,W010,SUP0018,2026-04-23,Personal Care,Urgent,312,42287.09
PO003962,W011,SUP0066,2025-08-19,Apparel,Bulk,3213,1212561.45
PO003963,W009,SUP0021,2024-01-17,Grocery,Urgent,135,7723.66
PO003964,W022,SUP0114,2026-01-16,Grocery,Standard,434,25476.56
PO003965,W024,SUP0022,2025-07-09,Furniture,Standard,399,1453986.65
PO003966,W027,SUP0132,2026-04-08,Grocery,Bulk,4865,260635.21
PO003967,W018,SUP0117,2024-05-28,Home & Kitchen,Standard,299,146927.22
PO003968,W008,SUP0148,2024-07-08,Grocery,Bulk,1623,108621.17
PO003969,W027,SUP0037,2024-07-18,Electronics,Standard,1064,2615665.51
PO003970,W020,SUP0055,2025-06-30,Stationery,Urgent,50,2369.69
PO003971,W030,SUP0085,2024-11-13,Stationery,Standard,536,28564.77
PO003972,W010,SUP0063,2026-03-17,Furniture,Standard,252,998461.38
PO003973,W004,SUP0059,2026-03-15,Stationery,Standard,814,37523.67
PO003974,W027,SUP0035,2024-10-30,Apparel,Urgent,190,56064.05
PO003975,W001,SUP0013,2025-08-01,Apparel,Bulk,4804,1440959.65
PO003976,W004,SUP0116,2024-12-11,Furniture,Bulk,517,1772120.24
PO003977,W019,SUP0087,2026-02-23,Personal Care,Standard,329,39412.48
PO003978,W023,SUP0055,2025-01-16,Grocery,Urgent,53,3285.66
PO003979,W006,SUP0046,2025-11-18,Grocery,Standard,54,3529.05
PO003980,W001,SUP0091,2024-05-05,Furniture,Urgent,84,258940.24
PO003981,W017,SUP0114,2025-08-29,Home & Kitchen,Standard,546,303737.96
PO003982,W026,SUP0023,2025-02-13,Grocery,Standard,519,32510.08
PO003983,W030,SUP0052,2026-01-01,Apparel,Standard,703,252251.4
PO003984,W008,SUP0087,2025-10-14,Apparel,Standard,1072,295519.48
PO003985,W008,SUP0001,2025-12-20,Apparel,Standard,416,134995.0
PO003986,W023,SUP0112,2024-08-11,Grocery,Standard,935,57107.4
PO003987,W026,SUP0129,2024-08-20,Furniture,Standard,233,945335.45
PO003988,W007,SUP0132,2025-08-30,Apparel,Urgent,123,33973.4
PO003989,W002,SUP0033,2025-06-07,Apparel,Standard,436,126175.36
PO003990,W006,SUP0042,2024-03-07,Grocery,Standard,912,64569.77
PO003991,W006,SUP0139,2026-07-29,Apparel,Standard,77,20970.37
PO003992,W015,SUP0142,2025-03-11,Grocery,Standard,503,35427.0
PO003993,W005,SUP0040,2025-07-15,Home & Kitchen,Bulk,2384,1325968.32
PO003994,W001,SUP0135,2026-07-22,Stationery,Bulk,800,36828.53
PO003995,W030,SUP0147,2024-06-07,Grocery,Urgent,133,9134.02
PO003996,W019,SUP0051,2026-03-24,Personal Care,Urgent,321,52565.1
PO003997,W001,SUP0113,2025-03-08,Home & Kitchen,Standard,84,36977.97
PO003998,W023,SUP0016,2025-10-28,Electronics,Standard,430,817191.76
PO003999,W005,SUP0020,2025-09-26,Grocery,Standard,235,13196.06
PO004000,W011,SUP0128,2026-03-08,Home & Kitchen,Urgent,383,205033.84
PO004001,W017,SUP0056,2026-04-28,Apparel,Standard,490,137585.67
PO004002,W024,SUP0087,2025-10-28,Apparel,Standard,1193,341717.67
PO004003,W030,SUP0017,2025-02-11,Grocery,Urgent,218,15666.92
PO004004,W006,SUP0032,2026-02-19,Electronics,Urgent,380,763911.67
PO004005,W001,SUP0116,2024-02-12,Grocery,Urgent,313,20423.98
PO004006,W005,SUP0099,2024-11-13,Electronics,Standard,253,560872.8
PO004007,W009,SUP0149,2026-02-27,Furniture,Standard,1032,4173529.25
PO004008,W006,SUP0054,2024-01-26,Home & Kitchen,Standard,667,281731.71
PO004009,W012,SUP0140,2025-10-15,Electronics,Standard,319,714217.76
PO004010,W012,SUP0071,2025-08-01,Grocery,Bulk,698,42591.92
PO004011,W030,SUP0078,2024-03-16,Furniture,Standard,978,3071461.05
PO004012,W030,SUP0028,2025-05-09,Electronics,Bulk,3017,7221745.57
PO004013,W012,SUP0052,2024-02-15,Home & Kitchen,Standard,290,145130.87
PO004014,W009,SUP0003,2024-02-08,Electronics,Standard,988,2032360.41
PO004015,W028,SUP0001,2026-04-15,Home & Kitchen,Bulk,1332,608364.87
PO004016,W023,SUP0033,2025-12-14,Personal Care,Bulk,4044,551919.81
PO004017,W028,SUP0085,2024-10-28,Grocery,Standard,1153,79501.58
PO004018,W012,SUP0104,2026-02-21,Personal Care,Standard,114,14533.91
PO004019,W001,SUP0147,2024-12-28,Grocery,Standard,125,8478.76
PO004020,W008,SUP0026,2026-07-06,Apparel,Standard,50,18654.21
PO004021,W005,SUP0144,2024-12-07,Personal Care,Standard,506,84156.48
PO004022,W020,SUP0047,2026-07-18,Electronics,Bulk,2074,4451645.55
PO004023,W019,SUP0135,2024-06-30,Personal Care,Bulk,2393,381734.13
PO004024,W002,SUP0100,2025-02-04,Electronics,Bulk,3862,8553869.86
PO004025,W027,SUP0074,2024-06-15,Apparel,Standard,203,62744.12
PO004026,W022,SUP0095,2026-07-20,Electronics,Standard,517,1364786.8
PO004027,W012,SUP0017,2025-05-16,Furniture,Bulk,3146,12688852.55
PO004028,W012,SUP0053,2025-06-05,Grocery,Standard,930,65019.11
PO004029,W014,SUP0097,2026-06-07,Home & Kitchen,Standard,553,245398.53
PO004030,W022,SUP0009,2025-09-18,Home & Kitchen,Urgent,191,106558.37
PO004031,W015,SUP0110,2025-08-04,Home & Kitchen,Bulk,1704,781658.02
PO004032,W029,SUP0007,2025-12-16,Electronics,Standard,86,197857.36
PO004033,W020,SUP0048,2024-07-31,Personal Care,Standard,934,150378.48
PO004034,W009,SUP0101,2024-06-25,Stationery,Urgent,368,17680.81
PO004035,W026,SUP0064,2025-02-23,Electronics,Standard,57,126864.44
PO004036,W018,SUP0095,2025-09-16,Apparel,Bulk,3750,1312514.54
PO004037,W005,SUP0056,2025-06-23,Grocery,Urgent,47,3368.13
PO004038,W022,SUP0104,2024-02-25,Personal Care,Standard,543,77241.7
PO004039,W029,SUP0072,2026-07-27,Grocery,Standard,408,25625.69
PO004040,W014,SUP0112,2025-05-26,Personal Care,Standard,836,104856.21
PO004041,W018,SUP0044,2026-06-07,Electronics,Standard,235,534722.99
PO004042,W001,SUP0063,2024-07-29,Personal Care,Urgent,340,41268.18
PO004043,W001,SUP0116,2025-08-20,Grocery,Standard,1192,79771.06
PO004044,W006,SUP0033,2024-03-29,Apparel,Standard,1106,410976.43
PO004045,W030,SUP0018,2025-01-08,Home & Kitchen,Standard,565,301545.65
PO004046,W002,SUP0001,2025-10-01,Furniture,Urgent,95,394716.54
PO004047,W008,SUP0020,2024-10-02,Personal Care,Standard,429,63178.5
PO004048,W021,SUP0106,2024-07-26,Apparel,Bulk,3316,1159018.05
PO004049,W028,SUP0114,2024-06-11,Grocery,Urgent,221,14029.4
PO004050,W030,SUP0065,2026-04-16,Grocery,Standard,59,3071.53
PO004051,W020,SUP0113,2026-04-24,Electronics,Standard,982,2448073.36
PO004052,W001,SUP0061,2025-12-11,Grocery,Standard,105,7091.8
PO004053,W012,SUP0112,2025-06-06,Grocery,Standard,107,5624.5
PO004054,W029,SUP0140,2024-03-05,Apparel,Bulk,4322,1547637.54
PO004055,W008,SUP0134,2024-12-16,Furniture,Standard,173,563831.06
PO004056,W001,SUP0053,2025-04-16,Apparel,Urgent,196,72895.81
PO004057,W029,SUP0117,2024-02-07,Stationery,Standard,495,24280.75
PO004058,W028,SUP0102,2024-10-08,Home & Kitchen,Standard,488,242642.88
PO004059,W024,SUP0023,2024-07-29,Apparel,Standard,801,301553.22
PO004060,W004,SUP0066,2025-07-19,Furniture,Standard,446,1577676.07
PO004061,W024,SUP0101,2024-01-29,Apparel,Standard,957,309905.35
PO004062,W003,SUP0032,2025-09-28,Apparel,Standard,548,192781.51
PO004063,W006,SUP0135,2026-06-29,Grocery,Standard,373,24997.54
PO004064,W001,SUP0141,2024-12-04,Grocery,Standard,326,21634.55
PO004065,W005,SUP0117,2026-07-29,Furniture,Bulk,3532,10657899.53
PO004066,W028,SUP0034,2025-08-08,Electronics,Bulk,1775,4345826.08
PO004067,W025,SUP0039,2024-01-03,Grocery,Standard,332,18514.53
PO004068,W022,SUP0059,2024-04-18,Home & Kitchen,Standard,1048,536240.22
PO004069,W019,SUP0115,2024-04-26,Grocery,Standard,256,15059.69
PO004070,W006,SUP0099,2024-04-21,Personal Care,Bulk,3083,450451.05
PO004071,W002,SUP0147,2025-07-03,Apparel,Standard,208,61553.89
PO004072,W006,SUP0079,2024-09-16,Personal Care,Urgent,63,9070.98
PO004073,W027,SUP0121,2025-04-15,Grocery,Bulk,1985,119430.68
PO004074,W015,SUP0015,2025-06-10,Personal Care,Urgent,94,14541.46
PO004075,W001,SUP0107,2025-07-27,Electronics,Urgent,127,321878.7
PO004076,W007,SUP0032,2024-03-11,Grocery,Bulk,1280,67469.67
PO004077,W013,SUP0131,2024-03-31,Home & Kitchen,Standard,449,188369.47
PO004078,W005,SUP0106,2025-04-03,Stationery,Urgent,108,5561.77
PO004079,W002,SUP0109,2024-08-09,Grocery,Standard,69,4057.62
PO004080,W015,SUP0067,2026-07-17,Stationery,Standard,348,17511.25
PO004081,W028,SUP0045,2024-06-12,Home & Kitchen,Standard,243,101096.74
PO004082,W006,SUP0107,2024-09-02,Personal Care,Bulk,1569,189918.7
PO004083,W012,SUP0021,2025-04-18,Furniture,Bulk,4169,14642388.68
PO004084,W027,SUP0023,2025-06-18,Home & Kitchen,Bulk,2927,1329349.03
PO004085,W018,SUP0047,2025-09-28,Home & Kitchen,Bulk,4243,2288135.45
PO004086,W020,SUP0034,2025-06-27,Electronics,Bulk,4079,10659277.16
PO004087,W023,SUP0054,2024-10-16,Grocery,Standard,117,7002.7
PO004088,W027,SUP0095,2026-06-23,Stationery,Standard,1078,49866.9
PO004089,W001,SUP0081,2026-07-15,Electronics,Urgent,116,306087.8
PO004090,W018,SUP0078,2026-05-27,Grocery,Bulk,1024,61653.91
PO004091,W002,SUP0071,2024-05-22,Apparel,Urgent,341,104531.24
PO004092,W004,SUP0084,2026-05-09,Electronics,Urgent,325,692368.15
PO004093,W001,SUP0048,2024-03-27,Furniture,Standard,644,1936895.87
PO004094,W005,SUP0148,2025-07-13,Grocery,Standard,125,6867.41
PO004095,W027,SUP0089,2024-01-31,Grocery,Standard,363,18964.57
PO004096,W004,SUP0079,2025-11-05,Furniture,Bulk,4591,14865696.44
PO004097,W001,SUP0055,2024-04-10,Apparel,Bulk,1357,438423.41
PO004098,W006,SUP0083,2025-09-01,Home & Kitchen,Standard,758,374304.92
PO004099,W026,SUP0128,2024-10-28,Stationery,Urgent,249,9589.96
PO004100,W016,SUP0115,2025-11-29,Grocery,Standard,926,50519.17
PO004101,W017,SUP0047,2025-12-19,Personal Care,Standard,646,88878.29
PO004102,W022,SUP0004,2024-03-28,Personal Care,Standard,735,121965.89
PO004103,W008,SUP0035,2025-11-08,Grocery,Standard,1086,75377.48
PO004104,W026,SUP0021,2024-05-19,Home & Kitchen,Standard,1079,533672.88
PO004105,W015,SUP0110,2024-10-09,Home & Kitchen,Bulk,4742,2708222.27
PO004106,W008,SUP0017,2024-07-28,Grocery,Standard,704,44312.96
PO004107,W006,SUP0107,2024-12-03,Home & Kitchen,Standard,543,305107.95
PO004108,W030,SUP0023,2025-05-21,Grocery,Bulk,3419,187962.8
PO004109,W026,SUP0069,2026-08-02,Furniture,Standard,497,1585672.02
PO004110,W017,SUP0018,2024-05-17,Grocery,Urgent,181,11364.39
PO004111,W015,SUP0114,2024-01-15,Personal Care,Bulk,4767,640634.59
PO004112,W019,SUP0080,2024-07-24,Electronics,Standard,521,1185161.61
PO004113,W001,SUP0051,2025-01-09,Personal Care,Bulk,1515,230822.57
PO004114,W002,SUP0020,2024-10-25,Electronics,Standard,523,1080252.65
PO004115,W021,SUP0138,2025-10-11,Grocery,Bulk,4601,288131.7
PO004116,W022,SUP0035,2025-03-26,Home & Kitchen,Standard,701,313359.75
PO004117,W028,SUP0031,2025-03-29,Electronics,Bulk,4317,9137151.94
PO004118,W019,SUP0093,2026-06-22,Personal Care,Bulk,4337,605982.52
PO004119,W025,SUP0100,2024-07-25,Grocery,Standard,212,10930.42
PO004120,W018,SUP0036,2026-05-15,Grocery,Bulk,3905,203701.87
PO004121,W011,SUP0134,2025-10-26,Grocery,Standard,1019,59110.88
PO004122,W013,SUP0093,2026-03-24,Grocery,Standard,660,47337.45
PO004123,W030,SUP0046,2026-06-28,Electronics,Standard,1121,2827972.18
PO004124,W030,SUP0023,2026-04-03,Apparel,Bulk,1692,470940.49
PO004125,W028,SUP0067,2025-03-18,Stationery,Standard,572,26300.68
PO004126,W018,SUP0081,2026-01-10,Personal Care,Standard,883,135143.28
PO004127,W005,SUP0116,2024-10-15,Grocery,Bulk,2571,156154.85
PO004128,W001,SUP0086,2026-04-27,Stationery,Urgent,238,11848.59
PO004129,W029,SUP0045,2025-12-25,Furniture,Bulk,4813,19713073.38
PO004130,W002,SUP0101,2024-06-28,Electronics,Standard,627,1408388.43
PO004131,W009,SUP0087,2025-05-13,Home & Kitchen,Bulk,672,375561.57
PO004132,W027,SUP0022,2026-02-13,Personal Care,Standard,968,119960.02
PO004133,W005,SUP0083,2024-02-07,Stationery,Standard,281,14138.87
PO004134,W027,SUP0044,2025-10-06,Home & Kitchen,Urgent,264,139389.04
PO004135,W006,SUP0040,2025-08-11,Apparel,Standard,894,341264.98
PO004136,W026,SUP0106,2025-09-12,Grocery,Bulk,801,52463.26
PO004137,W023,SUP0115,2025-07-01,Apparel,Standard,1006,330359.61
PO004138,W007,SUP0078,2025-11-15,Home & Kitchen,Bulk,3688,1702020.16
PO004139,W009,SUP0134,2026-02-19,Grocery,Standard,167,10396.44
PO004140,W009,SUP0098,2025-10-13,Grocery,Bulk,1315,89766.42
PO004141,W018,SUP0018,2025-12-10,Electronics,Bulk,712,1776262.99
PO004142,W029,SUP0015,2025-03-22,Apparel,Standard,84,23744.47
PO004143,W017,SUP0075,2025-06-04,Grocery,Bulk,4424,305348.35
PO004144,W012,SUP0115,2026-02-06,Furniture,Bulk,3054,11029111.5
PO004145,W010,SUP0040,2024-03-29,Home & Kitchen,Standard,835,352893.39
PO004146,W005,SUP0076,2024-11-21,Grocery,Standard,652,42773.24
PO004147,W022,SUP0036,2024-02-07,Grocery,Urgent,323,18004.36
PO004148,W015,SUP0137,2024-03-21,Furniture,Standard,1097,3886496.03
PO004149,W028,SUP0110,2024-06-07,Grocery,Standard,596,30923.83
PO004150,W015,SUP0076,2024-01-27,Home & Kitchen,Standard,58,26206.51
PO004151,W030,SUP0062,2024-10-21,Electronics,Urgent,249,583735.16
PO004152,W012,SUP0020,2024-06-25,Personal Care,Standard,1070,158003.02
PO004153,W015,SUP0017,2024-02-23,Home & Kitchen,Urgent,59,30040.41
PO004154,W005,SUP0034,2025-01-05,Grocery,Urgent,109,7634.35
PO004155,W026,SUP0118,2025-04-19,Home & Kitchen,Urgent,268,132012.08
PO004156,W001,SUP0144,2024-02-19,Electronics,Standard,1035,1967983.77
PO004157,W005,SUP0136,2026-02-09,Electronics,Standard,770,1475027.68
PO004158,W008,SUP0059,2025-11-16,Stationery,Standard,124,6167.18
PO004159,W027,SUP0036,2024-10-18,Grocery,Standard,610,39014.0
PO004160,W019,SUP0118,2024-08-10,Stationery,Urgent,327,16285.16
PO004161,W008,SUP0094,2024-01-31,Grocery,Bulk,1246,82380.62
PO004162,W029,SUP0148,2024-06-02,Home & Kitchen,Bulk,1912,1033732.84
PO004163,W027,SUP0014,2026-05-25,Home & Kitchen,Standard,706,349376.57
PO004164,W001,SUP0100,2025-07-02,Furniture,Urgent,125,378971.09
PO004165,W006,SUP0052,2025-03-24,Home & Kitchen,Bulk,4913,2285702.03
PO004166,W023,SUP0004,2025-09-23,Home & Kitchen,Standard,508,235958.44
PO004167,W027,SUP0076,2025-08-06,Grocery,Standard,314,21491.86
PO004168,W025,SUP0121,2025-03-27,Home & Kitchen,Standard,348,174254.25
PO004169,W028,SUP0021,2025-09-25,Furniture,Urgent,67,248168.02
PO004170,W003,SUP0126,2025-02-04,Electronics,Standard,163,311452.83
PO004171,W001,SUP0012,2025-01-20,Personal Care,Urgent,139,17066.71
PO004172,W012,SUP0075,2025-03-28,Apparel,Urgent,128,35151.14
PO004173,W001,SUP0069,2024-07-26,Apparel,Standard,117,34676.18
PO004174,W022,SUP0036,2024-04-04,Home & Kitchen,Standard,911,430654.43
PO004175,W029,SUP0103,2025-01-28,Grocery,Bulk,1654,118586.01
PO004176,W012,SUP0039,2025-10-19,Apparel,Bulk,1217,360107.38
PO004177,W018,SUP0005,2024-02-09,Apparel,Standard,558,188642.17
PO004178,W010,SUP0143,2025-11-19,Personal Care,Standard,347,56666.97
PO004179,W004,SUP0018,2026-04-20,Grocery,Standard,603,36032.54
PO004180,W002,SUP0053,2025-01-19,Apparel,Standard,354,103513.26
PO004181,W023,SUP0080,2025-08-08,Grocery,Standard,1093,63820.47
PO004182,W029,SUP0063,2025-11-07,Grocery,Standard,506,26584.34
PO004183,W009,SUP0145,2024-05-29,Stationery,Bulk,1879,85426.02
PO004184,W003,SUP0065,2025-09-25,Home & Kitchen,Bulk,905,444139.07
PO004185,W027,SUP0019,2024-12-06,Personal Care,Standard,1134,174069.42
PO004186,W006,SUP0127,2024-03-28,Apparel,Standard,504,147324.17
PO004187,W025,SUP0017,2024-01-06,Personal Care,Urgent,79,11266.05
PO004188,W021,SUP0093,2024-02-01,Electronics,Bulk,2390,5173105.14
PO004189,W008,SUP0111,2025-05-05,Apparel,Standard,395,125942.59
PO004190,W015,SUP0007,2025-03-31,Grocery,Standard,1069,66879.44
PO004191,W010,SUP0060,2024-06-13,Stationery,Bulk,3992,178904.69
PO004192,W003,SUP0099,2024-10-29,Home & Kitchen,Standard,778,319303.84
PO004193,W006,SUP0006,2025-07-26,Grocery,Standard,766,49109.74
PO004194,W018,SUP0106,2024-03-21,Grocery,Standard,109,5612.31
PO004195,W026,SUP0090,2026-01-08,Personal Care,Urgent,351,45883.98
PO004196,W002,SUP0095,2025-10-08,Grocery,Standard,810,55882.32
PO004197,W005,SUP0069,2026-03-18,Electronics,Bulk,3875,8770559.61
PO004198,W001,SUP0034,2026-06-08,Home & Kitchen,Standard,496,281512.82
PO004199,W030,SUP0079,2024-03-30,Apparel,Standard,748,205657.45
PO004200,W002,SUP0142,2026-08-04,Home & Kitchen,Bulk,1638,820398.25
PO004201,W010,SUP0035,2026-05-17,Apparel,Standard,668,188986.35
PO004202,W001,SUP0097,2026-08-07,Grocery,Standard,587,32072.64
PO004203,W015,SUP0002,2025-09-26,Personal Care,Standard,584,91851.76
PO004204,W020,SUP0007,2026-07-15,Apparel,Bulk,2210,835465.43
PO004205,W016,SUP0017,2026-04-23,Apparel,Standard,464,155388.32
PO004206,W022,SUP0005,2024-01-20,Grocery,Standard,657,40754.62
PO004207,W005,SUP0109,2026-01-05,Apparel,Bulk,4643,1520992.83
PO004208,W029,SUP0103,2026-02-02,Electronics,Standard,261,495105.82
PO004209,W025,SUP0013,2025-07-26,Grocery,Bulk,937,54494.8
PO004210,W005,SUP0138,2026-03-16,Home & Kitchen,Standard,430,231066.47
PO004211,W013,SUP0047,2024-11-08,Electronics,Standard,547,1093791.11
PO004212,W001,SUP0129,2024-09-19,Furniture,Standard,458,1519162.73
PO004213,W027,SUP0098,2025-01-30,Apparel,Urgent,268,76527.62
PO004214,W029,SUP0069,2026-08-01,Apparel,Standard,294,100206.35
PO004215,W016,SUP0068,2026-01-24,Grocery,Bulk,2571,176214.76
PO004216,W009,SUP0089,2026-06-03,Stationery,Standard,347,15424.47
PO004217,W027,SUP0026,2025-08-31,Electronics,Bulk,1565,3358333.14
PO004218,W009,SUP0006,2026-01-12,Electronics,Bulk,3785,8618178.22
PO004219,W001,SUP0124,2024-06-30,Grocery,Standard,825,43244.68
PO004220,W022,SUP0130,2025-08-05,Home & Kitchen,Standard,1133,645896.36
PO004221,W011,SUP0143,2024-05-04,Grocery,Standard,1179,68156.24
PO004222,W030,SUP0054,2025-10-16,Grocery,Standard,547,37427.51
PO004223,W015,SUP0126,2024-05-27,Grocery,Standard,943,54392.04
PO004224,W002,SUP0007,2026-06-17,Grocery,Urgent,68,4376.85
PO004225,W026,SUP0065,2025-08-17,Apparel,Standard,146,50067.93
PO004226,W030,SUP0010,2025-09-11,Grocery,Standard,1135,69606.14
PO004227,W003,SUP0020,2025-09-21,Home & Kitchen,Urgent,316,137316.74
PO004228,W008,SUP0006,2025-09-01,Grocery,Urgent,251,16629.96
PO004229,W015,SUP0062,2026-07-05,Home & Kitchen,Standard,1043,487691.63
PO004230,W023,SUP0142,2025-03-14,Apparel,Standard,907,332638.05
PO004231,W023,SUP0105,2026-05-13,Apparel,Urgent,23,8067.94
PO004232,W020,SUP0010,2025-03-18,Grocery,Bulk,2819,162689.16
PO004233,W027,SUP0040,2024-01-11,Grocery,Bulk,2075,126747.35
PO004234,W024,SUP0074,2024-07-07,Electronics,Urgent,322,779221.43
PO004235,W001,SUP0140,2024-05-04,Electronics,Standard,425,961944.68
PO004236,W030,SUP0076,2024-12-05,Stationery,Standard,133,6441.19
PO004237,W027,SUP0093,2024-03-21,Home & Kitchen,Standard,211,113098.76
PO004238,W022,SUP0026,2024-06-17,Home & Kitchen,Bulk,3523,2004968.81
PO004239,W026,SUP0143,2026-01-10,Apparel,Bulk,1361,515502.23
PO004240,W027,SUP0142,2024-05-16,Electronics,Urgent,197,458088.75
PO004241,W001,SUP0052,2026-06-13,Personal Care,Standard,817,133235.74
PO004242,W020,SUP0049,2025-06-24,Grocery,Bulk,622,31925.97
PO004243,W004,SUP0030,2024-11-30,Electronics,Urgent,144,374838.55
PO004244,W006,SUP0008,2026-01-06,Home & Kitchen,Bulk,1629,713123.23
PO004245,W027,SUP0108,2025-11-26,Home & Kitchen,Standard,325,186906.01
PO004246,W017,SUP0124,2025-01-02,Electronics,Standard,489,1278455.86
PO004247,W008,SUP0031,2026-03-24,Apparel,Urgent,196,55432.31
PO004248,W005,SUP0101,2024-04-05,Grocery,Urgent,311,16679.16
PO004249,W014,SUP0062,2025-06-03,Home & Kitchen,Standard,997,481261.25
PO004250,W002,SUP0136,2024-12-07,Electronics,Standard,810,1730334.03
PO004251,W010,SUP0137,2025-12-11,Home & Kitchen,Urgent,318,151304.37
PO004252,W027,SUP0025,2024-04-08,Apparel,Standard,184,51684.61
PO004253,W010,SUP0038,2024-11-04,Grocery,Urgent,31,2101.41
PO004254,W015,SUP0080,2024-03-01,Apparel,Standard,689,218706.55
PO004255,W030,SUP0023,2025-09-02,Apparel,Standard,108,33420.89
PO004256,W009,SUP0141,2026-03-06,Electronics,Bulk,4622,9547992.15
PO004257,W007,SUP0005,2026-01-08,Personal Care,Standard,144,17171.57
PO004258,W012,SUP0060,2025-05-31,Grocery,Standard,677,39375.68
PO004259,W010,SUP0144,2025-07-29,Apparel,Standard,372,105006.49
PO004260,W030,SUP0074,2024-07-20,Home & Kitchen,Urgent,38,20092.42
PO004261,W001,SUP0063,2025-05-22,Personal Care,Standard,828,99135.09
PO004262,W004,SUP0091,2025-02-16,Personal Care,Bulk,810,121294.81
PO004263,W026,SUP0074,2025-04-15,Grocery,Standard,546,38059.17
PO004264,W001,SUP0139,2026-03-16,Home & Kitchen,Bulk,1265,568213.18
PO004265,W012,SUP0122,2025-06-12,Electronics,Bulk,1168,2664112.68
PO004266,W023,SUP0088,2025-09-02,Grocery,Standard,687,35609.54
PO004267,W001,SUP0007,2025-10-16,Apparel,Standard,1146,327402.55
PO004268,W008,SUP0109,2025-09-05,Apparel,Urgent,288,106461.64
PO004269,W007,SUP0058,2026-02-14,Apparel,Bulk,3557,1289103.46
PO004270,W015,SUP0053,2025-07-15,Personal Care,Bulk,2452,347742.94
PO004271,W020,SUP0114,2024-08-10,Grocery,Standard,614,33264.84
PO004272,W025,SUP0045,2025-11-05,Electronics,Standard,568,1345370.26
PO004273,W002,SUP0040,2025-10-23,Grocery,Standard,279,19481.09
PO004274,W006,SUP0020,2026-02-19,Home & Kitchen,Standard,220,98547.63
PO004275,W025,SUP0001,2025-09-16,Grocery,Urgent,342,21516.68
PO004276,W027,SUP0117,2024-04-06,Stationery,Standard,847,34967.61
PO004277,W008,SUP0066,2025-11-15,Apparel,Standard,621,226353.57
PO004278,W001,SUP0040,2026-01-18,Electronics,Standard,1057,2662179.7
PO004279,W004,SUP0114,2026-06-20,Apparel,Urgent,395,121850.25
PO004280,W026,SUP0121,2026-02-08,Apparel,Standard,165,60813.48
PO004281,W003,SUP0097,2024-01-03,Grocery,Standard,1085,76647.03
PO004282,W005,SUP0113,2025-12-24,Apparel,Bulk,4438,1450185.17
PO004283,W005,SUP0095,2024-04-27,Grocery,Urgent,205,14267.79
PO004284,W012,SUP0007,2025-04-09,Apparel,Standard,745,208865.79
PO004285,W020,SUP0065,2025-11-14,Personal Care,Standard,60,8029.78
PO004286,W004,SUP0076,2025-01-25,Electronics,Bulk,4979,12713502.5
PO004287,W014,SUP0132,2026-05-02,Apparel,Standard,328,117860.04
PO004288,W030,SUP0035,2025-05-01,Home & Kitchen,Standard,790,434871.87
PO004289,W015,SUP0133,2024-11-02,Grocery,Bulk,2467,164873.28
PO004290,W015,SUP0103,2024-07-14,Stationery,Standard,800,32265.06
PO004291,W024,SUP0105,2025-03-31,Grocery,Standard,852,44472.8
PO004292,W017,SUP0147,2024-05-28,Home & Kitchen,Standard,60,27097.12
PO004293,W013,SUP0064,2024-08-16,Electronics,Bulk,2876,5534310.62
PO004294,W027,SUP0037,2026-08-03,Personal Care,Urgent,353,55051.64
PO004295,W004,SUP0102,2025-11-07,Electronics,Urgent,319,798592.1
PO004296,W005,SUP0120,2024-03-03,Apparel,Urgent,176,55410.11
PO004297,W030,SUP0019,2024-04-29,Grocery,Standard,400,28648.87
PO004298,W006,SUP0119,2026-02-21,Grocery,Standard,1095,74784.59
PO004299,W001,SUP0034,2025-08-16,Grocery,Bulk,2010,121777.14
PO004300,W004,SUP0094,2024-04-15,Stationery,Bulk,1539,70337.58
PO004301,W030,SUP0104,2025-04-19,Electronics,Bulk,1914,4828920.74
PO004302,W005,SUP0018,2025-05-24,Grocery,Standard,768,40834.74
PO004303,W016,SUP0036,2024-07-03,Electronics,Bulk,4061,8164198.36
PO004304,W024,SUP0037,2026-06-20,Electronics,Bulk,3210,7466005.81
PO004305,W001,SUP0017,2025-05-20,Home & Kitchen,Bulk,1032,512348.12
PO004306,W007,SUP0040,2026-05-14,Home & Kitchen,Standard,1048,573428.45
PO004307,W024,SUP0088,2025-07-27,Home & Kitchen,Bulk,2327,970754.56
PO004308,W006,SUP0011,2025-08-19,Apparel,Bulk,1587,484718.11
PO004309,W009,SUP0027,2024-10-20,Grocery,Bulk,1181,68973.26
PO004310,W018,SUP0128,2025-03-04,Home & Kitchen,Standard,1138,645824.53
PO004311,W027,SUP0045,2026-05-07,Stationery,Standard,490,24323.02
PO004312,W008,SUP0078,2024-04-16,Grocery,Standard,462,28831.75
PO004313,W004,SUP0068,2026-01-28,Grocery,Bulk,706,36404.98
PO004314,W001,SUP0112,2025-01-09,Stationery,Standard,1034,47011.64
PO004315,W006,SUP0118,2024-12-19,Electronics,Bulk,3763,9050973.59
PO004316,W022,SUP0035,2024-03-31,Apparel,Urgent,286,92135.16
PO004317,W029,SUP0086,2024-06-13,Grocery,Bulk,2544,173750.24
PO004318,W015,SUP0077,2024-08-27,Grocery,Urgent,80,5533.22
PO004319,W004,SUP0089,2025-11-24,Grocery,Standard,1181,78397.6
PO004320,W020,SUP0005,2025-08-09,Grocery,Bulk,4332,263059.39
PO004321,W002,SUP0108,2024-06-07,Apparel,Standard,416,133949.04
PO004322,W003,SUP0091,2024-01-12,Personal Care,Standard,890,140988.63
PO004323,W004,SUP0076,2025-01-01,Electronics,Standard,707,1849175.04
PO004324,W030,SUP0089,2025-08-19,Apparel,Urgent,76,28164.78
PO004325,W020,SUP0008,2024-05-18,Grocery,Bulk,4447,231847.29
PO004326,W001,SUP0073,2024-10-26,Stationery,Standard,86,3835.16
PO004327,W030,SUP0140,2024-10-06,Grocery,Standard,286,17495.79
PO004328,W010,SUP0127,2026-05-30,Grocery,Standard,1008,67095.43
PO004329,W004,SUP0074,2026-04-03,Apparel,Standard,977,286915.41
PO004330,W022,SUP0073,2025-12-28,Grocery,Standard,1012,60210.8
PO004331,W015,SUP0083,2026-08-06,Home & Kitchen,Standard,301,123184.09
PO004332,W020,SUP0130,2026-05-15,Home & Kitchen,Standard,1036,486261.13
PO004333,W012,SUP0074,2026-01-18,Electronics,Urgent,72,158204.4
PO004334,W006,SUP0135,2026-07-13,Apparel,Bulk,4816,1738731.4
PO004335,W001,SUP0018,2024-06-09,Grocery,Bulk,825,48437.87
PO004336,W022,SUP0122,2025-11-11,Apparel,Standard,373,129692.75
PO004337,W015,SUP0041,2025-11-20,Grocery,Standard,1105,60011.26
PO004338,W012,SUP0141,2025-01-10,Apparel,Bulk,4323,1185809.37
PO004339,W020,SUP0077,2024-10-21,Home & Kitchen,Bulk,1490,771837.9
PO004340,W015,SUP0096,2026-07-18,Apparel,Standard,1106,342212.98
PO004341,W029,SUP0120,2024-12-25,Grocery,Standard,641,34679.06
PO004342,W024,SUP0016,2025-07-24,Home & Kitchen,Standard,551,286406.55
PO004343,W030,SUP0099,2024-11-12,Grocery,Standard,58,3691.42
PO004344,W006,SUP0080,2024-10-16,Home & Kitchen,Standard,865,489858.05
PO004345,W020,SUP0022,2025-01-01,Apparel,Standard,893,293689.18
PO004346,W029,SUP0046,2024-03-13,Home & Kitchen,Standard,1000,504851.87
PO004347,W025,SUP0084,2025-01-19,Apparel,Bulk,2214,761680.44
PO004348,W010,SUP0113,2025-10-30,Grocery,Urgent,51,3604.69
PO004349,W025,SUP0052,2024-06-20,Grocery,Standard,755,40910.32
PO004350,W018,SUP0076,2026-04-28,Grocery,Bulk,4587,324638.95
PO004351,W008,SUP0098,2025-08-19,Apparel,Urgent,164,55181.61
PO004352,W024,SUP0003,2025-08-31,Apparel,Standard,1005,324854.75
PO004353,W002,SUP0011,2025-04-02,Grocery,Urgent,292,16183.44
PO004354,W002,SUP0106,2026-05-17,Apparel,Standard,866,277927.27
PO004355,W005,SUP0127,2024-02-06,Apparel,Standard,55,18191.57
PO004356,W004,SUP0137,2024-04-07,Electronics,Bulk,2304,6050238.28
PO004357,W027,SUP0021,2026-07-23,Apparel,Standard,850,243416.32
PO004358,W006,SUP0070,2025-04-27,Electronics,Urgent,218,478026.85
PO004359,W030,SUP0024,2025-08-19,Grocery,Urgent,321,22314.96
PO004360,W001,SUP0016,2025-03-29,Electronics,Standard,565,1068112.11
PO004361,W001,SUP0149,2026-05-11,Apparel,Standard,1020,342037.19
PO004362,W012,SUP0144,2026-06-17,Apparel,Standard,89,29584.94
PO004363,W020,SUP0148,2024-01-05,Grocery,Standard,715,47191.02
PO004364,W020,SUP0119,2025-06-10,Apparel,Urgent,111,41871.51
PO004365,W002,SUP0042,2025-08-08,Electronics,Urgent,22,51966.99
PO004366,W016,SUP0062,2024-11-18,Apparel,Bulk,3754,1317442.06
PO004367,W005,SUP0029,2025-12-04,Grocery,Standard,80,5610.24
PO004368,W006,SUP0053,2024-11-22,Stationery,Bulk,1493,68602.56
PO004369,W006,SUP0024,2025-12-15,Electronics,Standard,137,345100.89
PO004370,W006,SUP0101,2024-02-29,Furniture,Standard,785,2950942.42
PO004371,W027,SUP0026,2025-02-10,Personal Care,Standard,1081,159286.81
PO004372,W027,SUP0130,2025-07-02,Apparel,Bulk,2602,991905.58
PO004373,W004,SUP0017,2024-03-24,Apparel,Standard,129,38046.93
PO004374,W022,SUP0139,2026-04-27,Electronics,Standard,1098,2633112.72
PO004375,W006,SUP0008,2026-01-19,Home & Kitchen,Standard,973,559052.83
PO004376,W001,SUP0074,2026-05-20,Grocery,Bulk,3647,211614.76
PO004377,W001,SUP0083,2024-12-07,Electronics,Urgent,167,365596.12
PO004378,W025,SUP0046,2026-03-18,Home & Kitchen,Urgent,122,52120.16
PO004379,W022,SUP0032,2025-12-13,Electronics,Bulk,3519,6825535.54
PO004380,W016,SUP0041,2024-04-11,Electronics,Bulk,2687,5103780.18
PO004381,W003,SUP0130,2024-06-09,Electronics,Standard,753,1940633.25
PO004382,W027,SUP0139,2026-06-03,Apparel,Standard,930,284604.46
PO004383,W015,SUP0026,2026-05-25,Furniture,Urgent,325,1048411.17
PO004384,W018,SUP0025,2024-09-04,Grocery,Bulk,1064,66768.13
PO004385,W027,SUP0084,2025-12-18,Grocery,Standard,889,55011.87
PO004386,W008,SUP0141,2025-06-06,Grocery,Urgent,216,12681.67
PO004387,W008,SUP0074,2024-08-16,Apparel,Urgent,194,67673.29
PO004388,W002,SUP0076,2025-05-30,Home & Kitchen,Bulk,2093,1073603.48
PO004389,W009,SUP0082,2025-06-27,Home & Kitchen,Bulk,2093,973234.94
PO004390,W027,SUP0086,2024-03-17,Stationery,Standard,495,24194.99
PO004391,W020,SUP0067,2024-01-08,Electronics,Bulk,617,1286154.68
PO004392,W006,SUP0085,2025-08-07,Electronics,Urgent,293,570534.41
PO004393,W006,SUP0143,2025-03-04,Stationery,Standard,625,30162.79
PO004394,W021,SUP0135,2024-11-18,Grocery,Standard,930,51670.56
PO004395,W027,SUP0130,2025-01-19,Home & Kitchen,Standard,607,284778.62
PO004396,W011,SUP0034,2026-06-14,Personal Care,Bulk,710,113369.96
PO004397,W001,SUP0095,2026-08-07,Grocery,Bulk,863,48542.22
PO004398,W030,SUP0113,2024-05-17,Apparel,Bulk,1274,349745.67
PO004399,W028,SUP0063,2026-05-09,Personal Care,Urgent,161,26059.41
PO004400,W020,SUP0080,2026-03-09,Grocery,Standard,430,25305.91
PO004401,W001,SUP0092,2025-03-20,Electronics,Standard,904,2076776.25
PO004402,W013,SUP0054,2026-06-03,Home & Kitchen,Bulk,3418,1432093.44
PO004403,W008,SUP0110,2025-04-07,Electronics,Bulk,1246,2347995.99
PO004404,W002,SUP0007,2025-11-30,Grocery,Standard,459,24294.09
PO004405,W011,SUP0082,2025-09-18,Stationery,Standard,764,29425.31
PO004406,W015,SUP0063,2026-05-12,Personal Care,Standard,702,98147.63
PO004407,W015,SUP0144,2024-04-03,Home & Kitchen,Standard,192,79704.78
PO004408,W007,SUP0022,2025-02-25,Grocery,Standard,394,22344.32
PO004409,W006,SUP0072,2024-12-21,Home & Kitchen,Urgent,64,34650.92
PO004410,W027,SUP0144,2025-04-30,Apparel,Standard,796,230176.84
PO004411,W002,SUP0053,2025-04-20,Apparel,Standard,978,373143.19
PO004412,W016,SUP0081,2024-09-24,Electronics,Urgent,42,82329.55
PO004413,W017,SUP0111,2025-06-26,Electronics,Standard,681,1298420.81
PO004414,W005,SUP0095,2025-10-25,Apparel,Urgent,310,93285.15
PO004415,W001,SUP0110,2025-08-23,Home & Kitchen,Standard,214,93580.14
PO004416,W015,SUP0150,2025-04-11,Stationery,Urgent,365,15680.4
PO004417,W017,SUP0093,2024-05-05,Apparel,Urgent,98,36453.15
PO004418,W004,SUP0066,2024-02-11,Grocery,Bulk,529,34605.07
PO004419,W001,SUP0126,2024-03-30,Personal Care,Bulk,2693,419696.87
PO004420,W016,SUP0006,2025-12-02,Personal Care,Bulk,2624,360215.03
PO004421,W001,SUP0049,2025-11-10,Home & Kitchen,Standard,380,195744.55
PO004422,W012,SUP0139,2025-10-30,Electronics,Standard,929,1829306.29
PO004423,W026,SUP0142,2024-10-11,Home & Kitchen,Urgent,282,146157.87
PO004424,W027,SUP0037,2026-05-22,Electronics,Standard,955,2180157.67
PO004425,W018,SUP0103,2025-11-09,Personal Care,Standard,411,56956.19
PO004426,W019,SUP0127,2024-03-06,Personal Care,Urgent,260,32379.68
PO004427,W004,SUP0127,2026-04-06,Apparel,Urgent,61,19112.64
PO004428,W015,SUP0129,2026-01-13,Electronics,Bulk,1189,2708557.5
PO004429,W006,SUP0063,2025-07-26,Stationery,Bulk,2783,115933.39
PO004430,W027,SUP0116,2024-03-24,Grocery,Bulk,2361,123957.24
PO004431,W010,SUP0011,2025-05-19,Grocery,Bulk,1004,70100.07
PO004432,W020,SUP0055,2024-03-29,Electronics,Bulk,4734,11969810.19
PO004433,W025,SUP0032,2026-04-17,Personal Care,Urgent,33,4255.35
PO004434,W012,SUP0067,2024-05-27,Grocery,Standard,1174,69091.98
PO004435,W030,SUP0041,2026-07-29,Home & Kitchen,Urgent,69,36195.16
PO004436,W016,SUP0012,2024-09-25,Furniture,Standard,832,2875624.6
PO004437,W006,SUP0008,2025-07-19,Grocery,Standard,1001,63732.29
PO004438,W027,SUP0130,2024-05-09,Grocery,Standard,758,52725.99
PO004439,W022,SUP0133,2026-05-31,Furniture,Standard,331,1186417.38
PO004440,W001,SUP0138,2025-04-21,Home & Kitchen,Standard,79,36696.92
PO004441,W006,SUP0088,2025-09-19,Personal Care,Urgent,132,15947.38
PO004442,W025,SUP0106,2024-11-12,Apparel,Standard,1153,323563.25
PO004443,W022,SUP0100,2025-06-06,Electronics,Standard,826,1567625.39
PO004444,W014,SUP0049,2026-01-14,Furniture,Standard,356,1377527.48
PO004445,W030,SUP0045,2024-05-19,Apparel,Standard,1140,359542.18
PO004446,W009,SUP0150,2024-03-21,Apparel,Standard,1101,395342.37
PO004447,W023,SUP0103,2024-04-05,Stationery,Urgent,375,15983.71
PO004448,W009,SUP0076,2025-03-14,Home & Kitchen,Standard,877,500666.93
PO004449,W006,SUP0066,2025-04-30,Apparel,Standard,550,187097.08
PO004450,W005,SUP0107,2024-12-14,Grocery,Bulk,4718,287820.21
PO004451,W002,SUP0102,2025-07-12,Grocery,Standard,584,39821.53
PO004452,W003,SUP0103,2024-10-14,Personal Care,Bulk,2969,465129.73
PO004453,W005,SUP0123,2026-06-08,Grocery,Standard,967,55869.49
PO004454,W008,SUP0080,2025-07-02,Grocery,Standard,229,15542.87
PO004455,W030,SUP0134,2025-02-05,Personal Care,Standard,502,77588.52
PO004456,W004,SUP0103,2024-03-26,Grocery,Standard,50,3351.14
PO004457,W013,SUP0102,2024-05-01,Grocery,Standard,995,65844.02
PO004458,W005,SUP0145,2025-08-22,Grocery,Standard,841,51567.78
PO004459,W012,SUP0046,2024-11-15,Electronics,Bulk,4665,11321408.46
PO004460,W001,SUP0019,2025-11-05,Home & Kitchen,Urgent,102,45431.75
PO004461,W006,SUP0056,2025-03-27,Electronics,Urgent,395,968108.42
PO004462,W006,SUP0028,2026-04-10,Grocery,Standard,634,40126.93
PO004463,W016,SUP0049,2025-07-15,Electronics,Standard,142,279745.29
PO004464,W001,SUP0113,2024-07-17,Grocery,Standard,471,32196.28
PO004465,W015,SUP0021,2025-09-11,Electronics,Urgent,241,546623.36
PO004466,W002,SUP0083,2025-05-15,Home & Kitchen,Standard,957,409573.72
PO004467,W027,SUP0018,2025-07-26,Home & Kitchen,Standard,608,340106.4
PO004468,W012,SUP0030,2024-05-26,Apparel,Standard,567,176328.63
PO004469,W025,SUP0006,2024-10-12,Electronics,Standard,1044,2131871.36
PO004470,W027,SUP0006,2026-03-05,Electronics,Bulk,4314,11221061.31
PO004471,W008,SUP0004,2024-09-08,Apparel,Urgent,131,36692.55
PO004472,W027,SUP0061,2025-06-12,Apparel,Standard,169,49053.03
PO004473,W017,SUP0040,2024-08-28,Grocery,Standard,1096,71491.36
PO004474,W027,SUP0060,2025-07-20,Apparel,Urgent,187,53401.36
PO004475,W027,SUP0012,2025-07-13,Stationery,Standard,180,9106.23
PO004476,W004,SUP0073,2024-08-25,Stationery,Bulk,4182,171474.42
PO004477,W021,SUP0140,2024-09-26,Apparel,Standard,900,318302.67
PO004478,W011,SUP0059,2024-10-17,Grocery,Standard,617,33400.03
PO004479,W001,SUP0075,2026-07-30,Grocery,Standard,67,3873.17
PO004480,W006,SUP0102,2024-09-15,Stationery,Standard,132,5090.43
PO004481,W005,SUP0116,2025-02-10,Personal Care,Standard,493,75557.22
PO004482,W017,SUP0136,2024-03-30,Grocery,Standard,967,56072.17
PO004483,W009,SUP0002,2026-07-18,Furniture,Standard,868,2873543.82
PO004484,W005,SUP0118,2025-09-05,Grocery,Bulk,842,53281.85
PO004485,W026,SUP0109,2026-04-01,Furniture,Bulk,4340,13470652.89
PO004486,W004,SUP0055,2026-07-27,Grocery,Standard,949,59274.33
PO004487,W025,SUP0122,2025-06-17,Grocery,Standard,617,40967.58
PO004488,W023,SUP0012,2024-09-26,Personal Care,Standard,718,102755.19
PO004489,W005,SUP0144,2024-07-18,Grocery,Standard,535,32761.71
PO004490,W023,SUP0127,2024-10-09,Stationery,Standard,433,19188.37
PO004491,W023,SUP0063,2025-05-19,Apparel,Standard,1084,412098.94
PO004492,W022,SUP0017,2025-04-11,Grocery,Bulk,2445,158030.69
PO004493,W030,SUP0043,2024-01-21,Home & Kitchen,Standard,1115,560966.82
PO004494,W030,SUP0140,2025-08-20,Grocery,Standard,490,28905.64
PO004495,W013,SUP0121,2025-04-06,Apparel,Urgent,387,146061.52
PO004496,W008,SUP0142,2024-11-29,Grocery,Bulk,4041,272895.95
PO004497,W002,SUP0082,2024-05-12,Home & Kitchen,Standard,150,79132.59
PO004498,W009,SUP0141,2024-11-15,Furniture,Standard,1149,3778789.72
PO004499,W021,SUP0069,2026-03-15,Apparel,Bulk,3903,1104239.94
PO004500,W027,SUP0085,2025-02-03,Electronics,Bulk,4595,11780266.54
PO004501,W004,SUP0020,2025-06-25,Grocery,Standard,1061,75830.69
PO004502,W016,SUP0034,2025-06-24,Grocery,Standard,268,17826.25
PO004503,W004,SUP0007,2026-05-13,Furniture,Bulk,2780,9737535.21
PO004504,W028,SUP0068,2025-07-15,Stationery,Standard,794,40195.53
PO004505,W029,SUP0034,2025-06-04,Stationery,Bulk,3542,187016.95
PO004506,W002,SUP0084,2026-06-13,Personal Care,Urgent,45,6880.85
PO004507,W002,SUP0127,2025-04-21,Grocery,Urgent,205,12739.2
PO004508,W027,SUP0103,2025-12-06,Electronics,Bulk,3049,6870446.75
PO004509,W012,SUP0056,2025-11-09,Furniture,Bulk,4650,18243043.94
PO004510,W009,SUP0040,2025-12-13,Grocery,Urgent,163,9045.87
PO004511,W030,SUP0037,2025-08-25,Grocery,Bulk,2476,168765.19
PO004512,W029,SUP0082,2024-08-08,Electronics,Standard,525,1360266.56
PO004513,W006,SUP0043,2024-10-08,Stationery,Standard,901,46975.33
PO004514,W006,SUP0114,2026-05-20,Home & Kitchen,Standard,854,490507.05
PO004515,W029,SUP0024,2024-02-08,Apparel,Bulk,3643,1166683.27
PO004516,W030,SUP0106,2026-07-26,Home & Kitchen,Urgent,347,186651.48
PO004517,W012,SUP0043,2024-08-14,Stationery,Urgent,189,7364.19
PO004518,W012,SUP0018,2025-11-15,Grocery,Standard,780,48055.51
PO004519,W026,SUP0058,2026-01-20,Personal Care,Standard,896,135384.87
PO004520,W003,SUP0013,2025-08-06,Electronics,Urgent,317,801665.21
PO004521,W008,SUP0082,2025-12-25,Personal Care,Bulk,4244,699977.37
PO004522,W001,SUP0123,2025-08-30,Stationery,Standard,713,34339.64
PO004523,W004,SUP0112,2025-10-15,Electronics,Bulk,4356,10085116.58
PO004524,W004,SUP0054,2024-01-12,Apparel,Standard,619,176676.74
PO004525,W009,SUP0006,2026-03-29,Apparel,Bulk,636,241938.22
PO004526,W025,SUP0073,2024-04-26,Electronics,Bulk,3555,6727948.55
PO004527,W030,SUP0132,2025-08-08,Personal Care,Bulk,4946,808984.22
PO004528,W005,SUP0001,2026-06-13,Electronics,Standard,916,2052336.73
PO004529,W005,SUP0056,2025-06-29,Apparel,Standard,80,25323.43
PO004530,W017,SUP0131,2025-07-15,Electronics,Urgent,32,82111.05
PO004531,W022,SUP0112,2025-01-15,Home & Kitchen,Standard,473,271370.44
PO004532,W026,SUP0101,2024-10-06,Furniture,Bulk,4746,19697652.82
PO004533,W017,SUP0131,2025-06-18,Furniture,Bulk,2468,8205135.71
PO004534,W028,SUP0120,2025-08-16,Grocery,Bulk,1320,93381.25
PO004535,W004,SUP0069,2026-07-17,Grocery,Standard,676,37378.72
PO004536,W014,SUP0081,2025-07-14,Personal Care,Standard,596,81512.45
PO004537,W003,SUP0128,2025-06-11,Electronics,Urgent,344,795420.75
PO004538,W030,SUP0081,2025-04-18,Apparel,Bulk,4168,1332716.86
PO004539,W030,SUP0135,2024-12-29,Furniture,Bulk,2315,7899039.36
PO004540,W020,SUP0121,2025-11-02,Electronics,Standard,518,1103659.96
PO004541,W027,SUP0147,2024-09-03,Home & Kitchen,Standard,1159,556148.91
PO004542,W018,SUP0054,2026-05-15,Apparel,Bulk,2912,1071671.16
PO004543,W030,SUP0089,2025-05-20,Electronics,Bulk,1025,2278322.32
PO004544,W026,SUP0082,2024-03-27,Apparel,Urgent,302,104078.06
PO004545,W016,SUP0035,2024-11-13,Electronics,Standard,1133,2661366.15
PO004546,W014,SUP0140,2024-06-03,Grocery,Bulk,4223,274886.53
PO004547,W023,SUP0017,2025-09-21,Grocery,Bulk,2367,150825.98
PO004548,W004,SUP0055,2024-06-25,Electronics,Standard,204,525257.09
PO004549,W012,SUP0039,2024-11-12,Grocery,Bulk,630,33781.15
PO004550,W002,SUP0103,2025-12-20,Grocery,Urgent,142,8123.64
PO004551,W011,SUP0108,2024-09-22,Home & Kitchen,Standard,374,213429.64
PO004552,W029,SUP0122,2025-09-27,Home & Kitchen,Standard,1037,521160.28
PO004553,W015,SUP0016,2026-03-08,Home & Kitchen,Bulk,3045,1480681.91
PO004554,W024,SUP0147,2024-02-25,Electronics,Standard,1049,2270333.36
PO004555,W002,SUP0009,2024-10-28,Grocery,Bulk,4196,225553.3
PO004556,W001,SUP0030,2024-02-28,Home & Kitchen,Standard,946,470659.43
PO004557,W005,SUP0009,2024-07-11,Grocery,Standard,363,19060.1
PO004558,W027,SUP0122,2025-10-30,Home & Kitchen,Bulk,4174,2194744.96
PO004559,W006,SUP0029,2024-11-18,Apparel,Standard,959,310788.23
PO004560,W004,SUP0130,2024-08-18,Electronics,Standard,428,949552.79
PO004561,W024,SUP0106,2024-04-17,Furniture,Standard,729,2949860.76
PO004562,W018,SUP0097,2026-04-26,Home & Kitchen,Standard,832,431641.49
PO004563,W004,SUP0061,2026-06-15,Furniture,Standard,426,1762006.52
PO004564,W015,SUP0065,2025-02-12,Grocery,Standard,951,53519.81
PO004565,W006,SUP0061,2026-05-05,Personal Care,Bulk,4412,694814.14
PO004566,W010,SUP0012,2024-09-24,Personal Care,Urgent,373,56090.92
PO004567,W016,SUP0133,2025-07-16,Grocery,Standard,973,50383.01
PO004568,W030,SUP0040,2025-01-14,Furniture,Urgent,232,831730.49
PO004569,W010,SUP0109,2024-12-18,Grocery,Bulk,1555,101161.15
PO004570,W004,SUP0034,2024-01-15,Home & Kitchen,Standard,388,222630.15
PO004571,W022,SUP0066,2025-10-09,Furniture,Standard,1103,4371519.15
PO004572,W027,SUP0043,2025-01-10,Home & Kitchen,Bulk,4944,2297772.7
PO004573,W027,SUP0123,2024-05-01,Stationery,Standard,669,29118.04
PO004574,W006,SUP0055,2024-02-11,Stationery,Urgent,229,9311.43
PO004575,W029,SUP0130,2026-01-23,Home & Kitchen,Standard,1195,651789.17
PO004576,W003,SUP0112,2025-01-22,Grocery,Urgent,164,10892.04
PO004577,W003,SUP0029,2025-04-04,Grocery,Standard,564,30378.85
PO004578,W025,SUP0018,2024-05-16,Electronics,Bulk,1117,2614683.99
PO004579,W023,SUP0002,2024-01-24,Grocery,Standard,86,5559.79
PO004580,W016,SUP0022,2024-08-27,Home & Kitchen,Urgent,301,167944.49
PO004581,W023,SUP0056,2025-10-04,Electronics,Bulk,926,1908972.88
PO004582,W007,SUP0099,2026-07-27,Personal Care,Urgent,29,4779.14
PO004583,W030,SUP0100,2025-03-09,Grocery,Bulk,2252,154750.94
PO004584,W011,SUP0039,2025-12-23,Home & Kitchen,Standard,500,257419.19
PO004585,W026,SUP0081,2024-07-27,Grocery,Standard,490,34710.38
PO004586,W028,SUP0110,2024-11-14,Stationery,Standard,634,25907.47
PO004587,W015,SUP0002,2025-11-08,Home & Kitchen,Urgent,114,54369.26
PO004588,W001,SUP0039,2024-08-22,Electronics,Urgent,101,237676.04
PO004589,W026,SUP0066,2024-04-01,Apparel,Urgent,105,39227.25
PO004590,W030,SUP0109,2026-04-13,Grocery,Standard,789,45921.75
PO004591,W006,SUP0085,2026-03-19,Stationery,Standard,76,3612.9
PO004592,W030,SUP0118,2024-02-24,Apparel,Standard,492,141552.46
PO004593,W001,SUP0078,2025-11-05,Home & Kitchen,Bulk,4586,2201072.71
PO004594,W024,SUP0053,2025-08-04,Grocery,Bulk,1902,109536.64
PO004595,W029,SUP0075,2026-04-27,Home & Kitchen,Standard,296,159489.27
PO004596,W030,SUP0051,2025-12-22,Apparel,Standard,570,206630.12
PO004597,W001,SUP0131,2024-09-07,Personal Care,Urgent,180,27261.21
PO004598,W030,SUP0077,2024-10-17,Personal Care,Bulk,1898,255441.14
PO004599,W025,SUP0124,2025-05-17,Stationery,Bulk,1515,72940.78
PO004600,W027,SUP0020,2024-02-21,Home & Kitchen,Urgent,136,76512.34
PO004601,W018,SUP0112,2026-05-12,Grocery,Standard,1034,56861.62
PO004602,W006,SUP0088,2026-01-08,Stationery,Standard,947,50444.89
PO004603,W021,SUP0032,2024-12-26,Apparel,Urgent,253,93928.0
PO004604,W024,SUP0091,2026-01-07,Stationery,Standard,946,46619.31
PO004605,W007,SUP0110,2025-02-10,Grocery,Standard,292,16339.79
PO004606,W016,SUP0096,2025-04-17,Personal Care,Standard,144,18313.5
PO004607,W027,SUP0050,2024-04-16,Personal Care,Bulk,1544,258962.94
PO004608,W026,SUP0017,2025-01-08,Apparel,Standard,569,197378.33
PO004609,W010,SUP0017,2025-04-23,Electronics,Standard,1168,2656040.08
PO004610,W023,SUP0052,2024-10-15,Apparel,Bulk,2803,839047.9
PO004611,W028,SUP0131,2025-10-21,Home & Kitchen,Urgent,290,164129.76
PO004612,W027,SUP0055,2026-03-29,Electronics,Bulk,1873,4489995.98
PO004613,W001,SUP0058,2024-03-04,Furniture,Standard,907,3405701.83
PO004614,W008,SUP0092,2025-11-11,Grocery,Standard,925,57218.09
PO004615,W006,SUP0080,2024-08-26,Grocery,Bulk,2448,157932.59
PO004616,W014,SUP0109,2025-07-22,Electronics,Standard,251,660662.79
PO004617,W005,SUP0072,2026-03-15,Electronics,Standard,979,1952774.82
PO004618,W004,SUP0092,2025-01-04,Apparel,Standard,1196,398577.11
PO004619,W025,SUP0135,2026-02-17,Home & Kitchen,Standard,895,461611.03
PO004620,W012,SUP0076,2024-06-05,Electronics,Bulk,3301,7603677.14
PO004621,W006,SUP0127,2025-10-08,Personal Care,Urgent,253,41830.15
PO004622,W004,SUP0124,2024-09-09,Home & Kitchen,Bulk,2626,1373128.14
PO004623,W009,SUP0097,2024-08-31,Apparel,Standard,765,249069.76
PO004624,W027,SUP0078,2025-02-04,Grocery,Standard,1037,53145.91
PO004625,W020,SUP0053,2026-05-21,Personal Care,Urgent,225,31560.08
PO004626,W027,SUP0013,2025-02-04,Electronics,Bulk,1383,3566476.39
PO004627,W027,SUP0114,2024-10-31,Grocery,Standard,772,48260.75
PO004628,W030,SUP0073,2025-08-23,Home & Kitchen,Standard,656,269431.14
PO004629,W001,SUP0069,2026-02-26,Grocery,Urgent,54,3121.87
PO004630,W023,SUP0009,2025-10-24,Grocery,Standard,186,10473.78
PO004631,W005,SUP0027,2026-06-28,Stationery,Urgent,180,8296.36
PO004632,W006,SUP0065,2024-04-19,Apparel,Bulk,2343,672745.13
PO004633,W001,SUP0116,2024-02-06,Grocery,Standard,981,53699.67
PO004634,W025,SUP0147,2025-07-11,Electronics,Bulk,638,1231102.58
PO004635,W001,SUP0101,2025-01-20,Grocery,Standard,739,43366.61
PO004636,W018,SUP0145,2025-12-16,Personal Care,Standard,280,34177.33
PO004637,W005,SUP0012,2025-09-08,Stationery,Standard,383,17788.72
PO004638,W025,SUP0043,2024-03-10,Grocery,Standard,659,40659.37
PO004639,W008,SUP0111,2025-02-22,Grocery,Standard,944,67945.42
PO004640,W001,SUP0014,2024-01-28,Home & Kitchen,Standard,575,307405.31
PO004641,W030,SUP0008,2024-05-14,Apparel,Standard,1150,365530.61
PO004642,W006,SUP0062,2025-03-12,Personal Care,Standard,402,65625.13
PO004643,W012,SUP0118,2024-11-02,Electronics,Standard,61,153571.85
PO004644,W005,SUP0040,2025-12-24,Grocery,Bulk,1833,104260.4
PO004645,W005,SUP0076,2024-10-30,Stationery,Standard,962,40514.93
PO004646,W013,SUP0146,2025-09-20,Grocery,Bulk,591,31032.24
PO004647,W001,SUP0029,2026-07-07,Personal Care,Standard,1115,146095.18
PO004648,W001,SUP0095,2024-10-30,Stationery,Urgent,350,14007.27
PO004649,W019,SUP0138,2025-11-11,Electronics,Standard,916,1847564.87
PO004650,W010,SUP0092,2026-03-28,Personal Care,Bulk,1917,286811.7
PO004651,W030,SUP0122,2024-06-08,Grocery,Standard,143,7508.96
PO004652,W030,SUP0080,2024-05-01,Apparel,Standard,69,24072.82
PO004653,W001,SUP0123,2025-03-10,Grocery,Bulk,3865,262840.45
PO004654,W019,SUP0011,2024-12-21,Stationery,Bulk,3891,157339.0
PO004655,W006,SUP0138,2026-05-14,Grocery,Standard,719,44046.73
PO004656,W001,SUP0104,2024-12-20,Electronics,Urgent,364,850095.02
PO004657,W024,SUP0057,2024-06-29,Apparel,Bulk,2662,875250.6
PO004658,W011,SUP0025,2024-09-03,Home & Kitchen,Bulk,2046,1076962.37
PO004659,W007,SUP0122,2024-11-09,Grocery,Bulk,4464,242420.09
PO004660,W014,SUP0002,2024-11-30,Stationery,Standard,953,41228.08
PO004661,W004,SUP0079,2026-03-25,Personal Care,Bulk,1503,206677.14
PO004662,W021,SUP0127,2024-09-10,Home & Kitchen,Standard,595,251814.49
PO004663,W009,SUP0145,2024-06-17,Electronics,Bulk,3422,7280055.02
PO004664,W030,SUP0120,2025-08-16,Electronics,Urgent,211,444313.69
PO004665,W019,SUP0026,2025-06-23,Home & Kitchen,Standard,705,392693.71
PO004666,W027,SUP0068,2024-10-09,Apparel,Standard,508,143494.3
PO004667,W030,SUP0028,2024-08-20,Home & Kitchen,Urgent,56,24633.74
PO004668,W002,SUP0054,2024-02-24,Personal Care,Urgent,44,6472.32
PO004669,W026,SUP0123,2024-05-13,Electronics,Bulk,4760,12416419.48
PO004670,W012,SUP0059,2026-04-21,Apparel,Urgent,356,110649.03
PO004671,W015,SUP0029,2026-08-11,Grocery,Bulk,4887,257693.69
PO004672,W018,SUP0149,2025-12-09,Home & Kitchen,Standard,731,418188.25
PO004673,W020,SUP0099,2026-04-14,Personal Care,Urgent,138,18379.81
PO004674,W027,SUP0050,2026-06-04,Grocery,Standard,504,28418.65
PO004675,W005,SUP0052,2024-11-18,Apparel,Urgent,390,135966.12
PO004676,W019,SUP0013,2025-11-01,Home & Kitchen,Bulk,4957,2556824.97
PO004677,W023,SUP0022,2024-02-25,Home & Kitchen,Standard,569,325524.01
PO004678,W009,SUP0091,2025-01-22,Grocery,Bulk,4068,216050.48
PO004679,W003,SUP0064,2026-01-01,Furniture,Bulk,3291,13692397.24
PO004680,W029,SUP0062,2024-08-04,Home & Kitchen,Standard,1121,585098.02
PO004681,W001,SUP0008,2024-12-07,Grocery,Standard,800,41117.68
PO004682,W020,SUP0127,2024-06-17,Apparel,Standard,577,215972.43
PO004683,W019,SUP0062,2026-07-05,Apparel,Standard,337,118250.2
PO004684,W020,SUP0094,2024-10-15,Grocery,Urgent,263,15151.33
PO004685,W030,SUP0077,2024-08-13,Electronics,Bulk,1589,3125922.26
PO004686,W030,SUP0056,2025-09-14,Apparel,Standard,393,118035.66
PO004687,W006,SUP0126,2024-08-12,Apparel,Bulk,1666,497649.81
PO004688,W023,SUP0036,2025-10-25,Personal Care,Standard,371,52809.6
PO004689,W027,SUP0131,2024-08-07,Electronics,Bulk,4125,9581988.81
PO004690,W015,SUP0145,2026-04-16,Apparel,Urgent,56,17937.62
PO004691,W023,SUP0091,2025-05-25,Apparel,Urgent,22,7609.59
PO004692,W001,SUP0130,2026-04-07,Apparel,Urgent,288,109499.56
PO004693,W012,SUP0010,2025-12-28,Grocery,Standard,796,55788.34
PO004694,W012,SUP0136,2026-07-21,Stationery,Bulk,4538,219086.31
PO004695,W025,SUP0058,2026-04-22,Grocery,Urgent,243,14291.57
PO004696,W007,SUP0020,2026-03-08,Home & Kitchen,Bulk,2878,1638688.46
PO004697,W029,SUP0040,2026-01-05,Stationery,Bulk,592,27729.71
PO004698,W023,SUP0071,2025-02-26,Electronics,Urgent,57,110229.44
PO004699,W024,SUP0072,2024-01-18,Home & Kitchen,Bulk,2775,1520788.17
PO004700,W030,SUP0146,2025-12-07,Furniture,Standard,532,1886786.4
PO004701,W015,SUP0061,2024-04-10,Electronics,Urgent,100,202345.96
PO004702,W015,SUP0056,2025-11-15,Furniture,Standard,431,1653028.72
PO004703,W001,SUP0040,2024-01-24,Grocery,Standard,828,43303.82
PO004704,W002,SUP0035,2025-06-23,Furniture,Bulk,3033,11856313.47
PO004705,W026,SUP0004,2025-12-14,Grocery,Urgent,154,10601.55
PO004706,W019,SUP0026,2024-03-10,Personal Care,Standard,479,70924.8
PO004707,W025,SUP0124,2025-08-20,Electronics,Standard,756,1989073.34
PO004708,W012,SUP0071,2025-08-10,Apparel,Standard,53,18348.88
PO004709,W004,SUP0135,2026-04-29,Personal Care,Bulk,3235,479355.15
PO004710,W002,SUP0140,2025-08-11,Apparel,Urgent,380,132922.98
PO004711,W030,SUP0039,2024-01-26,Home & Kitchen,Standard,373,188178.64
PO004712,W024,SUP0134,2024-11-10,Electronics,Bulk,3937,8104976.22
PO004713,W004,SUP0142,2025-11-19,Grocery,Standard,93,6308.01
PO004714,W007,SUP0024,2025-07-18,Personal Care,Standard,838,101196.27
PO004715,W005,SUP0013,2024-04-11,Apparel,Standard,218,64919.41
PO004716,W008,SUP0001,2024-08-21,Home & Kitchen,Standard,951,522184.36
PO004717,W020,SUP0118,2026-03-15,Electronics,Standard,180,453670.32
PO004718,W012,SUP0126,2024-09-02,Stationery,Standard,201,9817.42
PO004719,W027,SUP0004,2026-06-28,Apparel,Standard,386,130224.94
PO004720,W001,SUP0064,2025-01-17,Personal Care,Urgent,337,48124.91
PO004721,W001,SUP0110,2026-06-04,Furniture,Bulk,3274,10187847.98
PO004722,W026,SUP0116,2024-02-24,Grocery,Standard,851,56341.15
PO004723,W027,SUP0054,2024-01-31,Grocery,Bulk,978,50056.97
PO004724,W021,SUP0126,2025-03-06,Apparel,Bulk,1158,344313.44
PO004725,W006,SUP0026,2026-04-05,Stationery,Bulk,4502,219339.11
PO004726,W019,SUP0046,2025-08-12,Grocery,Standard,565,40572.05
PO004727,W002,SUP0117,2025-03-12,Grocery,Standard,484,25035.06
PO004728,W016,SUP0042,2026-05-15,Grocery,Bulk,2060,147737.51
PO004729,W013,SUP0018,2024-05-24,Apparel,Urgent,51,14278.38
PO004730,W001,SUP0074,2024-11-19,Home & Kitchen,Bulk,4275,2181137.46
PO004731,W025,SUP0149,2024-07-14,Electronics,Bulk,1602,3196074.41
PO004732,W029,SUP0062,2026-06-05,Grocery,Urgent,115,7670.88
PO004733,W003,SUP0114,2026-08-06,Electronics,Standard,455,1192019.79
PO004734,W027,SUP0145,2026-01-07,Home & Kitchen,Standard,146,82437.86
PO004735,W001,SUP0025,2026-08-01,Electronics,Bulk,4405,9789581.61
PO004736,W024,SUP0138,2026-01-23,Home & Kitchen,Bulk,3648,1864333.13
PO004737,W027,SUP0011,2026-04-01,Personal Care,Standard,1043,169602.92
PO004738,W015,SUP0047,2025-10-24,Grocery,Standard,73,4922.46
PO004739,W027,SUP0053,2025-01-22,Apparel,Bulk,915,306429.14
PO004740,W030,SUP0077,2026-01-11,Home & Kitchen,Urgent,21,8750.26
PO004741,W017,SUP0132,2026-02-17,Apparel,Urgent,147,55066.3
PO004742,W019,SUP0068,2026-06-29,Stationery,Standard,629,32001.2
PO004743,W029,SUP0083,2025-07-19,Grocery,Urgent,185,12892.85
PO004744,W007,SUP0131,2025-02-28,Personal Care,Bulk,3989,541804.83
PO004745,W024,SUP0146,2026-03-19,Home & Kitchen,Standard,399,166848.63
PO004746,W023,SUP0068,2024-11-01,Apparel,Standard,280,94751.64
PO004747,W022,SUP0098,2024-06-09,Furniture,Bulk,2767,10058379.61
PO004748,W022,SUP0105,2026-07-16,Electronics,Standard,345,846294.4
PO004749,W006,SUP0085,2025-08-25,Home & Kitchen,Bulk,3202,1419751.38
PO004750,W029,SUP0127,2025-06-02,Apparel,Bulk,701,231190.05
PO004751,W020,SUP0109,2024-06-05,Personal Care,Urgent,70,8798.41
PO004752,W009,SUP0124,2024-08-17,Home & Kitchen,Urgent,75,32702.63
PO004753,W005,SUP0054,2025-05-19,Apparel,Standard,499,168688.8
PO004754,W024,SUP0021,2026-07-02,Apparel,Standard,759,270684.23
PO004755,W001,SUP0072,2025-05-19,Home & Kitchen,Standard,1169,549093.42
PO004756,W016,SUP0121,2026-01-04,Electronics,Standard,1070,2541512.47
PO004757,W005,SUP0140,2024-06-06,Apparel,Standard,369,101383.05
PO004758,W029,SUP0112,2024-02-05,Apparel,Urgent,101,28999.18
PO004759,W023,SUP0071,2025-05-11,Stationery,Standard,599,24635.79
PO004760,W013,SUP0070,2024-11-26,Electronics,Bulk,3546,8686327.93
PO004761,W019,SUP0067,2024-04-21,Home & Kitchen,Standard,538,261758.72
PO004762,W015,SUP0098,2024-07-03,Personal Care,Bulk,3125,461920.84
PO004763,W001,SUP0088,2024-09-26,Apparel,Standard,832,231595.46
PO004764,W012,SUP0057,2026-06-14,Personal Care,Standard,882,124653.73
PO004765,W019,SUP0016,2026-07-20,Personal Care,Standard,236,31904.73
PO004766,W015,SUP0026,2024-06-08,Grocery,Bulk,739,42846.15
PO004767,W030,SUP0115,2024-01-29,Apparel,Standard,150,51812.6
PO004768,W010,SUP0059,2026-07-10,Home & Kitchen,Standard,492,231997.69
PO004769,W016,SUP0083,2026-02-26,Personal Care,Bulk,4086,496766.12
PO004770,W010,SUP0045,2025-05-22,Grocery,Bulk,2694,147592.08
PO004771,W028,SUP0068,2024-02-28,Grocery,Bulk,1076,76912.98
PO004772,W029,SUP0119,2026-05-21,Grocery,Standard,1187,70043.22
PO004773,W014,SUP0146,2025-05-01,Apparel,Standard,948,297352.68
PO004774,W005,SUP0118,2025-01-06,Grocery,Bulk,2791,162202.89
PO004775,W013,SUP0091,2024-03-26,Electronics,Bulk,2235,5692119.29
PO004776,W027,SUP0140,2025-11-15,Personal Care,Standard,1077,174133.91
PO004777,W010,SUP0130,2025-10-31,Stationery,Standard,328,15876.12
PO004778,W029,SUP0050,2025-01-11,Electronics,Bulk,1457,3159762.24
PO004779,W027,SUP0081,2024-07-27,Personal Care,Standard,194,32430.66
PO004780,W003,SUP0039,2026-06-18,Electronics,Standard,566,1361363.76
PO004781,W016,SUP0132,2026-01-20,Home & Kitchen,Urgent,305,165299.45
PO004782,W027,SUP0125,2024-12-10,Stationery,Standard,860,38935.9
PO004783,W030,SUP0057,2025-11-03,Grocery,Standard,1198,73143.69
PO004784,W002,SUP0089,2025-04-23,Apparel,Standard,758,241055.83
PO004785,W002,SUP0066,2024-09-29,Home & Kitchen,Urgent,184,86766.33
PO004786,W015,SUP0104,2026-03-27,Home & Kitchen,Standard,528,254922.57
PO004787,W015,SUP0091,2026-06-29,Grocery,Urgent,178,9752.26
PO004788,W006,SUP0133,2024-08-18,Stationery,Urgent,187,9520.6
PO004789,W029,SUP0086,2024-05-29,Stationery,Standard,212,9920.15
PO004790,W006,SUP0074,2026-07-22,Stationery,Urgent,178,9162.59
PO004791,W023,SUP0073,2026-02-07,Electronics,Bulk,2735,5202055.31
PO004792,W025,SUP0026,2024-10-18,Home & Kitchen,Standard,1137,619143.22
PO004793,W001,SUP0123,2025-06-03,Apparel,Standard,63,23920.44
PO004794,W001,SUP0048,2024-02-05,Home & Kitchen,Standard,768,412880.31
PO004795,W019,SUP0067,2025-03-05,Electronics,Standard,1054,2166936.05
PO004796,W002,SUP0049,2026-07-10,Furniture,Urgent,40,149629.87
PO004797,W005,SUP0089,2026-06-11,Grocery,Standard,715,47562.48
PO004798,W027,SUP0004,2026-08-05,Personal Care,Standard,165,23508.26
PO004799,W013,SUP0041,2024-09-30,Personal Care,Urgent,177,21843.54
PO004800,W010,SUP0078,2025-12-20,Furniture,Bulk,2422,9480506.82
PO004801,W030,SUP0049,2025-07-12,Apparel,Bulk,2379,824531.84
PO004802,W012,SUP0022,2024-11-06,Grocery,Standard,254,16651.7
PO004803,W005,SUP0033,2026-08-04,Apparel,Standard,864,317616.27
PO004804,W012,SUP0059,2026-05-30,Home & Kitchen,Standard,464,228427.1
PO004805,W015,SUP0058,2026-07-08,Home & Kitchen,Standard,1048,465455.99
PO004806,W027,SUP0035,2025-09-11,Stationery,Standard,883,44669.97
PO004807,W027,SUP0113,2024-07-10,Apparel,Standard,444,166619.99
PO004808,W005,SUP0129,2024-09-25,Grocery,Urgent,26,1865.56
PO004809,W012,SUP0044,2025-08-12,Electronics,Bulk,2035,4549732.74
PO004810,W030,SUP0033,2024-03-01,Grocery,Standard,722,39707.31
PO004811,W005,SUP0105,2026-05-20,Home & Kitchen,Standard,385,171898.02
PO004812,W005,SUP0084,2026-06-15,Grocery,Bulk,3355,214559.4
PO004813,W012,SUP0079,2024-10-10,Stationery,Standard,234,11998.22
PO004814,W029,SUP0082,2025-07-27,Grocery,Standard,751,38680.29
PO004815,W008,SUP0025,2025-05-18,Personal Care,Standard,347,44701.71
PO004816,W017,SUP0005,2025-08-19,Personal Care,Bulk,871,113410.93
PO004817,W006,SUP0063,2024-06-25,Grocery,Urgent,142,7785.75
PO004818,W004,SUP0093,2025-11-27,Furniture,Standard,494,1622901.36
PO004819,W009,SUP0007,2025-03-29,Electronics,Urgent,63,159260.27
PO004820,W013,SUP0079,2026-07-31,Apparel,Bulk,2312,805943.31
PO004821,W025,SUP0054,2024-04-04,Grocery,Urgent,386,24809.01
PO004822,W012,SUP0036,2024-04-21,Furniture,Bulk,1339,5098806.86
PO004823,W026,SUP0085,2026-03-01,Apparel,Standard,730,242189.59
PO004824,W029,SUP0110,2024-10-24,Personal Care,Standard,585,81217.01
PO004825,W002,SUP0002,2024-08-24,Grocery,Bulk,811,53572.73
PO004826,W023,SUP0117,2026-07-26,Personal Care,Standard,647,108000.66
PO004827,W006,SUP0126,2025-05-03,Home & Kitchen,Standard,927,435583.85
PO004828,W010,SUP0049,2025-11-07,Grocery,Standard,325,19597.26
PO004829,W002,SUP0042,2024-07-05,Personal Care,Standard,428,59698.2
PO004830,W019,SUP0139,2025-11-15,Grocery,Standard,927,62576.97
PO004831,W027,SUP0048,2024-09-24,Home & Kitchen,Standard,920,428654.76
PO004832,W008,SUP0007,2026-02-25,Personal Care,Bulk,690,107936.97
PO004833,W023,SUP0131,2024-06-19,Stationery,Standard,519,26614.11
PO004834,W027,SUP0063,2025-12-09,Personal Care,Urgent,216,31068.84
PO004835,W012,SUP0112,2024-08-28,Grocery,Standard,1057,55237.35
PO004836,W007,SUP0065,2025-12-22,Apparel,Urgent,352,117270.82
PO004837,W003,SUP0025,2026-02-18,Grocery,Standard,1086,60242.7
PO004838,W030,SUP0089,2024-12-19,Grocery,Bulk,2672,182101.61
PO004839,W008,SUP0103,2026-04-11,Furniture,Bulk,1803,5768937.37
PO004840,W022,SUP0109,2024-07-15,Apparel,Urgent,167,49855.42
PO004841,W015,SUP0006,2025-08-01,Home & Kitchen,Standard,721,361122.78
PO004842,W027,SUP0080,2024-03-28,Stationery,Urgent,62,3097.0
PO004843,W009,SUP0094,2024-12-26,Apparel,Standard,644,180118.48
PO004844,W027,SUP0144,2026-03-20,Apparel,Bulk,4377,1226536.88
PO004845,W029,SUP0059,2025-01-04,Grocery,Urgent,94,5177.98
PO004846,W027,SUP0001,2026-07-11,Apparel,Urgent,382,108202.43
PO004847,W009,SUP0129,2026-03-01,Furniture,Bulk,1700,5909946.53
PO004848,W008,SUP0062,2025-10-10,Home & Kitchen,Standard,52,29065.6
PO004849,W012,SUP0113,2024-10-19,Grocery,Standard,398,27995.25
PO004850,W026,SUP0100,2025-04-20,Grocery,Standard,869,47186.89
PO004851,W021,SUP0032,2024-05-21,Apparel,Standard,862,238969.74
PO004852,W006,SUP0092,2024-07-06,Apparel,Standard,609,218934.37
PO004853,W014,SUP0011,2025-11-14,Grocery,Bulk,2382,131062.33
PO004854,W006,SUP0146,2024-03-16,Stationery,Urgent,347,17338.65
PO004855,W027,SUP0134,2025-11-08,Apparel,Standard,497,157535.39
PO004856,W027,SUP0095,2024-07-11,Grocery,Standard,780,54525.28
PO004857,W009,SUP0035,2024-03-02,Home & Kitchen,Bulk,1352,580010.91
PO004858,W030,SUP0104,2026-02-18,Grocery,Bulk,1370,91893.81
PO004859,W015,SUP0103,2025-03-18,Grocery,Standard,994,66321.59
PO004860,W011,SUP0029,2024-08-13,Electronics,Urgent,328,758893.22
PO004861,W001,SUP0111,2025-04-15,Electronics,Standard,979,2293300.55
PO004862,W009,SUP0117,2024-09-16,Grocery,Bulk,1522,108441.67
PO004863,W027,SUP0098,2025-08-27,Home & Kitchen,Urgent,377,209992.85
PO004864,W024,SUP0049,2026-03-08,Stationery,Bulk,1808,85390.06
PO004865,W030,SUP0056,2026-06-01,Grocery,Standard,878,58355.41
PO004866,W001,SUP0140,2025-03-29,Personal Care,Urgent,282,42721.14
PO004867,W026,SUP0007,2026-01-27,Stationery,Standard,1134,57618.25
PO004868,W016,SUP0002,2026-07-11,Furniture,Standard,1006,3303408.46
PO004869,W030,SUP0138,2026-02-04,Grocery,Urgent,251,14192.51
PO004870,W025,SUP0073,2024-06-15,Grocery,Standard,818,56363.95
PO004871,W015,SUP0119,2024-11-11,Grocery,Bulk,3816,239650.3
PO004872,W021,SUP0143,2024-09-01,Furniture,Urgent,307,1275522.36
PO004873,W030,SUP0096,2026-04-29,Apparel,Standard,904,262723.71
PO004874,W002,SUP0030,2025-09-16,Stationery,Urgent,385,19715.92
PO004875,W005,SUP0004,2026-05-16,Personal Care,Standard,887,138321.85
PO004876,W012,SUP0140,2025-01-17,Grocery,Standard,282,19263.09
PO004877,W008,SUP0037,2024-10-11,Grocery,Urgent,220,14894.83
PO004878,W017,SUP0006,2025-06-07,Home & Kitchen,Standard,321,155687.57
PO004879,W019,SUP0035,2024-08-29,Stationery,Urgent,232,12372.89
PO004880,W022,SUP0137,2024-01-08,Apparel,Urgent,100,29129.07
PO004881,W001,SUP0034,2025-01-18,Grocery,Bulk,3219,181927.92
PO004882,W027,SUP0060,2025-12-05,Grocery,Standard,701,44347.86
PO004883,W005,SUP0106,2026-04-09,Apparel,Standard,638,243449.67
PO004884,W002,SUP0139,2024-03-18,Personal Care,Standard,540,82792.73
PO004885,W027,SUP0045,2026-04-16,Grocery,Standard,262,16180.97
PO004886,W006,SUP0106,2024-12-10,Grocery,Bulk,1342,82706.62
PO004887,W006,SUP0026,2024-06-05,Electronics,Bulk,2431,5863444.54
PO004888,W008,SUP0102,2026-01-31,Electronics,Urgent,102,219363.4
PO004889,W006,SUP0068,2025-03-19,Grocery,Standard,758,50201.5
PO004890,W022,SUP0132,2025-11-30,Grocery,Bulk,594,36033.22
PO004891,W005,SUP0089,2025-11-09,Electronics,Standard,872,1651742.96
PO004892,W027,SUP0030,2025-04-19,Apparel,Urgent,39,13808.21
PO004893,W017,SUP0035,2024-08-01,Stationery,Bulk,1753,84981.88
PO004894,W026,SUP0101,2026-05-02,Electronics,Bulk,2792,7039470.14
PO004895,W029,SUP0098,2024-02-29,Apparel,Bulk,2186,803891.79
PO004896,W029,SUP0017,2025-07-19,Grocery,Bulk,4520,278110.24
PO004897,W019,SUP0027,2024-12-30,Furniture,Standard,380,1296902.35
PO004898,W023,SUP0103,2025-12-05,Stationery,Standard,414,22087.04
PO004899,W006,SUP0025,2026-01-05,Grocery,Standard,894,56410.3
PO004900,W009,SUP0053,2025-01-15,Home & Kitchen,Urgent,384,170070.07
PO004901,W015,SUP0076,2025-06-24,Home & Kitchen,Urgent,188,107783.17
PO004902,W009,SUP0079,2025-11-20,Grocery,Bulk,3593,212000.43
PO004903,W015,SUP0082,2024-05-28,Apparel,Urgent,156,46652.23
PO004904,W013,SUP0102,2026-02-01,Grocery,Bulk,4381,300048.88
PO004905,W014,SUP0112,2024-12-29,Grocery,Standard,181,11446.63
PO004906,W011,SUP0139,2025-06-15,Grocery,Standard,331,23415.17
PO004907,W005,SUP0092,2024-04-27,Home & Kitchen,Bulk,4570,1909482.13
PO004908,W023,SUP0034,2025-07-04,Grocery,Standard,115,8098.07
PO004909,W006,SUP0099,2026-05-11,Home & Kitchen,Standard,769,403772.0
PO004910,W005,SUP0141,2025-02-08,Grocery,Standard,174,11567.51
PO004911,W006,SUP0076,2025-02-27,Electronics,Standard,1183,2835919.51
PO004912,W017,SUP0013,2024-02-21,Home & Kitchen,Standard,802,440319.13
PO004913,W001,SUP0047,2025-08-12,Apparel,Urgent,157,48463.0
PO004914,W021,SUP0124,2024-03-08,Apparel,Standard,310,84627.51
PO004915,W008,SUP0120,2025-05-18,Grocery,Bulk,2643,156867.55
PO004916,W008,SUP0003,2025-10-29,Apparel,Urgent,299,83776.08
PO004917,W022,SUP0119,2024-10-09,Home & Kitchen,Bulk,809,377321.48
PO004918,W026,SUP0102,2025-03-21,Apparel,Bulk,3283,1055710.18
PO004919,W003,SUP0092,2025-12-02,Apparel,Standard,627,172491.17
PO004920,W021,SUP0027,2025-06-16,Home & Kitchen,Standard,771,424277.89
PO004921,W001,SUP0039,2025-12-31,Personal Care,Bulk,567,85520.34
PO004922,W030,SUP0107,2024-09-17,Grocery,Bulk,3156,223061.19
PO004923,W005,SUP0043,2025-03-25,Grocery,Bulk,4026,217908.49
PO004924,W012,SUP0128,2024-08-14,Grocery,Standard,798,48953.87
PO004925,W013,SUP0051,2024-10-24,Home & Kitchen,Standard,594,259410.15
PO004926,W008,SUP0124,2025-05-18,Home & Kitchen,Standard,450,215589.95
PO004927,W027,SUP0032,2024-04-03,Grocery,Bulk,2613,166246.9
PO004928,W030,SUP0145,2025-11-26,Grocery,Standard,212,12734.0
PO004929,W004,SUP0114,2025-11-29,Personal Care,Standard,501,63919.69
PO004930,W002,SUP0150,2024-12-20,Personal Care,Standard,408,51254.58
PO004931,W006,SUP0062,2025-10-15,Personal Care,Urgent,257,31450.24
PO004932,W010,SUP0024,2025-04-18,Stationery,Standard,625,31482.78
PO004933,W001,SUP0141,2025-08-23,Home & Kitchen,Bulk,3709,2123936.55
PO004934,W010,SUP0124,2025-07-27,Stationery,Standard,1193,57819.39
PO004935,W018,SUP0104,2026-01-07,Apparel,Standard,877,265904.67
PO004936,W005,SUP0009,2025-02-19,Apparel,Standard,938,354692.41
PO004937,W007,SUP0150,2025-11-23,Furniture,Bulk,3136,12673824.62
PO004938,W012,SUP0022,2025-12-06,Furniture,Standard,1138,3924082.7
PO004939,W013,SUP0117,2025-08-19,Grocery,Bulk,681,46735.99
PO004940,W018,SUP0016,2026-05-21,Grocery,Standard,1181,62067.5
PO004941,W003,SUP0053,2026-07-13,Apparel,Standard,497,179739.47
PO004942,W017,SUP0054,2025-11-24,Grocery,Standard,937,55045.06
PO004943,W023,SUP0143,2025-04-25,Grocery,Bulk,3786,268512.39
PO004944,W030,SUP0066,2024-10-27,Grocery,Bulk,4126,215450.92
PO004945,W015,SUP0041,2024-05-15,Grocery,Urgent,265,15043.92
PO004946,W030,SUP0004,2025-10-22,Grocery,Standard,212,13144.87
PO004947,W012,SUP0148,2024-08-26,Grocery,Bulk,1350,75120.87
PO004948,W028,SUP0101,2026-07-21,Apparel,Urgent,134,47796.15
PO004949,W024,SUP0044,2026-03-26,Grocery,Standard,689,46997.7
PO004950,W009,SUP0014,2026-02-23,Furniture,Urgent,335,1125446.9
PO004951,W001,SUP0094,2026-01-02,Grocery,Urgent,373,22892.92
PO004952,W008,SUP0073,2025-03-27,Personal Care,Standard,607,82841.43
PO004953,W002,SUP0024,2025-04-30,Furniture,Standard,982,3582586.55
PO004954,W010,SUP0134,2025-04-07,Grocery,Standard,826,50105.91
PO004955,W025,SUP0046,2024-12-02,Grocery,Standard,892,62022.5
PO004956,W017,SUP0080,2024-08-07,Grocery,Urgent,170,10229.07
PO004957,W017,SUP0119,2025-08-15,Apparel,Standard,227,78627.71
PO004958,W026,SUP0062,2026-06-22,Personal Care,Bulk,1585,205525.39
PO004959,W027,SUP0110,2024-07-10,Apparel,Standard,600,220372.51
PO004960,W025,SUP0005,2026-02-20,Grocery,Standard,428,27152.52
PO004961,W024,SUP0017,2025-11-23,Electronics,Standard,907,1837866.27
PO004962,W010,SUP0069,2025-04-28,Personal Care,Urgent,113,17214.03
PO004963,W008,SUP0091,2025-03-01,Apparel,Standard,1084,402110.85
PO004964,W016,SUP0133,2025-07-22,Furniture,Urgent,132,491322.06
PO004965,W005,SUP0003,2025-04-30,Apparel,Bulk,878,315707.5
PO004966,W001,SUP0075,2024-01-26,Grocery,Bulk,2794,143144.04
PO004967,W005,SUP0150,2024-09-01,Apparel,Standard,1038,326724.73
PO004968,W022,SUP0065,2024-10-13,Home & Kitchen,Urgent,82,43823.12
PO004969,W029,SUP0082,2025-04-21,Apparel,Standard,151,48724.04
PO004970,W021,SUP0131,2025-10-24,Grocery,Standard,628,36106.16
PO004971,W024,SUP0118,2024-02-13,Furniture,Bulk,4670,14558097.72
PO004972,W001,SUP0024,2026-02-26,Apparel,Bulk,4327,1476884.28
PO004973,W009,SUP0125,2026-04-11,Stationery,Standard,469,20894.31
PO004974,W020,SUP0122,2026-07-05,Home & Kitchen,Standard,710,398940.34
PO004975,W014,SUP0120,2025-08-09,Electronics,Urgent,394,764112.03
PO004976,W008,SUP0023,2025-06-07,Electronics,Standard,92,172334.63
PO004977,W030,SUP0033,2025-10-09,Electronics,Urgent,114,259544.93
PO004978,W006,SUP0092,2026-02-17,Personal Care,Bulk,4310,532105.0
PO004979,W022,SUP0121,2025-06-11,Grocery,Standard,467,27121.07
PO004980,W014,SUP0119,2026-05-25,Electronics,Urgent,120,239317.92
PO004981,W030,SUP0113,2024-12-27,Grocery,Urgent,43,2712.92
PO004982,W001,SUP0059,2025-03-09,Electronics,Standard,251,582700.29
PO004983,W022,SUP0072,2025-04-04,Personal Care,Standard,616,102154.75
PO004984,W027,SUP0099,2026-06-11,Personal Care,Urgent,303,42397.5
PO004985,W026,SUP0140,2025-02-15,Grocery,Bulk,3074,194874.94
PO004986,W001,SUP0088,2024-05-29,Electronics,Standard,290,672946.27
PO004987,W008,SUP0076,2025-02-24,Personal Care,Standard,1064,159586.24
PO004988,W015,SUP0105,2024-12-14,Home & Kitchen,Urgent,375,193144.23
PO004989,W012,SUP0074,2025-08-04,Stationery,Bulk,909,47313.07
PO004990,W006,SUP0024,2024-09-28,Grocery,Standard,483,28377.29
PO004991,W001,SUP0101,2025-06-15,Electronics,Standard,1031,2651260.35
PO004992,W019,SUP0041,2024-06-07,Stationery,Bulk,4093,172451.5
PO004993,W030,SUP0078,2025-07-26,Apparel,Standard,130,39574.23
PO004994,W015,SUP0061,2025-10-31,Home & Kitchen,Standard,757,331436.48
PO004995,W007,SUP0040,2026-06-26,Grocery,Standard,662,34173.47
PO004996,W004,SUP0051,2026-03-29,Electronics,Bulk,4365,9778643.22
PO004997,W030,SUP0112,2024-10-12,Personal Care,Bulk,3948,649169.15
PO004998,W028,SUP0124,2026-06-09,Home & Kitchen,Standard,1029,522945.37
PO004999,W002,SUP0041,2026-04-29,Grocery,Bulk,3744,238890.12
PO005000,W027,SUP0055,2024-10-30,Electronics,Bulk,2128,5549006.25
