shipment_id,po_id,staff_id,vehicle_id,dispatch_date,arrival_date,status,shipment_attempt,distance_km,transit_duration_hrs
SH000001,PO003297,E081,V082,2025-08-26,2025-08-27,Damaged,1,1430.03,28
SH000002,PO001192,E120,V045,2025-02-06,2025-02-08,Delayed,1,1444.79,56
SH000003,PO004943,E100,V009,2025-05-04,2025-05-05,Delivered,1,1071.39,23
SH000004,PO004008,E077,V045,2024-02-01,2024-02-03,Delivered,1,1202.99,39
SH000005,PO001584,E009,V025,2025-12-12,2025-12-13,Delivered,1,993.18,22
SH000006,PO004270,E093,V059,2025-07-30,2025-07-31,Damaged,1,838.0,29
SH000007,PO002284,E014,V023,2026-02-19,2026-02-20,Delivered,1,698.98,23
SH000008,PO003346,E039,V058,2025-07-01,2025-07-03,Delayed,1,1288.2,53
SH000009,PO001557,E010,V016,2024-06-19,2024-06-20,Damaged,1,504.78,14
SH000010,PO002997,E068,V025,2026-05-28,2026-05-29,Delivered,1,871.99,23
SH000011,PO004618,E105,V005,2025-01-10,2025-01-11,Delivered,1,1201.44,30
SH000012,PO002113,E060,V033,2025-12-22,2025-12-23,Delivered,1,1585.39,30
SH000013,PO002635,E012,V047,2025-02-26,2025-02-26,Delivered,1,729.54,12
SH000014,PO000974,E032,V085,2025-10-28,2025-10-28,Delivered,1,221.86,5
SH000015,PO003562,E040,V067,2024-04-08,2024-04-09,Delivered,1,891.86,19
SH000016,PO003797,E047,V018,2026-03-29,2026-03-29,Delivered,1,434.0,8
SH000017,PO001773,E019,V058,2024-02-28,2024-02-29,Delivered,1,1096.35,21
SH000018,PO001874,E081,V059,2024-04-21,2024-04-21,Delivered,1,234.11,6
SH000019,PO001221,E103,V079,2025-11-25,2025-11-25,Delayed,1,155.63,5
SH000020,PO002887,E050,V042,2025-07-26,2025-07-27,Damaged,1,1013.24,35
SH000021,PO004672,E029,V038,2025-12-18,2025-12-20,Delivered,1,1793.6,47
SH000022,PO004684,E040,V081,2024-10-23,2024-10-24,Delivered,1,974.45,22
SH000023,PO001689,E108,V010,2025-08-10,2025-08-11,Delivered,1,853.11,18
SH000024,PO001104,E019,V052,2026-06-14,2026-06-14,Delivered,1,73.96,2
SH000025,PO003829,E015,V086,2025-09-19,2025-09-23,Delayed,1,1728.67,87
SH000026,PO001203,E043,V055,2026-01-23,2026-01-24,Delivered,1,892.6,16
SH000027,PO000223,E015,V024,2026-06-18,2026-06-19,In-Transit,1,1161.84,21
SH000028,PO004925,E104,V037,2024-11-07,2024-11-10,Damaged,1,1751.72,65
SH000029,PO003419,E036,V025,2025-05-26,2025-05-27,Delivered,1,994.88,16
SH000030,PO000553,E004,V078,2026-02-13,2026-02-15,Delivered,1,1228.93,39
SH000031,PO004175,E003,V039,2025-02-11,2025-02-12,Delivered,1,1114.45,35
SH000032,PO004687,E081,V012,2024-08-23,2024-08-23,Delivered,1,41.63,1
SH000033,PO000087,E095,V071,2025-12-09,2025-12-09,Delivered,1,443.38,8
SH000034,PO001400,E039,V078,2024-03-31,2024-04-02,Delayed,1,1258.99,43
SH000035,PO001978,E114,V004,2024-06-06,2024-06-07,Delivered,1,1122.85,30
SH000036,PO004226,E026,V010,2025-09-16,2025-09-17,Delivered,1,1479.82,28
SH000037,PO000265,E009,V021,2024-07-14,2024-07-15,Delivered,1,970.86,18
SH000038,PO002673,E041,V089,2026-06-12,2026-06-14,Delivered,1,1484.62,44
SH000039,PO004658,E008,V011,2024-09-17,2024-09-20,Delayed,1,1555.41,73
SH000040,PO002860,E096,V012,2026-05-18,2026-05-20,Delivered,1,1429.74,40
SH000041,PO002666,E009,V056,2024-12-28,2024-12-28,Delivered,1,66.92,2
SH000042,PO000219,E075,V020,2025-09-10,2025-09-12,Damaged,1,1502.16,40
SH000043,PO001058,E002,V002,2025-05-31,2025-06-02,Delivered,1,1722.87,51
SH000044,PO002396,E002,V022,2025-09-05,2025-09-05,Delivered,1,543.88,8
SH000045,PO004166,E034,V036,2025-10-08,2025-10-10,Damaged,1,1175.32,51
SH000046,PO000021,E011,V001,2024-06-25,2024-06-26,Delivered,1,1103.91,25
SH000047,PO001115,E116,V085,2024-02-19,2024-02-20,Damaged,1,854.4,26
SH000048,PO004137,E063,V050,2025-07-05,2025-07-06,Delivered,1,1126.23,26
SH000049,PO003707,E047,V083,2026-05-06,2026-05-07,Delivered,1,1090.48,33
SH000050,PO003790,E060,V012,2024-05-12,2024-05-13,Delivered,1,1519.59,28
SH000051,PO001774,E074,V044,2024-07-28,2024-07-30,Delivered,1,1513.86,46
SH000052,PO002646,E005,V071,2024-08-17,2024-08-18,Delivered,1,460.0,15
SH000053,PO001013,E026,V062,2024-12-13,2024-12-15,Delivered,1,1265.19,45
SH000054,PO000218,E063,V085,2025-04-29,2025-05-01,Delivered,1,1790.11,49
SH000055,PO000341,E098,V062,2024-08-08,2024-08-10,In-Transit,1,1484.0,44
SH000056,PO004714,E108,V090,2025-07-28,2025-07-28,Delivered,1,112.25,3
SH000057,PO004827,E044,V047,2025-05-08,2025-05-08,Delivered,1,110.93,2
SH000058,PO003689,E114,V026,2024-04-24,2024-04-24,Delivered,1,280.85,5
SH000059,PO003415,E041,V053,2025-09-12,2025-09-12,In-Transit,1,461.83,9
SH000060,PO000371,E046,V090,2024-01-28,2024-01-30,Delayed,1,1315.93,48
SH000061,PO002007,E059,V006,2026-03-25,2026-03-26,Delivered,1,914.62,16
SH000062,PO003178,E039,V015,2025-04-25,2025-04-26,Delivered,1,935.14,33
SH000063,PO004139,E038,V062,2026-02-28,2026-03-01,Delivered,1,1063.7,29
SH000064,PO003933,E046,V026,2024-10-04,2024-10-05,Delayed,1,321.91,15
SH000065,PO002982,E107,V040,2024-07-04,2024-07-06,Delayed,1,1108.28,53
SH000066,PO001062,E049,V065,2026-05-01,2026-05-02,Delivered,1,820.55,23
SH000067,PO004679,E047,V087,2026-01-06,2026-01-08,Delivered,1,1625.73,40
SH000068,PO000026,E067,V013,2025-03-25,2025-03-26,Delivered,1,1246.87,25
SH000069,PO002962,E063,V088,2026-01-16,2026-01-17,Delivered,1,892.98,18
SH000070,PO002212,E048,V018,2025-08-12,2025-08-13,Delayed,1,627.0,21
SH000071,PO003350,E104,V050,2024-12-18,2024-12-19,Delivered,1,1300.18,26
SH000072,PO001739,E075,V067,2024-06-11,2024-06-11,Delayed,1,313.98,8
SH000073,PO002048,E104,V030,2026-08-08,2026-08-12,Delayed,1,1240.75,102
SH000074,PO002969,E037,V038,2026-01-11,2026-01-12,Delivered,1,1292.82,35
SH000075,PO002578,E081,V041,2025-09-12,2025-09-12,Delivered,1,619.12,10
SH000076,PO002711,E085,V076,2025-06-16,2025-06-16,Delivered,1,316.4,6
SH000077,PO001833,E041,V068,2025-03-17,2025-03-17,Delivered,1,363.0,8
SH000078,PO003196,E088,V037,2026-05-05,2026-05-06,Delivered,1,1147.82,33
SH000079,PO004670,E090,V016,2026-05-05,2026-05-06,Delivered,1,914.74,16
SH000080,PO000004,E091,V047,2025-02-26,2025-02-28,Delayed,1,1539.2,56
SH000081,PO003729,E016,V065,2024-07-23,2024-07-23,In-Transit,1,188.36,5
SH000082,PO001759,E081,V055,2024-08-16,2024-08-16,Delivered,1,335.2,6
SH000083,PO004673,E099,V026,2026-04-18,2026-04-19,Delivered,1,1377.81,28
SH000084,PO000330,E100,V011,2026-03-01,2026-03-01,Delivered,1,253.54,5
SH000085,PO004032,E102,V063,2025-12-20,2025-12-21,Delivered,1,1335.48,33
SH000086,PO003485,E032,V009,2025-04-01,2025-04-01,Delivered,1,595.34,11
SH000087,PO001849,E084,V041,2025-03-21,2025-03-22,Delivered,1,857.92,23
SH000088,PO001659,E064,V063,2024-08-28,2024-08-30,Damaged,1,1514.63,59
SH000089,PO003353,E043,V062,2024-08-23,2024-08-24,Delayed,1,715.3,22
SH000090,PO003534,E101,V069,2024-02-17,2024-02-18,Delivered,1,617.15,25
SH000091,PO001084,E114,V067,2026-05-27,2026-05-31,Damaged,1,1609.47,100
SH000092,PO002407,E062,V029,2024-08-15,2024-08-17,In-Transit,1,1590.2,45
SH000093,PO002993,E110,V047,2024-07-10,2024-07-11,Delivered,1,960.23,18
SH000094,PO003327,E068,V060,2026-03-24,2026-03-26,Delivered,1,1506.03,50
SH000095,PO001432,E112,V019,2024-02-06,2024-02-07,Delivered,1,880.03,21
SH000096,PO004461,E108,V074,2025-03-28,2025-03-28,Delivered,1,367.22,7
SH000097,PO000019,E045,V071,2024-10-03,2024-10-03,Delivered,1,284.99,5
SH000098,PO004242,E089,V082,2025-07-06,2025-07-06,Delivered,1,166.2,7
SH000099,PO003111,E046,V070,2024-05-14,2024-05-15,Delivered,1,1101.91,33
SH000100,PO000133,E014,V067,2026-01-11,2026-01-12,Delivered,1,987.38,33
SH000101,PO000240,E011,V025,2026-06-30,2026-06-30,Damaged,1,256.16,7
SH000102,PO001684,E099,V065,2024-03-29,2024-03-29,Delivered,1,293.74,7
SH000103,PO000851,E093,V079,2026-05-06,2026-05-07,In-Transit,1,430.44,13
SH000104,PO000897,E103,V006,2025-10-07,2025-10-09,Delivered,1,1288.3,41
SH000105,PO000135,E087,V038,2025-06-25,2025-06-25,Delayed,1,250.37,8
SH000106,PO000104,E119,V084,2024-08-19,2024-08-20,Delivered,1,1332.06,29
SH000107,PO001525,E108,V032,2025-03-05,2025-03-07,Delivered,1,1457.5,48
SH000108,PO001406,E029,V034,2024-09-04,2024-09-04,Delivered,1,532.31,7
SH000109,PO003383,E064,V011,2025-01-31,2025-01-31,Delivered,1,356.81,8
SH000110,PO001790,E067,V078,2026-01-20,2026-01-20,Delivered,1,343.26,9
SH000111,PO003486,E095,V043,2024-12-03,2024-12-03,Delivered,1,59.09,2
SH000112,PO001345,E040,V028,2024-05-21,2024-05-22,Delivered,1,823.43,16
SH000113,PO004283,E037,V083,2024-04-28,2024-04-28,Delivered,1,814.99,12
SH000114,PO000954,E028,V002,2026-05-20,2026-05-22,Delivered,1,1483.74,45
SH000115,PO004909,E026,V056,2026-05-16,2026-05-18,Delivered,1,1747.23,58
SH000116,PO004182,E062,V081,2025-11-18,2025-11-21,Delayed,1,1325.92,79
SH000117,PO000018,E059,V034,2025-03-11,2025-03-12,Damaged,1,869.61,25
SH000118,PO001448,E044,V051,2024-04-09,2024-04-09,In-Transit,1,173.32,5
SH000119,PO003957,E060,V008,2026-03-15,2026-03-15,Delivered,1,88.39,1
SH000120,PO002837,E084,V075,2025-05-20,2025-05-21,Delivered,1,1356.87,32
SH000121,PO004492,E012,V077,2025-04-25,2025-04-26,Delivered,1,535.77,16
SH000122,PO000696,E088,V025,2024-06-05,2024-06-06,Delivered,1,813.93,26
SH000123,PO003307,E064,V078,2024-10-03,2024-10-04,Delayed,1,523.66,22
SH000124,PO003421,E090,V058,2025-02-24,2025-02-26,Delivered,1,1721.43,52
SH000125,PO003763,E003,V085,2025-09-23,2025-09-23,Delivered,1,216.56,5
SH000126,PO004336,E088,V048,2025-11-20,2025-11-20,Delivered,1,286.2,6
SH000127,PO000705,E015,V078,2025-06-17,2025-06-18,Delivered,1,1020.38,23
SH000128,PO003626,E060,V050,2025-09-30,2025-10-01,Delivered,1,984.59,33
SH000129,PO002116,E108,V046,2025-12-05,2025-12-06,Delivered,1,656.01,13
SH000130,PO004007,E030,V073,2026-03-03,2026-03-04,Delivered,1,1074.46,27
SH000131,PO000190,E038,V082,2024-04-09,2024-04-09,Damaged,1,257.5,9
SH000132,PO002908,E081,V088,2026-06-08,2026-06-08,Delivered,1,363.51,7
SH000133,PO003459,E011,V001,2024-07-31,2024-08-01,Damaged,1,733.95,34
SH000134,PO002032,E082,V066,2026-04-06,2026-04-06,Delivered,1,108.79,2
SH000135,PO000985,E086,V058,2024-02-29,2024-03-02,Delivered,1,1085.25,38
SH000136,PO001994,E048,V024,2026-07-26,2026-07-28,Delivered,1,1513.54,41
SH000137,PO001811,E044,V074,2026-06-24,2026-06-24,Delivered,1,463.83,11
SH000138,PO002297,E031,V041,2025-06-13,2025-06-14,Delayed,1,680.78,21
SH000139,PO002647,E012,V054,2025-04-25,2025-04-27,Delivered,1,1416.99,47
SH000140,PO003106,E048,V057,2024-07-12,2024-07-13,Delivered,1,1175.65,24
SH000141,PO003420,E015,V073,2025-12-05,2025-12-06,Delivered,1,933.65,27
SH000142,PO002422,E084,V038,2024-05-08,2024-05-09,Delivered,1,1164.15,30
SH000143,PO001951,E019,V002,2025-07-06,2025-07-07,Delivered,1,1098.84,22
SH000144,PO004738,E042,V058,2025-11-03,2025-11-05,Delivered,1,1552.03,44
SH000145,PO000753,E019,V069,2025-07-31,2025-08-02,Delivered,1,1258.11,40
SH000146,PO000035,E047,V008,2026-07-06,2026-07-06,Delivered,1,397.96,8
SH000147,PO003377,E053,V043,2026-04-21,2026-04-23,Delivered,1,1586.23,54
SH000148,PO003662,E019,V049,2026-01-01,2026-01-02,Delivered,1,909.62,25
SH000149,PO003961,E053,V017,2026-04-26,2026-04-27,Delivered,1,1024.42,20
SH000150,PO002536,E101,V073,2024-11-07,2024-11-08,Delivered,1,972.38,30
SH000151,PO004127,E079,V083,2024-10-16,2024-10-18,Delivered,1,1629.16,38
SH000152,PO004654,E103,V044,2024-12-22,2024-12-24,Delivered,1,1548.49,49
SH000153,PO003535,E058,V024,2025-01-05,2025-01-07,Delivered,1,1610.02,46
SH000154,PO000547,E102,V073,2025-06-21,2025-06-22,Delivered,1,968.81,29
SH000155,PO000164,E003,V090,2025-05-06,2025-05-07,Damaged,1,388.04,17
SH000156,PO002990,E002,V029,2025-09-08,2025-09-08,Delivered,1,410.83,8
SH000157,PO003261,E089,V035,2025-06-27,2025-06-27,Delivered,1,592.8,11
SH000158,PO000740,E057,V044,2025-06-06,2025-06-06,Delivered,1,256.09,5
SH000159,PO002162,E036,V046,2026-01-27,2026-01-28,Delivered,1,806.91,18
SH000160,PO002713,E076,V057,2024-11-15,2024-11-15,Delivered,1,223.58,5
SH000161,PO001842,E081,V054,2025-07-19,2025-07-20,Delivered,1,977.87,23
SH000162,PO001622,E092,V045,2026-06-03,2026-06-04,Delivered,1,1056.0,23
SH000163,PO001653,E073,V048,2024-03-25,2024-03-25,Damaged,1,296.26,11
SH000164,PO002759,E023,V014,2026-01-14,2026-01-18,Delayed,1,1545.75,97
SH000165,PO004381,E076,V043,2024-06-23,2024-06-24,Delivered,1,1329.58,25
SH000166,PO001803,E084,V047,2024-09-27,2024-09-27,In-Transit,1,527.18,12
SH000167,PO004291,E049,V064,2025-04-02,2025-04-05,Damaged,1,1710.44,66
SH000168,PO003052,E119,V029,2025-09-20,2025-09-20,Delivered,1,293.26,6
SH000169,PO002174,E042,V074,2024-02-13,2024-02-14,Delivered,1,790.87,15
SH000170,PO003001,E067,V081,2024-12-02,2024-12-04,Delayed,1,1301.27,42
SH000171,PO001768,E028,V084,2026-06-02,2026-06-04,Delivered,1,1278.6,40
SH000172,PO002419,E120,V056,2025-02-21,2025-02-22,Delivered,1,729.98,18
SH000173,PO000462,E116,V046,2026-02-28,2026-03-02,Delivered,1,1385.68,40
SH000174,PO003631,E104,V077,2025-12-21,2025-12-22,Delivered,1,1099.85,25
SH000175,PO001990,E060,V020,2024-02-14,2024-02-15,Delivered,1,1175.38,25
SH000176,PO003066,E030,V054,2024-09-30,2024-10-02,Delivered,1,1782.81,36
SH000177,PO002398,E006,V044,2024-05-09,2024-05-12,Damaged,1,1733.15,70
SH000178,PO000820,E085,V004,2024-05-15,2024-05-15,Delivered,1,278.16,6
SH000179,PO004583,E094,V024,2025-03-24,2025-03-25,Delivered,1,950.35,28
SH000180,PO001155,E107,V074,2025-05-11,2025-05-12,Delivered,1,1709.58,24
SH000181,PO003382,E029,V068,2025-02-06,2025-02-07,Delivered,1,754.93,13
SH000182,PO001602,E047,V062,2025-05-25,2025-05-26,Delivered,1,1018.82,16
SH000183,PO001845,E085,V038,2025-02-24,2025-02-25,Delivered,1,1479.48,23
SH000184,PO003517,E016,V071,2024-08-03,2024-08-04,Delivered,1,768.91,24
SH000185,PO003097,E110,V038,2025-02-22,2025-02-24,Damaged,1,1280.0,53
SH000186,PO001983,E097,V005,2026-08-03,2026-08-03,Delivered,1,472.26,9
SH000187,PO000581,E024,V024,2026-07-04,2026-07-06,Delivered,1,1433.51,43
SH000188,PO001985,E027,V081,2024-08-21,2024-08-22,Delivered,1,834.33,20
SH000189,PO004298,E006,V043,2026-02-25,2026-02-25,In-Transit,1,75.56,2
SH000190,PO004721,E018,V026,2026-06-06,2026-06-07,Delivered,1,879.96,22
SH000191,PO000977,E111,V046,2024-12-06,2024-12-08,Delivered,1,1751.15,37
SH000192,PO003842,E006,V044,2026-02-27,2026-02-28,Delivered,1,1464.01,27
SH000193,PO004784,E054,V059,2025-04-24,2025-04-26,Delivered,1,1231.88,40
SH000194,PO002758,E004,V006,2025-12-23,2025-12-24,Delivered,1,945.99,19
SH000195,PO003723,E097,V003,2026-08-02,2026-08-05,Delivered,1,1679.85,66
SH000196,PO003712,E085,V080,2026-07-13,2026-07-15,Delayed,1,1081.93,37
SH000197,PO003993,E066,V017,2025-07-17,2025-07-18,Delivered,1,898.15,17
SH000198,PO004365,E034,V023,2025-08-11,2025-08-12,Delivered,1,1731.91,27
SH000199,PO004997,E077,V087,2024-10-22,2024-10-23,Delivered,1,743.97,19
SH000200,PO003563,E068,V058,2025-11-08,2025-11-10,Delivered,1,1602.86,44
SH000201,PO004417,E083,V081,2024-05-13,2024-05-14,Delivered,1,654.9,16
SH000202,PO001159,E068,V015,2026-08-12,2026-08-13,Delivered,1,917.68,20
SH000203,PO001996,E095,V027,2024-01-23,2024-01-25,Damaged,1,1573.83,55
SH000204,PO002821,E081,V062,2026-03-04,2026-03-05,Delivered,1,1172.07,29
SH000205,PO002027,E092,V046,2024-01-05,2024-01-06,Delivered,1,1582.09,29
SH000206,PO003812,E050,V048,2025-10-06,2025-10-07,Delivered,1,627.01,24
SH000207,PO001866,E060,V059,2024-01-18,2024-01-19,Delayed,1,1429.45,26
SH000208,PO003936,E078,V058,2026-03-27,2026-03-28,Damaged,1,877.16,22
SH000209,PO004901,E081,V018,2025-06-27,2025-06-28,Delivered,1,1356.09,28
SH000210,PO004851,E101,V019,2024-06-04,2024-06-04,Delivered,1,169.78,6
SH000211,PO003803,E008,V058,2024-04-15,2024-04-16,Delivered,1,989.12,32
SH000212,PO001112,E026,V080,2025-06-22,2025-06-24,Delayed,1,1381.91,37
SH000213,PO004701,E045,V014,2024-04-12,2024-04-13,Delivered,1,1057.34,17
SH000214,PO001582,E046,V039,2025-09-10,2025-09-11,Delivered,1,453.95,16
SH000215,PO000990,E104,V076,2025-11-10,2025-11-12,Delivered,1,1504.45,48
SH000216,PO003125,E007,V087,2024-12-31,2024-12-31,Delivered,1,110.14,2
SH000217,PO002892,E054,V064,2024-08-04,2024-08-05,Delivered,1,661.83,22
SH000218,PO004715,E017,V065,2024-04-17,2024-04-18,Delivered,1,1450.02,28
SH000219,PO004826,E048,V079,2026-07-27,2026-07-29,Delivered,1,1614.82,39
SH000220,PO004465,E082,V081,2025-09-26,2025-09-28,Delivered,1,1747.95,48
SH000221,PO001717,E082,V059,2024-08-21,2024-08-23,Delivered,1,1760.67,39
SH000222,PO003442,E100,V065,2024-11-17,2024-11-17,Delivered,1,245.76,9
SH000223,PO002814,E011,V035,2026-01-11,2026-01-11,Delivered,1,316.38,6
SH000224,PO003580,E090,V070,2024-02-04,2024-02-04,Delivered,1,327.04,8
SH000225,PO001854,E106,V069,2024-10-23,2024-10-24,Delayed,1,588.35,17
SH000226,PO002273,E029,V034,2024-09-16,2024-09-16,Delivered,1,201.31,4
SH000227,PO002691,E063,V069,2024-05-31,2024-06-02,Delivered,1,1370.4,42
SH000228,PO000428,E017,V022,2024-08-18,2024-08-21,Damaged,1,1384.44,66
SH000229,PO000583,E074,V047,2024-01-04,2024-01-05,Delayed,1,398.59,22
SH000230,PO003032,E053,V009,2026-07-31,2026-08-02,Delivered,1,1494.68,42
SH000231,PO001119,E015,V019,2025-01-29,2025-01-29,Delivered,1,231.77,5
SH000232,PO002618,E066,V019,2024-07-22,2024-07-23,Delivered,1,648.59,13
SH000233,PO002690,E073,V012,2024-05-17,2024-05-18,Delivered,1,888.3,24
SH000234,PO001589,E076,V086,2026-08-08,2026-08-08,Delivered,1,843.4,12
SH000235,PO004799,E062,V053,2024-10-12,2024-10-13,Delivered,1,1377.02,34
SH000236,PO000726,E003,V062,2024-01-18,2024-01-18,Delayed,1,47.01,1
SH000237,PO004953,E052,V069,2025-05-14,2025-05-16,Delayed,1,860.95,45
SH000238,PO002105,E032,V077,2024-12-07,2024-12-08,Damaged,1,306.24,13
SH000239,PO003691,E001,V005,2026-02-03,2026-02-05,Delivered,1,1766.48,50
SH000240,PO000468,E085,V078,2024-03-17,2024-03-17,Delayed,1,165.1,8
SH000241,PO004791,E029,V009,2026-02-11,2026-02-12,Delayed,1,301.63,17
SH000242,PO003780,E004,V054,2025-05-18,2025-05-19,Delivered,1,1129.47,29
SH000243,PO000308,E046,V072,2024-06-24,2024-06-26,Delayed,1,1203.98,52
SH000244,PO002744,E037,V088,2024-08-05,2024-08-05,Delivered,1,164.67,3
SH000245,PO001672,E040,V052,2025-07-08,2025-07-10,Delivered,1,1650.13,58
SH000246,PO002680,E073,V026,2024-01-30,2024-01-30,Delivered,1,372.29,8
SH000247,PO002011,E030,V063,2024-09-01,2024-09-02,Delivered,1,1185.84,31
SH000248,PO003152,E007,V021,2025-03-03,2025-03-05,Delayed,1,1362.28,42
SH000249,PO004563,E063,V032,2026-06-18,2026-06-18,Delayed,1,130.55,5
SH000250,PO003759,E063,V059,2024-06-20,2024-06-21,Delivered,1,1006.1,23
SH000251,PO003569,E075,V065,2026-01-08,2026-01-09,Damaged,1,452.36,17
SH000252,PO003959,E103,V084,2024-10-09,2024-10-10,Delivered,1,1442.15,32
SH000253,PO002188,E083,V008,2025-06-26,2025-06-26,Delivered,1,211.49,6
SH000254,PO003637,E045,V008,2025-04-04,2025-04-05,Delivered,1,821.03,16
SH000255,PO001040,E032,V019,2024-06-21,2024-06-22,Delivered,1,1306.66,25
SH000256,PO000078,E029,V046,2025-09-26,2025-09-26,Delivered,1,379.3,8
SH000257,PO001008,E026,V002,2024-05-31,2024-06-02,Delivered,1,1578.5,39
SH000258,PO004744,E098,V055,2025-03-14,2025-03-16,Delivered,1,1326.31,44
SH000259,PO004014,E019,V086,2024-02-22,2024-02-23,Delivered,1,1318.33,25
SH000260,PO000670,E061,V038,2024-12-20,2024-12-22,Delivered,1,1438.07,41
SH000261,PO002056,E103,V086,2026-07-08,2026-07-10,Delivered,1,1708.75,43
SH000262,PO002177,E064,V027,2026-07-08,2026-07-08,Delayed,1,149.71,7
SH000263,PO003681,E036,V039,2025-06-20,2025-06-22,Delivered,1,1575.0,51
SH000264,PO001066,E086,V072,2025-07-26,2025-07-26,In-Transit,1,417.32,11
SH000265,PO001673,E056,V066,2025-08-11,2025-08-12,Delayed,1,584.32,18
SH000266,PO002654,E103,V002,2024-03-30,2024-03-30,Delivered,1,187.78,4
SH000267,PO002965,E009,V086,2026-03-26,2026-03-27,Delivered,1,1062.56,26
SH000268,PO002256,E058,V035,2024-02-15,2024-02-16,In-Transit,1,1077.64,22
SH000269,PO000502,E043,V005,2024-03-05,2024-03-06,Delivered,1,716.05,25
SH000270,PO004145,E104,V090,2024-04-03,2024-04-03,Delivered,1,313.41,7
SH000271,PO004268,E020,V082,2025-09-10,2025-09-12,Delivered,1,1675.15,40
SH000272,PO001131,E053,V011,2024-01-21,2024-01-21,Delayed,1,185.31,5
SH000273,PO000370,E005,V037,2025-06-06,2025-06-06,Delivered,1,98.66,3
SH000274,PO001060,E035,V047,2026-06-11,2026-06-12,Delivered,1,616.39,22
SH000275,PO000631,E078,V011,2025-05-29,2025-05-30,Delivered,1,1624.73,31
SH000276,PO001947,E004,V082,2025-01-10,2025-01-10,Damaged,1,177.54,6
SH000277,PO003549,E089,V003,2024-09-19,2024-09-19,Delivered,1,237.7,5
SH000278,PO002319,E096,V024,2026-03-22,2026-03-23,Delayed,1,832.64,29
SH000279,PO000276,E046,V038,2024-03-14,2024-03-15,Delivered,1,1391.03,26
SH000280,PO001661,E096,V058,2025-01-02,2025-01-02,Delivered,1,374.18,12
SH000281,PO003676,E084,V072,2026-08-10,2026-08-10,Delivered,1,113.47,3
SH000282,PO004598,E019,V036,2024-10-23,2024-10-24,Delivered,1,788.37,21
SH000283,PO001713,E065,V090,2025-10-29,2025-10-30,In-Transit,1,1106.18,34
SH000284,PO000550,E006,V047,2025-10-01,2025-10-03,Delivered,1,1726.9,58
SH000285,PO002150,E013,V032,2026-06-13,2026-06-14,Delayed,1,1131.61,35
SH000286,PO000507,E006,V073,2025-02-18,2025-02-19,Delivered,1,1701.71,33
SH000287,PO004088,E049,V007,2026-06-24,2026-06-24,Delivered,1,350.78,8
SH000288,PO004463,E052,V049,2025-07-28,2025-07-29,Delivered,1,724.2,13
SH000289,PO003256,E040,V017,2025-12-18,2025-12-20,Delivered,1,1208.75,38
SH000290,PO001521,E120,V019,2024-08-19,2024-08-21,Damaged,1,855.46,41
SH000291,PO002740,E039,V039,2026-01-31,2026-02-01,Delivered,1,760.29,27
SH000292,PO003341,E050,V030,2025-01-02,2025-01-03,Delivered,1,1057.51,25
SH000293,PO003784,E040,V053,2026-02-27,2026-02-28,Delivered,1,1392.84,31
SH000294,PO002269,E107,V056,2026-01-05,2026-01-06,Delivered,1,841.68,28
SH000295,PO001374,E102,V021,2025-08-03,2025-08-04,Delayed,1,378.95,18
SH000296,PO003412,E060,V016,2026-07-07,2026-07-08,Delivered,1,1350.03,33
SH000297,PO003302,E109,V080,2025-03-29,2025-03-30,Delivered,1,1148.77,22
SH000298,PO003888,E038,V082,2024-12-17,2024-12-18,In-Transit,1,1284.64,26
SH000299,PO000976,E063,V048,2024-08-06,2024-08-08,In-Transit,1,1504.02,48
SH000300,PO000638,E066,V048,2025-04-26,2025-04-26,Delivered,1,175.82,4
SH000301,PO001965,E023,V044,2025-08-25,2025-08-26,Delivered,1,1571.28,29
SH000302,PO001599,E113,V076,2024-08-31,2024-09-02,Delivered,1,1441.52,47
SH000303,PO004899,E120,V069,2026-01-06,2026-01-07,Delivered,1,1504.72,28
SH000304,PO001163,E060,V080,2024-04-23,2024-04-23,Delivered,1,177.2,3
SH000305,PO000902,E039,V029,2025-01-17,2025-01-17,Delivered,1,339.49,8
SH000306,PO003059,E039,V044,2026-04-14,2026-04-16,Delivered,1,1618.22,38
SH000307,PO000081,E026,V022,2024-10-21,2024-10-22,Delivered,1,880.38,23
SH000308,PO003798,E085,V006,2025-11-27,2025-11-28,Delivered,1,1353.34,32
SH000309,PO003939,E118,V017,2024-11-04,2024-11-06,Delivered,1,1783.5,50
SH000310,PO004352,E056,V046,2025-09-09,2025-09-09,Delayed,1,414.92,12
SH000311,PO002240,E073,V070,2024-12-05,2024-12-05,Delivered,1,878.41,12
SH000312,PO000720,E078,V083,2024-07-12,2024-07-13,Delivered,1,1204.15,22
SH000313,PO004101,E024,V010,2026-01-02,2026-01-03,Delivered,1,917.5,20
SH000314,PO003449,E090,V004,2025-07-04,2025-07-06,Delivered,1,1527.08,54
SH000315,PO002936,E103,V032,2026-08-11,2026-08-12,Delivered,1,1001.73,32
SH000316,PO002249,E037,V037,2024-04-02,2024-04-03,Delivered,1,765.09,17
SH000317,PO003895,E063,V005,2024-08-24,2024-08-26,Delayed,1,1472.6,49
SH000318,PO002890,E088,V062,2026-08-11,2026-08-13,Delivered,1,1385.59,36
SH000319,PO003235,E039,V005,2024-07-07,2024-07-08,Delivered,1,814.31,21
SH000320,PO004190,E034,V025,2025-04-07,2025-04-08,Delivered,1,568.95,15
SH000321,PO003406,E069,V053,2025-07-30,2025-07-31,Delivered,1,468.66,16
SH000322,PO001668,E032,V060,2026-08-09,2026-08-10,Delivered,1,609.69,18
SH000323,PO000368,E031,V033,2024-12-28,2024-12-29,Delivered,1,1026.63,25
SH000324,PO002616,E081,V085,2024-07-31,2024-08-01,Delivered,1,1310.87,27
SH000325,PO003303,E080,V064,2024-07-15,2024-07-15,Delayed,1,183.66,6
SH000326,PO003429,E016,V020,2024-11-12,2024-11-12,Delivered,1,645.7,11
SH000327,PO000295,E054,V085,2024-05-11,2024-05-13,Delivered,1,1396.87,49
SH000328,PO001862,E070,V022,2025-08-19,2025-08-20,Delayed,1,620.99,31
SH000329,PO003805,E004,V088,2025-10-18,2025-10-18,Delivered,1,428.25,11
SH000330,PO001072,E025,V026,2026-07-10,2026-07-10,Delivered,1,356.62,12
SH000331,PO003211,E090,V041,2024-05-06,2024-05-07,Delivered,1,1170.62,35
SH000332,PO004079,E001,V056,2024-08-16,2024-08-19,Damaged,1,1590.73,63
SH000333,PO002257,E024,V077,2025-05-17,2025-05-19,Delivered,1,1314.52,43
SH000334,PO003451,E073,V082,2025-01-05,2025-01-08,Delayed,1,1534.08,64
SH000335,PO003299,E004,V029,2025-07-06,2025-07-06,Delivered,1,457.89,10
SH000336,PO001273,E061,V079,2025-04-30,2025-04-30,Delivered,1,454.38,9
SH000337,PO001047,E056,V047,2024-05-27,2024-05-27,Delivered,1,246.14,4
SH000338,PO001231,E030,V078,2024-07-03,2024-07-03,Delivered,1,133.23,3
SH000339,PO000969,E033,V066,2026-01-15,2026-01-17,Damaged,1,1743.34,46
SH000340,PO004950,E051,V076,2026-02-25,2026-02-26,Delivered,1,1677.93,34
SH000341,PO000136,E005,V080,2026-06-15,2026-06-17,Damaged,1,1673.9,59
SH000342,PO003291,E099,V041,2024-10-08,2024-10-08,In-Transit,1,242.28,5
SH000343,PO004541,E070,V035,2024-09-14,2024-09-15,Delivered,1,1508.02,29
SH000344,PO004702,E106,V082,2025-11-26,2025-11-26,Delayed,1,200.77,7
SH000345,PO003185,E014,V075,2025-09-30,2025-09-30,Delivered,1,176.41,4
SH000346,PO000896,E083,V077,2025-01-12,2025-01-14,Delivered,1,1690.68,39
SH000347,PO002652,E099,V079,2024-02-02,2024-02-03,Delivered,1,1268.78,21
SH000348,PO002342,E009,V052,2024-10-25,2024-10-25,Delivered,1,328.87,10
SH000349,PO001069,E113,V014,2024-09-13,2024-09-14,Damaged,1,873.14,28
SH000350,PO000149,E095,V002,2026-01-12,2026-01-13,Delivered,1,972.84,24
SH000351,PO000588,E075,V076,2024-05-08,2024-05-09,Delivered,1,1582.62,33
SH000352,PO002087,E074,V075,2025-06-22,2025-06-23,Delivered,1,931.77,18
SH000353,PO002845,E058,V058,2024-05-23,2024-05-24,Delivered,1,596.75,14
SH000354,PO002445,E075,V010,2025-05-07,2025-05-09,Damaged,1,1406.27,49
SH000355,PO004151,E071,V012,2024-11-04,2024-11-06,Delivered,1,1738.25,50
SH000356,PO003830,E029,V063,2024-10-04,2024-10-05,Delivered,1,1182.4,16
SH000357,PO003208,E053,V053,2024-10-10,2024-10-11,Delivered,1,1276.8,28
SH000358,PO001253,E063,V015,2024-05-24,2024-05-26,Delivered,1,1490.07,41
SH000359,PO001089,E043,V082,2024-04-10,2024-04-10,Delivered,1,394.54,9
SH000360,PO004517,E006,V037,2024-08-23,2024-08-24,Delivered,1,1643.26,34
SH000361,PO002695,E115,V077,2026-04-01,2026-04-02,Delivered,1,1020.47,25
SH000362,PO004597,E118,V068,2024-09-19,2024-09-20,Damaged,1,844.97,26
SH000363,PO003617,E119,V069,2026-03-18,2026-03-18,Delayed,1,63.75,3
SH000364,PO002186,E025,V065,2025-01-17,2025-01-18,Delivered,1,726.74,19
SH000365,PO000450,E050,V048,2025-11-09,2025-11-10,Delivered,1,682.2,14
SH000366,PO002190,E007,V020,2026-05-21,2026-05-22,Delivered,1,846.73,21
SH000367,PO004891,E080,V088,2025-11-15,2025-11-16,Delivered,1,1773.02,33
SH000368,PO003769,E012,V003,2026-04-26,2026-04-27,Delivered,1,1096.86,32
SH000369,PO000683,E104,V055,2024-01-27,2024-01-27,Damaged,1,70.24,2
SH000370,PO000870,E094,V033,2024-08-13,2024-08-14,Delivered,1,1168.73,21
SH000371,PO002187,E116,V090,2026-06-21,2026-06-21,Delayed,1,258.74,12
SH000372,PO002851,E059,V080,2025-09-13,2025-09-14,Delivered,1,1088.97,21
SH000373,PO004134,E069,V011,2025-10-16,2025-10-17,In-Transit,1,1726.39,28
SH000374,PO003335,E025,V081,2026-02-05,2026-02-09,Delayed,1,1746.41,97
SH000375,PO003232,E081,V064,2025-08-20,2025-08-21,Delivered,1,1201.03,27
SH000376,PO004257,E026,V082,2026-01-13,2026-01-14,Delayed,1,716.98,33
SH000377,PO004267,E031,V077,2025-10-29,2025-10-30,Delivered,1,983.18,34
SH000378,PO004437,E087,V063,2025-08-01,2025-08-04,Damaged,1,1743.99,62
SH000379,PO004878,E023,V058,2025-06-11,2025-06-13,Delivered,1,1511.17,50
SH000380,PO001988,E082,V018,2025-04-20,2025-04-21,Delivered,1,924.03,14
SH000381,PO000438,E074,V025,2026-05-18,2026-05-20,Delivered,1,1581.39,42
SH000382,PO000434,E068,V083,2024-06-17,2024-06-17,Delivered,1,150.93,4
SH000383,PO004266,E076,V013,2025-09-14,2025-09-15,Delivered,1,1190.75,32
SH000384,PO004081,E090,V005,2024-06-20,2024-06-20,Delivered,1,278.26,7
SH000385,PO000030,E067,V085,2024-05-28,2024-05-29,Delayed,1,1052.67,35
SH000386,PO000132,E021,V084,2025-03-07,2025-03-09,Delivered,1,1683.48,54
SH000387,PO004224,E008,V076,2026-06-18,2026-06-18,Delivered,1,129.38,4
SH000388,PO000995,E075,V003,2025-05-31,2025-05-31,Delayed,1,191.49,8
SH000389,PO000772,E099,V026,2024-06-29,2024-06-30,Delivered,1,1426.2,34
SH000390,PO000489,E084,V036,2025-09-24,2025-09-25,Delivered,1,942.21,22
SH000391,PO002854,E092,V011,2026-04-19,2026-04-21,Delivered,1,1420.57,36
SH000392,PO000946,E120,V043,2025-09-02,2025-09-03,Delivered,1,999.11,30
SH000393,PO001860,E006,V052,2024-06-05,2024-06-05,Delivered,1,215.43,5
SH000394,PO000484,E034,V021,2025-12-09,2025-12-10,Delivered,1,565.28,14
SH000395,PO002197,E105,V070,2024-03-09,2024-03-10,Damaged,1,648.0,20
SH000396,PO001892,E114,V009,2024-12-22,2024-12-22,Delivered,1,79.66,2
SH000397,PO003554,E060,V076,2026-03-15,2026-03-16,Delayed,1,518.87,22
SH000398,PO003209,E047,V004,2025-11-30,2025-11-30,Delivered,1,148.27,2
SH000399,PO003294,E002,V053,2026-07-29,2026-07-31,Delivered,1,1294.98,41
SH000400,PO003016,E036,V039,2024-04-21,2024-04-22,Damaged,1,680.17,31
SH000401,PO004173,E054,V060,2024-08-02,2024-08-03,Delivered,1,632.67,20
SH000402,PO000648,E073,V089,2024-03-22,2024-03-23,Delivered,1,1741.32,29
SH000403,PO002827,E032,V062,2024-02-12,2024-02-13,Delivered,1,1228.49,31
SH000404,PO002597,E035,V076,2024-06-02,2024-06-03,Delayed,1,829.63,19
SH000405,PO003124,E120,V022,2025-03-29,2025-03-30,Delivered,1,1049.56,19
SH000406,PO004273,E081,V036,2025-11-07,2025-11-10,Damaged,1,1782.94,79
SH000407,PO004940,E016,V011,2026-05-26,2026-05-28,Delivered,1,1792.49,36
SH000408,PO004540,E028,V087,2025-11-10,2025-11-12,Damaged,1,1426.46,60
SH000409,PO003814,E015,V030,2026-05-19,2026-05-21,Delayed,1,1370.45,51
SH000410,PO000235,E042,V026,2025-02-19,2025-02-20,Delivered,1,1062.17,20
SH000411,PO004648,E091,V012,2024-11-11,2024-11-11,Delivered,1,365.97,7
SH000412,PO002552,E087,V009,2025-08-30,2025-08-30,Delivered,1,559.37,12
SH000413,PO003856,E012,V054,2024-08-10,2024-08-11,Delivered,1,1347.17,31
SH000414,PO001126,E020,V057,2025-10-21,2025-10-21,Delivered,1,593.73,11
SH000415,PO003632,E003,V069,2025-08-28,2025-08-29,Damaged,1,330.59,14
SH000416,PO001890,E028,V067,2024-03-15,2024-03-16,Delivered,1,907.61,21
SH000417,PO001184,E095,V087,2025-02-28,2025-03-01,Delivered,1,1773.35,33
SH000418,PO001031,E073,V087,2026-05-19,2026-05-23,Delayed,1,1598.45,101
SH000419,PO004264,E114,V060,2026-03-24,2026-03-25,Delivered,1,1212.35,29
SH000420,PO004324,E094,V036,2025-09-02,2025-09-03,Delivered,1,1587.95,28
SH000421,PO000678,E011,V034,2026-04-14,2026-04-14,Delivered,1,96.42,2
SH000422,PO000987,E046,V004,2025-03-25,2025-03-27,Delivered,1,1448.04,47
SH000423,PO001329,E105,V045,2026-06-06,2026-06-08,Damaged,1,979.32,51
SH000424,PO003625,E024,V077,2025-10-03,2025-10-03,Delivered,1,45.7,2
SH000425,PO002636,E076,V049,2026-05-14,2026-05-15,Delivered,1,1476.77,31
SH000426,PO000412,E088,V038,2025-05-05,2025-05-06,Delivered,1,1540.36,33
SH000427,PO000008,E113,V063,2024-04-12,2024-04-12,Damaged,1,57.47,2
SH000428,PO001898,E114,V018,2026-05-03,2026-05-03,Delivered,1,251.96,6
SH000429,PO003683,E117,V059,2026-01-25,2026-01-26,Delivered,1,827.11,14
SH000430,PO003796,E034,V012,2025-06-25,2025-06-25,Delayed,1,222.66,11
SH000431,PO004840,E077,V008,2024-07-29,2024-07-30,Delivered,1,748.57,14
SH000432,PO003975,E045,V029,2025-08-07,2025-08-08,Delivered,1,818.64,21
SH000433,PO001907,E060,V011,2025-04-28,2025-04-28,Delayed,1,74.2,3
SH000434,PO000208,E034,V081,2026-07-14,2026-07-16,Delivered,1,1709.92,46
SH000435,PO003552,E108,V041,2026-03-11,2026-03-14,Delivered,1,1674.77,62
SH000436,PO004386,E065,V035,2025-06-13,2025-06-14,Delivered,1,1310.48,22
SH000437,PO002287,E077,V057,2024-04-04,2024-04-04,Delivered,1,264.05,10
SH000438,PO003589,E050,V047,2025-08-28,2025-08-29,Delivered,1,567.72,14
SH000439,PO003471,E075,V039,2025-12-22,2025-12-23,Delivered,1,1438.7,31
SH000440,PO003519,E110,V064,2024-06-12,2024-06-12,Delivered,1,109.44,2
SH000441,PO002626,E074,V068,2024-03-02,2024-03-03,Delivered,1,972.06,29
SH000442,PO002933,E031,V085,2025-11-24,2025-11-25,In-Transit,1,670.96,14
SH000443,PO004686,E039,V026,2025-09-17,2025-09-17,Delivered,1,152.04,3
SH000444,PO002146,E075,V079,2025-03-11,2025-03-14,Delayed,1,1692.59,66
SH000445,PO001469,E117,V058,2024-01-27,2024-01-28,Delivered,1,716.63,14
SH000446,PO003872,E006,V046,2024-10-26,2024-10-28,Delivered,1,1635.8,42
SH000447,PO000759,E018,V027,2025-03-11,2025-03-11,In-Transit,1,555.44,9
SH000448,PO003244,E010,V020,2024-06-14,2024-06-14,Delivered,1,212.56,4
SH000449,PO003782,E009,V003,2024-04-26,2024-04-27,Delayed,1,919.85,32
SH000450,PO001558,E070,V044,2024-06-24,2024-06-26,Delivered,1,1472.16,47
SH000451,PO002031,E109,V074,2025-02-28,2025-03-01,Delivered,1,1430.32,32
SH000452,PO001981,E052,V077,2024-11-10,2024-11-11,Delivered,1,1712.33,34
SH000453,PO002848,E120,V041,2026-06-18,2026-06-19,Delivered,1,1172.0,24
SH000454,PO002684,E120,V059,2024-12-20,2024-12-21,Delivered,1,899.58,24
SH000455,PO001995,E078,V059,2025-03-21,2025-03-21,Damaged,1,228.94,8
SH000456,PO002976,E090,V004,2025-02-26,2025-02-28,Delivered,1,1693.49,41
SH000457,PO004524,E036,V076,2024-01-24,2024-01-26,Damaged,1,1056.17,46
SH000458,PO002277,E089,V005,2024-10-28,2024-10-29,Delivered,1,870.4,29
SH000459,PO001001,E106,V025,2025-09-11,2025-09-13,Delivered,1,1455.79,37
SH000460,PO004726,E077,V066,2025-08-16,2025-08-17,Delayed,1,831.61,27
SH000461,PO003832,E099,V088,2026-03-26,2026-03-27,Delivered,1,908.09,26
SH000462,PO002379,E020,V030,2026-02-27,2026-03-01,Delivered,1,1279.43,40
SH000463,PO003146,E042,V042,2026-05-23,2026-05-24,Delivered,1,833.95,31
SH000464,PO000185,E055,V025,2025-03-29,2025-03-31,Delivered,1,1349.48,36
SH000465,PO001404,E072,V061,2025-05-14,2025-05-16,Delivered,1,1772.97,41
SH000466,PO000557,E057,V067,2024-11-12,2024-11-13,Delivered,1,1634.87,28
SH000467,PO001307,E111,V060,2025-12-21,2025-12-23,Delivered,1,1496.84,50
SH000468,PO001285,E059,V087,2024-08-04,2024-08-05,Delivered,1,1224.83,19
SH000469,PO004055,E051,V057,2024-12-30,2025-01-01,Delivered,1,1248.05,43
SH000470,PO003977,E006,V018,2026-03-03,2026-03-04,Damaged,1,918.83,26
SH000471,PO002608,E116,V049,2026-07-28,2026-07-28,In-Transit,1,504.25,12
SH000472,PO002623,E083,V053,2025-09-03,2025-09-03,Delivered,1,347.54,6
SH000473,PO004989,E089,V002,2025-08-12,2025-08-14,Delivered,1,1427.51,48
SH000474,PO001466,E092,V018,2025-01-14,2025-01-16,Damaged,1,803.36,44
SH000475,PO000458,E062,V026,2024-04-20,2024-04-21,Delivered,1,1010.02,28
SH000476,PO004120,E072,V033,2026-05-17,2026-05-18,Delivered,1,806.55,22
SH000477,PO002463,E052,V016,2024-12-14,2024-12-15,Delayed,1,719.9,31
SH000478,PO001687,E077,V054,2025-03-05,2025-03-06,Delayed,1,801.29,28
SH000479,PO000856,E108,V024,2026-04-15,2026-04-15,Delivered,1,323.17,8
SH000480,PO004769,E004,V085,2026-03-05,2026-03-07,Damaged,1,997.82,40
SH000481,PO002464,E094,V003,2025-11-25,2025-11-25,Delayed,1,174.31,5
SH000482,PO004209,E002,V032,2025-08-08,2025-08-10,Delivered,1,1541.31,49
SH000483,PO002090,E083,V037,2025-05-29,2025-05-30,Delivered,1,1016.94,21
SH000484,PO004966,E042,V018,2024-02-05,2024-02-07,Damaged,1,909.77,60
SH000485,PO003868,E069,V008,2024-06-25,2024-06-27,Delayed,1,797.35,38
SH000486,PO002444,E026,V032,2025-06-17,2025-06-17,Delivered,1,238.14,9
SH000487,PO001969,E088,V048,2024-09-11,2024-09-13,Delayed,1,1558.49,55
SH000488,PO000127,E095,V033,2024-07-30,2024-08-01,Delivered,1,1695.0,54
SH000489,PO001615,E017,V018,2026-07-29,2026-07-31,Delivered,1,1534.62,40
SH000490,PO001153,E057,V084,2025-07-09,2025-07-11,Delivered,1,1502.24,39
SH000491,PO002457,E039,V077,2025-09-20,2025-09-21,Delivered,1,557.67,13
SH000492,PO000476,E095,V005,2025-10-16,2025-10-18,Delivered,1,1706.05,45
SH000493,PO001781,E103,V001,2024-03-16,2024-03-17,Delivered,1,621.02,16
SH000494,PO000455,E107,V001,2024-05-27,2024-05-29,Delivered,1,1759.47,43
SH000495,PO000192,E108,V023,2026-05-04,2026-05-08,Delayed,1,1702.27,88
SH000496,PO000168,E062,V032,2026-03-12,2026-03-13,Delivered,1,1354.0,31
SH000497,PO003990,E105,V006,2024-03-22,2024-03-23,Delivered,1,1563.53,30
SH000498,PO002533,E109,V069,2026-01-06,2026-01-07,Delivered,1,433.99,13
SH000499,PO000567,E091,V090,2025-07-08,2025-07-10,Delivered,1,1257.08,48
SH000500,PO003477,E041,V084,2024-01-21,2024-01-22,Delivered,1,1685.08,34
SH000501,PO002004,E026,V075,2025-09-23,2025-09-23,Delivered,1,70.7,2
SH000502,PO001491,E068,V078,2024-03-29,2024-03-31,Delivered,1,1704.21,46
SH000503,PO000402,E068,V063,2025-07-15,2025-07-15,Delivered,1,581.74,11
SH000504,PO004380,E089,V016,2024-04-17,2024-04-18,Delivered,1,639.56,20
SH000505,PO003416,E023,V005,2024-03-25,2024-03-26,Delivered,1,1031.84,16
SH000506,PO000513,E023,V007,2026-01-27,2026-01-29,Delayed,1,1204.89,45
SH000507,PO003724,E053,V067,2025-08-11,2025-08-13,Delivered,1,1593.5,54
SH000508,PO001914,E093,V010,2025-12-21,2025-12-22,Damaged,1,572.38,20
SH000509,PO004916,E002,V014,2025-11-01,2025-11-02,Delivered,1,966.41,23
SH000510,PO002859,E011,V062,2026-07-14,2026-07-16,Delivered,1,1429.49,60
SH000511,PO003633,E015,V073,2025-11-07,2025-11-08,Delivered,1,1732.12,29
SH000512,PO000409,E013,V002,2024-03-19,2024-03-21,Delivered,1,1274.56,42
SH000513,PO001270,E033,V064,2025-06-28,2025-06-30,Damaged,1,1010.25,43
SH000514,PO003379,E102,V033,2024-07-23,2024-07-25,Delivered,1,1701.6,48
SH000515,PO004688,E037,V046,2025-10-28,2025-10-29,Delivered,1,1256.12,33
SH000516,PO001636,E015,V031,2025-06-21,2025-06-22,Delivered,1,729.91,19
SH000517,PO001813,E013,V003,2025-08-04,2025-08-04,Delivered,1,245.59,6
SH000518,PO003054,E083,V023,2025-10-26,2025-10-26,Delivered,1,316.7,10
SH000519,PO001425,E088,V015,2025-04-05,2025-04-07,Delivered,1,1628.25,36
SH000520,PO001576,E082,V025,2026-07-23,2026-07-24,Delivered,1,754.08,19
SH000521,PO003127,E068,V088,2026-06-21,2026-06-21,Delayed,1,121.73,8
SH000522,PO002789,E027,V018,2026-04-11,2026-04-12,Delivered,1,875.65,17
SH000523,PO003304,E042,V007,2026-03-08,2026-03-08,Delivered,1,90.98,3
SH000524,PO004496,E024,V054,2024-12-06,2024-12-06,Delivered,1,68.96,2
SH000525,PO001330,E051,V053,2026-04-30,2026-04-30,Delivered,1,286.74,6
SH000526,PO001378,E053,V056,2025-09-11,2025-09-12,In-Transit,1,557.49,13
SH000527,PO000649,E059,V020,2025-05-22,2025-05-23,Delivered,1,1331.21,29
SH000528,PO001868,E026,V057,2024-01-26,2024-01-27,Delayed,1,312.71,15
SH000529,PO001822,E028,V014,2025-11-11,2025-11-11,Delivered,1,157.17,5
SH000530,PO003524,E119,V083,2025-11-15,2025-11-15,Delivered,1,340.2,5
SH000531,PO000005,E062,V006,2025-09-06,2025-09-07,Damaged,1,677.95,31
SH000532,PO003109,E007,V048,2026-08-10,2026-08-10,Delivered,1,293.28,10
SH000533,PO001932,E025,V016,2024-02-14,2024-02-15,Delivered,1,1232.93,24
SH000534,PO001594,E001,V064,2026-06-13,2026-06-14,Delivered,1,1149.86,28
SH000535,PO000731,E109,V053,2026-01-16,2026-01-16,Delivered,1,137.96,3
SH000536,PO003493,E019,V014,2024-12-21,2024-12-22,Damaged,1,740.52,33
SH000537,PO004503,E004,V008,2026-05-26,2026-05-27,Delivered,1,1112.34,30
SH000538,PO000762,E098,V058,2024-07-07,2024-07-08,In-Transit,1,933.37,25
SH000539,PO002624,E115,V008,2024-02-07,2024-02-08,Damaged,1,411.06,15
SH000540,PO000382,E083,V019,2025-06-11,2025-06-12,Delivered,1,1174.84,34
SH000541,PO002937,E074,V047,2025-09-18,2025-09-19,Delivered,1,567.74,17
SH000542,PO002576,E071,V090,2026-03-08,2026-03-09,Delivered,1,1052.49,16
SH000543,PO003131,E079,V016,2026-08-04,2026-08-05,Delivered,1,1335.98,22
SH000544,PO002907,E054,V043,2024-02-07,2024-02-08,In-Transit,1,714.88,18
SH000545,PO000419,E091,V023,2024-06-01,2024-06-01,Delivered,1,76.86,2
SH000546,PO001207,E065,V021,2025-05-22,2025-05-22,Delivered,1,462.71,9
SH000547,PO001396,E001,V044,2026-02-05,2026-02-06,Delivered,1,1371.06,34
SH000548,PO002141,E113,V026,2024-06-01,2024-06-02,Damaged,1,1063.21,33
SH000549,PO002497,E034,V079,2025-05-13,2025-05-14,Delivered,1,665.24,13
SH000550,PO004250,E071,V037,2024-12-09,2024-12-11,Delivered,1,1481.43,51
SH000551,PO002042,E047,V019,2026-03-02,2026-03-04,Delayed,1,751.62,38
SH000552,PO004988,E102,V082,2024-12-18,2024-12-18,Delivered,1,681.0,11
SH000553,PO001281,E066,V052,2024-09-27,2024-09-28,Delivered,1,591.85,13
SH000554,PO004394,E120,V004,2024-11-20,2024-11-21,Delivered,1,715.15,16
SH000555,PO000347,E041,V030,2024-04-19,2024-04-22,Delivered,1,1729.89,62
SH000556,PO001036,E029,V064,2024-04-14,2024-04-14,Delayed,1,98.11,4
SH000557,PO001337,E044,V088,2025-08-02,2025-08-02,Delayed,1,386.18,12
SH000558,PO001397,E004,V058,2024-08-19,2024-08-21,Delivered,1,1196.83,38
SH000559,PO003551,E114,V065,2025-01-12,2025-01-14,Delivered,1,1762.27,43
SH000560,PO001344,E037,V041,2025-05-24,2025-05-26,Delivered,1,1612.26,42
SH000561,PO000227,E079,V065,2026-07-31,2026-07-31,Delivered,1,254.83,5
SH000562,PO002429,E014,V052,2025-12-07,2025-12-07,Damaged,1,227.49,9
SH000563,PO002390,E001,V055,2025-06-21,2025-06-21,Delivered,1,467.06,9
SH000564,PO001839,E098,V064,2026-06-16,2026-06-17,Delivered,1,1519.84,29
SH000565,PO001630,E056,V052,2024-02-27,2024-03-01,Delayed,1,1746.43,76
SH000566,PO003385,E070,V015,2026-04-20,2026-04-21,Delivered,1,1333.56,25
SH000567,PO004254,E091,V021,2024-03-08,2024-03-08,Delivered,1,506.0,10
SH000568,PO004349,E078,V081,2024-06-25,2024-06-26,Delivered,1,1316.15,25
SH000569,PO001870,E016,V074,2026-05-01,2026-05-01,Delivered,1,398.0,6
SH000570,PO000465,E010,V080,2025-06-17,2025-06-21,Damaged,1,1679.63,89
SH000571,PO001250,E050,V023,2026-02-18,2026-02-19,Delivered,1,928.33,23
SH000572,PO003468,E088,V019,2025-06-04,2025-06-05,Delayed,1,1016.08,34
SH000573,PO001264,E065,V030,2024-04-04,2024-04-06,Delivered,1,1754.4,54
SH000574,PO000420,E088,V037,2024-07-22,2024-07-23,Delivered,1,557.05,13
SH000575,PO000541,E055,V018,2025-09-07,2025-09-09,Delivered,1,1796.87,41
SH000576,PO000808,E050,V057,2026-03-20,2026-03-22,Delivered,1,1359.85,45
SH000577,PO003361,E007,V076,2025-08-20,2025-08-20,Delivered,1,160.98,3
SH000578,PO003772,E048,V034,2025-04-19,2025-04-21,Delivered,1,1775.02,52
SH000579,PO004922,E029,V049,2024-10-01,2024-10-04,Delivered,1,1769.94,63
SH000580,PO003641,E021,V083,2026-06-24,2026-06-25,Delivered,1,599.15,21
SH000581,PO001027,E082,V007,2025-04-17,2025-04-17,In-Transit,1,181.62,4
SH000582,PO004996,E058,V026,2026-04-06,2026-04-06,Delivered,1,235.48,6
SH000583,PO004292,E050,V007,2024-06-12,2024-06-13,Delayed,1,1221.81,31
SH000584,PO002424,E010,V022,2024-08-11,2024-08-14,In-Transit,1,1767.73,63
SH000585,PO000884,E009,V088,2024-06-09,2024-06-11,In-Transit,1,1526.3,40
SH000586,PO001416,E029,V017,2024-09-09,2024-09-11,Delivered,1,1568.81,42
SH000587,PO002705,E031,V081,2025-02-17,2025-02-19,Delivered,1,1654.19,40
SH000588,PO001972,E017,V066,2025-09-28,2025-09-29,Delivered,1,570.42,13
SH000589,PO003464,E002,V030,2024-08-06,2024-08-06,Delivered,1,648.09,12
SH000590,PO003651,E094,V016,2024-11-25,2024-11-25,Delivered,1,275.32,7
SH000591,PO001389,E047,V027,2024-04-24,2024-04-25,Delivered,1,881.29,13
SH000592,PO003946,E029,V090,2025-08-18,2025-08-19,Delivered,1,1213.11,23
SH000593,PO001583,E063,V028,2026-05-31,2026-06-02,Delayed,1,1606.25,58
SH000594,PO003107,E118,V001,2025-11-24,2025-11-25,Delivered,1,972.44,19
SH000595,PO003864,E086,V022,2026-04-17,2026-04-18,Delivered,1,582.68,15
SH000596,PO002435,E115,V082,2025-03-21,2025-03-21,Delivered,1,315.4,6
SH000597,PO001118,E014,V012,2024-07-25,2024-07-27,Damaged,1,1737.77,48
SH000598,PO000405,E044,V013,2026-01-14,2026-01-14,Delivered,1,370.85,7
SH000599,PO003520,E067,V074,2026-03-19,2026-03-21,Delivered,1,1398.25,54
SH000600,PO004418,E080,V035,2024-02-25,2024-02-25,Delivered,1,297.95,9
SH000601,PO001728,E016,V082,2026-04-19,2026-04-20,Delivered,1,771.48,18
SH000602,PO003702,E062,V064,2024-06-25,2024-06-26,Delivered,1,981.27,22
SH000603,PO002369,E069,V072,2024-04-15,2024-04-18,Damaged,1,1657.01,73
SH000604,PO003603,E116,V060,2024-11-03,2024-11-04,Delivered,1,1048.16,23
SH000605,PO003778,E020,V057,2024-05-06,2024-05-08,Delivered,1,1263.91,51
SH000606,PO002185,E112,V050,2024-09-19,2024-09-19,Delivered,1,285.63,5
SH000607,PO004783,E009,V081,2025-11-10,2025-11-11,Delivered,1,487.89,17
SH000608,PO003311,E033,V002,2026-05-26,2026-05-27,Delivered,1,1295.1,32
SH000609,PO002670,E011,V070,2025-12-05,2025-12-06,Delivered,1,1182.31,29
SH000610,PO000251,E013,V069,2024-09-01,2024-09-03,Delivered,1,1364.25,46
SH000611,PO003392,E008,V087,2025-09-25,2025-09-26,In-Transit,1,1384.92,25
SH000612,PO000284,E026,V034,2024-06-04,2024-06-05,Delivered,1,1023.77,28
SH000613,PO001295,E110,V079,2026-02-19,2026-02-19,Delivered,1,249.67,9
SH000614,PO004083,E005,V077,2025-05-02,2025-05-04,Delivered,1,1534.26,44
SH000615,PO000611,E047,V001,2024-08-16,2024-08-17,Delivered,1,1382.13,35
SH000616,PO002415,E066,V073,2026-02-15,2026-02-16,Delivered,1,856.56,20
SH000617,PO000966,E073,V015,2026-06-10,2026-06-12,Delivered,1,1629.04,43
SH000618,PO003709,E040,V039,2025-10-03,2025-10-03,Delivered,1,89.6,2
SH000619,PO004980,E002,V088,2026-05-28,2026-05-29,Delivered,1,879.38,16
SH000620,PO001025,E013,V035,2025-11-08,2025-11-10,Delivered,1,1745.75,42
SH000621,PO004985,E117,V057,2025-02-21,2025-02-22,Delivered,1,1001.4,30
SH000622,PO003720,E054,V068,2025-01-25,2025-01-25,Delivered,1,257.67,7
SH000623,PO001569,E006,V055,2024-01-11,2024-01-13,Delivered,1,1641.45,58
SH000624,PO003852,E059,V073,2025-08-22,2025-08-23,Delivered,1,1204.6,27
SH000625,PO004202,E008,V027,2026-08-10,2026-08-12,Delayed,1,941.31,43
SH000626,PO003854,E067,V002,2024-03-01,2024-03-02,Delivered,1,1454.59,34
SH000627,PO000570,E037,V005,2026-06-26,2026-06-26,Delivered,1,409.48,10
SH000628,PO000769,E044,V033,2024-06-04,2024-06-04,Delivered,1,126.17,3
SH000629,PO004882,E001,V005,2025-12-08,2025-12-10,Damaged,1,1048.89,37
SH000630,PO001852,E024,V035,2025-08-15,2025-08-16,Delivered,1,1178.34,16
SH000631,PO003092,E057,V066,2024-02-08,2024-02-10,Delivered,1,1683.47,42
SH000632,PO004335,E117,V039,2024-06-21,2024-06-23,Delivered,1,1775.68,52
SH000633,PO000693,E007,V043,2026-03-30,2026-03-30,Delivered,1,265.35,8
SH000634,PO003336,E021,V089,2025-09-15,2025-09-16,Delivered,1,747.71,13
SH000635,PO001643,E059,V065,2024-04-10,2024-04-11,Delivered,1,1292.79,30
SH000636,PO000758,E052,V079,2025-03-11,2025-03-12,Delivered,1,1738.4,27
SH000637,PO002013,E078,V040,2024-07-29,2024-07-30,Delivered,1,1250.84,30
SH000638,PO000228,E008,V087,2026-01-07,2026-01-08,In-Transit,1,1105.68,25
SH000639,PO003031,E076,V061,2024-11-16,2024-11-17,Delivered,1,390.74,13
SH000640,PO002196,E077,V073,2025-06-25,2025-06-25,Delivered,1,266.98,4
SH000641,PO000910,E026,V083,2024-05-04,2024-05-05,Delivered,1,1555.66,29
SH000642,PO004029,E027,V061,2026-06-17,2026-06-17,Delivered,1,583.8,12
SH000643,PO001145,E102,V067,2024-12-23,2024-12-24,Damaged,1,375.26,24
SH000644,PO001394,E065,V089,2024-10-26,2024-10-26,Delivered,1,228.7,6
SH000645,PO003096,E116,V077,2025-10-01,2025-10-02,Delivered,1,989.87,14
SH000646,PO001407,E060,V033,2025-04-09,2025-04-10,Delivered,1,411.15,14
SH000647,PO004001,E081,V019,2026-04-29,2026-05-01,Delivered,1,1426.99,43
SH000648,PO001000,E058,V059,2024-08-01,2024-08-04,Delayed,1,1335.13,78
SH000649,PO004546,E050,V071,2024-06-11,2024-06-13,Delayed,1,999.91,40
SH000650,PO000134,E059,V062,2025-08-25,2025-08-26,Delivered,1,1275.59,25
SH000651,PO004798,E106,V048,2026-08-09,2026-08-10,Delivered,1,1345.2,27
SH000652,PO003952,E052,V068,2025-06-03,2025-06-04,Damaged,1,560.45,30
SH000653,PO001545,E094,V009,2025-07-29,2025-07-31,Damaged,1,590.04,37
SH000654,PO000798,E043,V040,2026-07-08,2026-07-10,Delivered,1,1227.5,43
SH000655,PO002106,E071,V034,2026-07-22,2026-07-23,Delivered,1,1246.62,28
SH000656,PO003100,E114,V046,2026-02-19,2026-02-22,Delayed,1,1421.5,74
SH000657,PO002930,E029,V052,2026-04-25,2026-04-26,Delivered,1,737.02,17
SH000658,PO000373,E101,V038,2024-07-10,2024-07-13,Delivered,1,1796.36,61
SH000659,PO003428,E043,V084,2024-08-04,2024-08-05,Damaged,1,437.84,15
SH000660,PO000947,E088,V024,2024-05-16,2024-05-17,Delayed,1,746.65,26
SH000661,PO004507,E095,V061,2025-04-30,2025-04-30,Delivered,1,371.15,11
SH000662,PO003750,E044,V003,2025-11-18,2025-11-19,Damaged,1,1019.2,31
SH000663,PO002383,E088,V011,2024-08-29,2024-08-30,Delivered,1,1077.36,23
SH000664,PO001436,E118,V014,2026-04-11,2026-04-12,Delivered,1,1727.0,28
SH000665,PO002492,E023,V090,2024-11-09,2024-11-10,Delivered,1,826.7,20
SH000666,PO004233,E078,V012,2024-01-20,2024-01-21,Delivered,1,622.5,18
SH000667,PO002563,E017,V069,2025-07-18,2025-07-20,Delivered,1,1220.9,43
SH000668,PO002208,E096,V007,2024-07-20,2024-07-20,Delivered,1,83.21,3
SH000669,PO003065,E105,V048,2026-06-24,2026-06-24,Delivered,1,239.88,4
SH000670,PO002014,E066,V036,2025-08-30,2025-09-01,Damaged,1,804.74,54
SH000671,PO000159,E022,V027,2024-04-10,2024-04-11,Delivered,1,771.27,15
SH000672,PO003169,E060,V054,2024-04-07,2024-04-08,Delivered,1,1426.15,33
SH000673,PO000998,E094,V020,2026-05-07,2026-05-08,In-Transit,1,574.93,14
SH000674,PO002076,E109,V024,2025-08-09,2025-08-10,Damaged,1,593.13,34
SH000675,PO001623,E074,V041,2024-03-13,2024-03-14,Delivered,1,1030.37,29
SH000676,PO003945,E001,V032,2024-05-26,2024-05-27,Delivered,1,1167.09,22
SH000677,PO003564,E011,V016,2025-02-08,2025-02-09,Delivered,1,1094.91,16
SH000678,PO002611,E066,V070,2024-11-10,2024-11-11,Delivered,1,727.64,13
SH000679,PO004760,E028,V078,2024-12-03,2024-12-03,Delivered,1,366.34,9
SH000680,PO004717,E108,V020,2026-03-17,2026-03-18,Delivered,1,1537.88,35
SH000681,PO003882,E094,V081,2024-11-12,2024-11-13,Damaged,1,732.37,17
SH000682,PO000319,E102,V049,2024-11-15,2024-11-17,Damaged,1,1481.98,57
SH000683,PO003470,E067,V046,2025-02-16,2025-02-17,Delivered,1,1726.05,34
SH000684,PO002036,E070,V079,2025-03-03,2025-03-03,Delivered,1,125.41,4
SH000685,PO001020,E073,V080,2024-07-01,2024-07-02,Delivered,1,547.41,13
SH000686,PO001809,E088,V048,2025-01-18,2025-01-20,Delivered,1,1732.6,40
SH000687,PO000708,E031,V076,2024-12-01,2024-12-01,Delivered,1,101.99,2
SH000688,PO001243,E023,V015,2024-02-03,2024-02-05,Damaged,1,955.09,44
SH000689,PO003321,E034,V069,2026-02-19,2026-02-21,Delivered,1,1412.03,38
SH000690,PO001215,E088,V060,2025-06-25,2025-06-26,Delivered,1,849.26,18
SH000691,PO000520,E117,V058,2025-07-27,2025-07-30,Delayed,1,1423.63,77
SH000692,PO002693,E100,V013,2026-01-26,2026-01-27,Delivered,1,902.88,18
SH000693,PO002790,E016,V078,2026-02-06,2026-02-08,Delivered,1,1419.95,37
SH000694,PO002109,E091,V048,2026-07-18,2026-07-20,Delivered,1,1363.81,37
SH000695,PO004603,E077,V036,2025-01-10,2025-01-11,Delivered,1,1363.96,28
SH000696,PO000055,E020,V026,2025-12-15,2025-12-15,Delivered,1,66.28,1
SH000697,PO004234,E067,V011,2024-07-22,2024-07-22,Delivered,1,276.04,4
SH000698,PO004147,E093,V090,2024-02-19,2024-02-20,Damaged,1,1027.86,22
SH000699,PO001537,E015,V044,2026-05-10,2026-05-12,In-Transit,1,1415.28,40
SH000700,PO003531,E034,V084,2024-07-11,2024-07-13,Delivered,1,1793.37,39
SH000701,PO003978,E090,V025,2025-01-20,2025-01-21,Delivered,1,1285.89,20
SH000702,PO003853,E103,V038,2024-05-25,2024-05-27,Delivered,1,1725.1,46
SH000703,PO004217,E116,V051,2025-09-01,2025-09-01,Delivered,1,46.79,1
SH000704,PO003430,E062,V015,2026-07-08,2026-07-10,Delivered,1,1758.06,52
SH000705,PO002274,E051,V072,2025-02-26,2025-02-28,Delivered,1,1686.41,41
SH000706,PO001035,E094,V011,2026-01-27,2026-01-27,Delayed,1,253.67,9
SH000707,PO003974,E120,V014,2024-11-05,2024-11-06,Delayed,1,634.33,18
SH000708,PO003276,E113,V032,2026-06-13,2026-06-14,Delivered,1,1552.82,30
SH000709,PO002164,E018,V020,2025-02-14,2025-02-15,Delayed,1,667.12,17
SH000710,PO001621,E044,V036,2024-09-19,2024-09-22,Damaged,1,1640.77,65
SH000711,PO000236,E044,V044,2024-06-22,2024-06-24,Delivered,1,1474.56,41
SH000712,PO002372,E117,V054,2025-02-07,2025-02-08,Delivered,1,1363.69,25
SH000713,PO004045,E038,V019,2025-01-21,2025-01-24,In-Transit,1,1775.14,61
SH000714,PO004385,E011,V067,2025-12-25,2025-12-26,Delivered,1,1194.51,33
SH000715,PO000668,E012,V085,2026-05-06,2026-05-07,Delivered,1,857.36,22
SH000716,PO003613,E068,V047,2026-04-19,2026-04-19,Delayed,1,102.95,3
SH000717,PO002020,E090,V010,2024-11-18,2024-11-19,In-Transit,1,593.8,13
SH000718,PO003706,E031,V061,2024-01-17,2024-01-18,Delivered,1,1622.98,35
SH000719,PO001350,E092,V007,2025-07-13,2025-07-14,Delivered,1,1762.71,30
SH000720,PO002428,E027,V060,2025-12-18,2025-12-19,Delivered,1,912.21,16
SH000721,PO003144,E025,V048,2026-01-08,2026-01-09,Delivered,1,1269.51,34
SH000722,PO000765,E118,V081,2026-08-06,2026-08-08,Delivered,1,1673.61,49
SH000723,PO003995,E013,V079,2024-06-08,2024-06-09,Delivered,1,1594.84,31
SH000724,PO004771,E053,V012,2024-03-12,2024-03-13,Delivered,1,1199.69,33
SH000725,PO001756,E077,V044,2024-10-29,2024-10-30,Delivered,1,679.8,22
SH000726,PO002430,E107,V069,2025-12-02,2025-12-04,Delivered,1,1387.42,48
SH000727,PO003777,E066,V023,2024-01-07,2024-01-08,Delivered,1,1242.54,34
SH000728,PO003020,E111,V061,2024-11-28,2024-11-28,Delayed,1,211.38,6
SH000729,PO003269,E036,V046,2026-02-27,2026-03-01,Delivered,1,1723.62,48
SH000730,PO003576,E087,V047,2026-08-04,2026-08-06,Delivered,1,1778.81,50
SH000731,PO004246,E085,V002,2025-01-09,2025-01-10,Delivered,1,1018.6,26
SH000732,PO003752,E023,V057,2024-11-02,2024-11-03,Delivered,1,750.36,17
SH000733,PO003599,E072,V075,2024-03-24,2024-03-26,Delivered,1,1758.95,40
SH000734,PO002183,E028,V008,2026-03-15,2026-03-16,Delivered,1,677.35,13
SH000735,PO002022,E071,V045,2025-01-09,2025-01-10,Delayed,1,502.9,14
SH000736,PO004941,E089,V068,2026-07-18,2026-07-20,Delivered,1,1792.64,56
SH000737,PO000857,E065,V036,2025-03-10,2025-03-11,Delivered,1,1453.87,33
SH000738,PO004741,E091,V063,2026-03-02,2026-03-03,Delivered,1,1550.06,24
SH000739,PO000579,E092,V005,2024-03-01,2024-03-02,Delivered,1,1689.31,23
SH000740,PO004822,E036,V018,2024-05-01,2024-05-03,Delivered,1,1274.74,47
SH000741,PO002656,E020,V022,2025-12-01,2025-12-02,Delivered,1,694.01,16
SH000742,PO001642,E118,V007,2025-05-17,2025-05-19,Delivered,1,1530.56,40
SH000743,PO001045,E075,V020,2025-08-05,2025-08-06,Delivered,1,1345.06,35
SH000744,PO001764,E043,V042,2026-02-13,2026-02-14,Delivered,1,716.24,15
SH000745,PO000207,E085,V032,2024-09-17,2024-09-18,Delivered,1,1124.31,24
SH000746,PO003176,E040,V012,2025-12-06,2025-12-06,Delivered,1,370.95,6
SH000747,PO003465,E077,V026,2026-01-23,2026-01-24,Delayed,1,1023.17,32
SH000748,PO003205,E058,V057,2026-02-26,2026-02-28,Delivered,1,1774.77,37
SH000749,PO000099,E043,V017,2024-07-17,2024-07-19,Delivered,1,1331.54,37
SH000750,PO000277,E030,V038,2024-06-20,2024-06-21,Delayed,1,561.6,29
SH000751,PO000681,E031,V047,2024-11-17,2024-11-17,Delivered,1,305.83,6
SH000752,PO004466,E105,V081,2025-05-16,2025-05-18,Delivered,1,1676.72,58
SH000753,PO003018,E110,V023,2025-11-28,2025-11-28,Damaged,1,299.88,10
SH000754,PO001676,E106,V007,2026-08-08,2026-08-09,In-Transit,1,392.65,14
SH000755,PO004206,E049,V034,2024-01-28,2024-01-31,Damaged,1,1143.46,62
SH000756,PO003038,E038,V050,2024-11-21,2024-11-22,Delivered,1,1046.93,16
SH000757,PO000624,E120,V054,2024-10-04,2024-10-05,Delivered,1,1533.03,30
SH000758,PO002786,E052,V044,2025-08-21,2025-08-22,Delivered,1,1184.47,18
SH000759,PO000023,E002,V075,2025-10-29,2025-10-30,Delivered,1,453.07,14
SH000760,PO000725,E094,V010,2025-11-18,2025-11-20,Delivered,1,1248.11,48
SH000761,PO000505,E067,V072,2026-02-20,2026-02-22,Delivered,1,1099.79,43
SH000762,PO002361,E023,V018,2024-05-28,2024-05-29,Delivered,1,1305.72,24
SH000763,PO001014,E020,V010,2026-04-11,2026-04-12,Delivered,1,708.14,25
SH000764,PO004860,E008,V027,2024-08-28,2024-08-31,Damaged,1,1637.34,82
SH000765,PO002220,E095,V016,2025-02-24,2025-02-25,Delivered,1,1670.89,34
SH000766,PO001678,E065,V090,2025-10-07,2025-10-08,Delivered,1,471.31,19
SH000767,PO000175,E054,V039,2026-03-13,2026-03-15,Delivered,1,1541.44,41
SH000768,PO002397,E061,V059,2025-01-10,2025-01-12,Delivered,1,1799.21,36
SH000769,PO000723,E088,V040,2024-02-13,2024-02-14,Delayed,1,827.26,32
SH000770,PO002824,E036,V056,2026-07-26,2026-07-28,Delivered,1,1282.55,36
SH000771,PO001830,E084,V025,2025-09-08,2025-09-08,Delivered,1,141.91,4
SH000772,PO003713,E003,V044,2026-05-11,2026-05-12,Delivered,1,1054.98,24
SH000773,PO002542,E064,V002,2025-08-23,2025-08-24,Damaged,1,725.34,33
SH000774,PO002602,E076,V023,2025-07-22,2025-07-24,Damaged,1,1257.23,48
SH000775,PO003923,E075,V009,2024-07-06,2024-07-07,Delayed,1,518.53,31
SH000776,PO002585,E087,V008,2024-03-23,2024-03-24,In-Transit,1,1363.08,27
SH000777,PO000930,E035,V006,2025-03-15,2025-03-16,Delivered,1,843.75,29
SH000778,PO003916,E072,V067,2026-07-15,2026-07-16,Delayed,1,949.21,32
SH000779,PO003828,E029,V023,2026-05-09,2026-05-09,Delivered,1,273.92,11
SH000780,PO003494,E081,V008,2025-07-02,2025-07-05,Delayed,1,1274.02,65
SH000781,PO002337,E088,V009,2026-08-05,2026-08-05,Delivered,1,115.28,3
SH000782,PO001823,E005,V043,2024-07-29,2024-07-31,Delayed,1,1494.35,59
SH000783,PO004240,E036,V015,2024-05-18,2024-05-18,Delivered,1,367.55,8
SH000784,PO003050,E077,V062,2024-12-21,2024-12-22,In-Transit,1,824.69,17
SH000785,PO003753,E048,V068,2026-06-11,2026-06-12,Delivered,1,862.34,29
SH000786,PO002450,E105,V077,2025-06-23,2025-06-23,Delayed,1,270.89,7
SH000787,PO001165,E016,V010,2025-10-16,2025-10-17,Delivered,1,794.2,21
SH000788,PO004223,E041,V055,2024-06-11,2024-06-11,Delivered,1,169.0,3
SH000789,PO001627,E033,V049,2025-10-28,2025-10-28,Delivered,1,216.49,4
SH000790,PO001412,E076,V027,2025-09-23,2025-09-25,Delivered,1,1563.76,43
SH000791,PO001191,E109,V070,2025-03-22,2025-03-24,Delivered,1,1703.05,37
SH000792,PO004556,E035,V026,2024-03-12,2024-03-12,Delayed,1,315.85,12
SH000793,PO004571,E046,V038,2025-10-10,2025-10-10,Delivered,1,472.43,11
SH000794,PO001158,E018,V073,2024-05-24,2024-05-25,Delivered,1,1549.45,34
SH000795,PO000953,E039,V077,2026-03-24,2026-03-25,Delivered,1,754.84,19
SH000796,PO004927,E086,V011,2024-04-16,2024-04-17,Delivered,1,1294.43,34
SH000797,PO003007,E022,V034,2024-10-23,2024-10-23,Damaged,1,383.79,12
SH000798,PO004441,E039,V036,2025-09-26,2025-09-26,In-Transit,1,196.38,3
SH000799,PO004539,E018,V052,2025-01-01,2025-01-02,Damaged,1,559.09,28
SH000800,PO003636,E068,V021,2026-01-05,2026-01-05,Delivered,1,221.76,5
SH000801,PO000915,E005,V012,2024-05-19,2024-05-20,Delivered,1,513.41,13
SH000802,PO004080,E002,V020,2026-07-25,2026-07-27,Delivered,1,1724.03,52
SH000803,PO002458,E016,V004,2025-03-17,2025-03-17,Delayed,1,163.97,4
SH000804,PO002418,E015,V017,2025-07-25,2025-07-25,Delayed,1,192.37,6
SH000805,PO000446,E104,V036,2026-08-01,2026-08-02,Delivered,1,1505.91,29
SH000806,PO002575,E067,V070,2025-12-06,2025-12-07,Delivered,1,602.31,18
SH000807,PO001922,E064,V019,2025-06-19,2025-06-20,Delivered,1,1293.45,28
SH000808,PO001178,E025,V047,2025-02-28,2025-02-28,Delivered,1,294.42,5
SH000809,PO003086,E115,V063,2026-04-11,2026-04-12,Delivered,1,814.46,25
SH000810,PO002852,E106,V083,2024-07-06,2024-07-10,Delayed,1,1602.1,88
SH000811,PO000603,E019,V019,2024-04-24,2024-04-24,Delivered,1,155.64,4
SH000812,PO003817,E034,V088,2025-09-29,2025-09-29,In-Transit,1,42.35,1
SH000813,PO001395,E063,V019,2024-03-20,2024-03-23,Delayed,1,1295.24,72
SH000814,PO001531,E082,V001,2026-06-20,2026-06-20,Delivered,1,517.22,11
SH000815,PO004808,E036,V069,2024-09-29,2024-10-01,Damaged,1,1403.96,39
SH000816,PO000621,E027,V088,2025-11-13,2025-11-14,Delivered,1,957.13,16
SH000817,PO004098,E106,V064,2025-09-12,2025-09-13,Delayed,1,870.97,25
SH000818,PO000297,E020,V081,2026-02-12,2026-02-12,Delayed,1,166.37,7
SH000819,PO002362,E066,V062,2025-12-16,2025-12-17,In-Transit,1,931.07,34
SH000820,PO004843,E055,V040,2025-01-05,2025-01-05,Delayed,1,188.92,11
SH000821,PO001376,E082,V040,2024-08-06,2024-08-06,Damaged,1,238.48,10
SH000822,PO004289,E001,V064,2024-11-08,2024-11-10,In-Transit,1,1576.45,50
SH000823,PO000495,E037,V062,2024-12-01,2024-12-03,Delivered,1,1594.54,36
SH000824,PO000259,E120,V062,2024-04-23,2024-04-25,Delivered,1,1595.19,42
SH000825,PO002063,E072,V041,2024-11-23,2024-11-24,Delivered,1,1163.54,20
SH000826,PO003545,E038,V039,2026-08-09,2026-08-10,Delivered,1,1013.97,25
SH000827,PO003948,E087,V010,2025-07-10,2025-07-10,Delivered,1,209.43,5
SH000828,PO000067,E017,V087,2024-05-17,2024-05-18,Delivered,1,1576.66,29
SH000829,PO004078,E042,V052,2025-04-04,2025-04-05,Damaged,1,433.22,14
SH000830,PO003343,E010,V024,2025-01-28,2025-01-29,Delivered,1,1286.41,29
SH000831,PO002549,E030,V083,2024-05-17,2024-05-18,Delayed,1,587.88,35
SH000832,PO000281,E052,V068,2024-11-13,2024-11-16,Delayed,1,1538.71,63
SH000833,PO000432,E028,V041,2026-08-05,2026-08-06,Damaged,1,732.72,21
SH000834,PO000984,E004,V073,2026-05-09,2026-05-10,Delivered,1,736.38,25
SH000835,PO003225,E020,V029,2025-11-18,2025-11-20,Delivered,1,1716.07,55
SH000836,PO003893,E033,V042,2026-06-26,2026-06-28,Delivered,1,1777.93,45
SH000837,PO004786,E041,V064,2026-04-04,2026-04-05,Delivered,1,1036.41,29
SH000838,PO000672,E082,V074,2024-04-16,2024-04-16,Delayed,1,92.69,3
SH000839,PO004329,E043,V069,2026-04-14,2026-04-16,Delivered,1,1359.31,40
SH000840,PO000777,E058,V011,2024-06-22,2024-06-22,Delivered,1,586.39,10
SH000841,PO001977,E073,V075,2024-12-30,2024-12-31,In-Transit,1,440.78,13
SH000842,PO001116,E070,V072,2026-04-27,2026-04-28,Delivered,1,645.43,22
SH000843,PO004054,E003,V077,2024-03-08,2024-03-10,Delivered,1,1391.52,40
SH000844,PO002606,E028,V073,2025-11-05,2025-11-06,Delivered,1,589.37,13
SH000845,PO001601,E075,V066,2026-07-06,2026-07-06,Delivered,1,417.92,11
SH000846,PO002959,E102,V049,2026-07-04,2026-07-04,Delayed,1,349.26,11
SH000847,PO000260,E076,V085,2026-01-05,2026-01-06,Delivered,1,1084.86,19
SH000848,PO000568,E068,V037,2026-06-28,2026-06-29,Delayed,1,571.38,32
SH000849,PO003098,E117,V007,2025-11-17,2025-11-17,Delivered,1,530.05,9
SH000850,PO001787,E059,V039,2025-11-08,2025-11-09,Delivered,1,547.73,14
SH000851,PO004021,E116,V027,2024-12-13,2024-12-14,Delivered,1,1288.67,29
SH000852,PO001595,E019,V018,2025-05-26,2025-05-27,Delivered,1,1433.49,29
SH000853,PO004514,E034,V021,2026-05-30,2026-06-03,Delayed,1,1681.23,98
SH000854,PO000115,E048,V027,2025-10-12,2025-10-13,In-Transit,1,890.87,22
SH000855,PO004615,E097,V014,2024-08-30,2024-08-31,Delayed,1,681.54,28
SH000856,PO000217,E083,V049,2024-05-22,2024-05-23,Delivered,1,1228.93,30
SH000857,PO004780,E054,V052,2026-06-28,2026-06-29,In-Transit,1,929.32,22
SH000858,PO000339,E027,V041,2024-12-05,2024-12-06,Delivered,1,600.13,20
SH000859,PO002928,E030,V076,2026-01-14,2026-01-15,Delivered,1,1610.53,27
SH000860,PO002764,E030,V053,2024-05-19,2024-05-21,Delivered,1,1546.18,39
SH000861,PO003892,E018,V006,2025-03-08,2025-03-08,Delivered,1,644.0,10
SH000862,PO001837,E039,V007,2025-01-14,2025-01-14,Delivered,1,383.2,10
SH000863,PO001536,E024,V008,2025-04-07,2025-04-09,Delivered,1,1568.95,37
SH000864,PO002645,E067,V022,2024-04-26,2024-04-26,Delivered,1,486.95,9
SH000865,PO002160,E087,V027,2024-09-06,2024-09-06,Damaged,1,104.68,5
SH000866,PO003206,E044,V003,2026-04-03,2026-04-04,Delivered,1,365.21,13
SH000867,PO004549,E068,V010,2024-11-16,2024-11-17,Delivered,1,558.91,14
SH000868,PO002567,E058,V061,2024-07-09,2024-07-10,Delivered,1,811.5,15
SH000869,PO000392,E033,V034,2024-08-02,2024-08-03,Delivered,1,1074.76,34
SH000870,PO004614,E060,V089,2025-11-22,2025-11-23,In-Transit,1,1391.85,31
SH000871,PO000828,E021,V090,2026-07-25,2026-07-26,Delivered,1,1461.76,35
SH000872,PO003407,E018,V067,2024-05-22,2024-05-22,Delivered,1,128.35,2
SH000873,PO002210,E090,V075,2024-08-25,2024-08-25,Delivered,1,161.99,4
SH000874,PO002918,E073,V084,2026-03-13,2026-03-14,Delivered,1,1206.65,32
SH000875,PO001097,E089,V089,2025-10-04,2025-10-06,Delivered,1,1675.92,56
SH000876,PO003273,E116,V043,2024-07-01,2024-07-01,Delivered,1,698.1,11
SH000877,PO003866,E028,V033,2024-09-22,2024-09-23,Delivered,1,590.6,15
SH000878,PO001070,E021,V024,2025-02-01,2025-02-03,Delayed,1,1432.69,53
SH000879,PO000836,E079,V023,2024-09-27,2024-09-27,Delivered,1,483.69,9
SH000880,PO002806,E088,V076,2026-06-17,2026-06-18,Delivered,1,807.63,18
SH000881,PO000889,E074,V026,2025-06-30,2025-06-30,In-Transit,1,277.65,5
SH000882,PO002980,E107,V073,2025-06-10,2025-06-11,Delivered,1,1738.48,28
SH000883,PO000020,E099,V031,2025-06-26,2025-06-27,Delivered,1,993.69,30
SH000884,PO000459,E066,V023,2025-07-16,2025-07-16,Delayed,1,92.27,3
SH000885,PO001443,E118,V005,2026-05-16,2026-05-16,Delivered,1,252.37,6
SH000886,PO001433,E059,V085,2025-05-30,2025-05-31,Delivered,1,742.41,24
SH000887,PO004185,E113,V071,2024-12-16,2024-12-17,Delivered,1,552.02,13
SH000888,PO004100,E021,V068,2025-12-12,2025-12-14,In-Transit,1,1415.75,39
SH000889,PO002828,E025,V009,2025-02-05,2025-02-05,Delivered,1,73.25,2
SH000890,PO002023,E096,V024,2026-03-02,2026-03-04,Delivered,1,1028.97,37
SH000891,PO004237,E023,V074,2024-03-22,2024-03-23,Delivered,1,438.36,14
SH000892,PO001324,E037,V062,2025-02-16,2025-02-17,Delivered,1,1497.36,34
SH000893,PO004664,E022,V060,2025-08-23,2025-08-23,In-Transit,1,550.71,7
SH000894,PO000202,E036,V066,2025-10-01,2025-10-02,Delivered,1,406.27,14
SH000895,PO004403,E107,V047,2025-04-17,2025-04-17,Delivered,1,416.54,10
SH000896,PO003002,E029,V084,2025-06-09,2025-06-10,Delivered,1,1361.15,31
SH000897,PO000983,E035,V068,2025-11-29,2025-11-30,Delivered,1,1104.25,30
SH000898,PO000749,E036,V016,2025-04-27,2025-04-30,Delayed,1,1452.67,72
SH000899,PO003227,E038,V069,2024-08-30,2024-08-31,Damaged,1,824.77,32
SH000900,PO002078,E009,V002,2025-03-17,2025-03-18,Delivered,1,511.19,14
SH000901,PO002938,E105,V047,2024-08-24,2024-08-25,Delivered,1,1217.82,26
SH000902,PO003040,E098,V025,2025-12-11,2025-12-11,Delivered,1,384.28,9
SH000903,PO004626,E119,V066,2025-02-11,2025-02-11,Damaged,1,76.96,4
SH000904,PO004122,E048,V048,2026-04-04,2026-04-05,Delivered,1,912.39,21
SH000905,PO001140,E079,V024,2026-02-16,2026-02-18,Delivered,1,1186.59,36
SH000906,PO003511,E063,V037,2024-10-08,2024-10-09,Delivered,1,894.76,25
SH000907,PO000587,E027,V025,2026-04-23,2026-04-25,Delivered,1,1523.53,41
SH000908,PO000967,E049,V001,2024-04-25,2024-04-25,Delivered,1,580.53,11
SH000909,PO002488,E101,V087,2024-03-09,2024-03-10,Delivered,1,1076.05,21
SH000910,PO000515,E077,V050,2026-07-16,2026-07-17,Delivered,1,1087.57,31
SH000911,PO004942,E081,V007,2025-11-28,2025-11-29,Delayed,1,446.43,19
SH000912,PO004012,E024,V003,2025-05-18,2025-05-20,Delivered,1,1235.64,41
SH000913,PO002041,E028,V089,2025-12-08,2025-12-09,Delivered,1,1676.76,32
SH000914,PO004312,E111,V011,2024-04-19,2024-04-20,Delivered,1,1482.56,34
SH000915,PO002352,E077,V043,2025-08-25,2025-08-27,Delivered,1,1748.3,37
SH000916,PO001566,E087,V032,2026-02-02,2026-02-02,Delivered,1,85.48,2
SH000917,PO001437,E034,V012,2026-01-06,2026-01-08,Delivered,1,1473.97,36
SH000918,PO002698,E042,V003,2025-02-20,2025-02-22,Delayed,1,1677.57,53
SH000919,PO004034,E050,V042,2024-07-07,2024-07-07,Delivered,1,221.32,3
SH000920,PO001399,E006,V003,2025-03-02,2025-03-02,In-Transit,1,416.09,9
SH000921,PO002572,E017,V004,2024-12-22,2024-12-22,Delivered,1,249.16,5
SH000922,PO002637,E039,V046,2024-08-29,2024-08-30,Delivered,1,608.39,17
SH000923,PO003801,E084,V029,2024-08-30,2024-08-30,Delivered,1,474.55,12
SH000924,PO003251,E054,V031,2025-12-29,2025-12-31,Delivered,1,1190.43,47
SH000925,PO003210,E084,V024,2025-06-03,2025-06-05,Delivered,1,1430.85,45
SH000926,PO000615,E041,V019,2025-06-09,2025-06-10,Delivered,1,1248.12,24
SH000927,PO001706,E044,V039,2024-06-28,2024-06-30,Delayed,1,697.02,36
SH000928,PO002431,E110,V074,2024-04-22,2024-04-23,Delivered,1,661.35,16
SH000929,PO001942,E059,V054,2025-08-10,2025-08-11,Delivered,1,1341.48,25
SH000930,PO000940,E065,V057,2025-11-28,2025-11-29,Delivered,1,1212.8,35
SH000931,PO001034,E079,V088,2024-04-20,2024-04-21,Delivered,1,869.7,17
SH000932,PO003389,E067,V031,2024-09-28,2024-09-29,Delivered,1,911.78,23
SH000933,PO001255,E078,V019,2026-07-01,2026-07-01,In-Transit,1,486.54,11
SH000934,PO003721,E074,V074,2025-02-20,2025-02-21,Delivered,1,571.34,17
SH000935,PO003248,E060,V080,2025-11-29,2025-11-30,Delayed,1,328.32,24
SH000936,PO001718,E033,V011,2024-02-15,2024-02-17,Delayed,1,1270.56,50
SH000937,PO000926,E008,V034,2025-07-03,2025-07-04,Delivered,1,1063.2,34
SH000938,PO001724,E080,V072,2026-06-24,2026-06-24,Delivered,1,190.42,5
SH000939,PO004807,E068,V074,2024-07-14,2024-07-15,Delayed,1,877.93,35
SH000940,PO003375,E059,V066,2025-02-26,2025-02-28,Delayed,1,937.92,53
SH000941,PO002634,E046,V001,2025-01-11,2025-01-12,Delivered,1,563.35,16
SH000942,PO004578,E057,V061,2024-05-27,2024-05-28,Delivered,1,628.26,24
SH000943,PO002303,E063,V070,2026-07-05,2026-07-06,Delivered,1,1436.05,30
SH000944,PO000562,E114,V075,2024-08-11,2024-08-13,Delivered,1,1601.96,43
SH000945,PO000660,E030,V002,2024-10-07,2024-10-08,Delivered,1,981.78,18
SH000946,PO002239,E006,V009,2024-06-20,2024-06-22,Delivered,1,1626.34,45
SH000947,PO003663,E060,V033,2026-04-18,2026-04-18,Delivered,1,78.44,2
SH000948,PO002639,E083,V063,2024-05-28,2024-05-30,Damaged,1,1614.2,47
SH000949,PO004858,E060,V036,2026-02-26,2026-02-28,Delivered,1,1766.93,50
SH000950,PO003380,E005,V050,2024-05-12,2024-05-13,Delivered,1,768.49,23
SH000951,PO001004,E055,V079,2024-03-15,2024-03-17,Delivered,1,1458.16,40
SH000952,PO004680,E002,V057,2024-08-19,2024-08-20,Delivered,1,1095.09,27
SH000953,PO000289,E050,V068,2026-05-15,2026-05-16,Delivered,1,744.75,19
SH000954,PO003328,E113,V075,2024-03-21,2024-03-23,Delivered,1,1790.99,38
SH000955,PO003967,E118,V035,2024-06-08,2024-06-08,Damaged,1,87.0,3
SH000956,PO004870,E085,V048,2024-06-25,2024-06-27,Delivered,1,1776.85,41
SH000957,PO002865,E064,V075,2026-01-25,2026-01-26,Delivered,1,1067.09,21
SH000958,PO001677,E013,V012,2025-01-07,2025-01-08,Delivered,1,1348.35,24
SH000959,PO004947,E105,V047,2024-08-30,2024-09-01,Delivered,1,1760.06,38
SH000960,PO003956,E082,V061,2025-08-01,2025-08-01,Delivered,1,558.23,10
SH000961,PO003618,E099,V049,2025-12-22,2025-12-23,Damaged,1,722.76,33
SH000962,PO004337,E044,V049,2025-11-25,2025-11-25,Delivered,1,82.45,2
SH000963,PO000719,E057,V087,2026-02-11,2026-02-13,Damaged,1,1745.62,47
SH000964,PO001179,E033,V085,2024-04-05,2024-04-06,Delivered,1,1689.64,31
SH000965,PO001651,E028,V048,2024-04-28,2024-04-28,Delivered,1,294.07,6
SH000966,PO000838,E091,V040,2025-04-23,2025-04-23,Delivered,1,221.66,7
SH000967,PO001733,E040,V044,2024-06-25,2024-06-27,Delivered,1,1780.91,57
SH000968,PO001917,E098,V090,2024-05-17,2024-05-18,Delivered,1,1196.94,29
SH000969,PO002712,E034,V042,2024-03-10,2024-03-11,Delivered,1,761.56,18
SH000970,PO004865,E053,V053,2026-06-08,2026-06-08,Delivered,1,357.14,10
SH000971,PO000613,E090,V016,2024-11-16,2024-11-17,Delivered,1,1247.54,17
SH000972,PO004656,E035,V063,2025-01-02,2025-01-02,Delivered,1,925.07,12
SH000973,PO004024,E076,V081,2025-02-14,2025-02-14,Delivered,1,248.6,6
SH000974,PO004907,E004,V052,2024-04-28,2024-04-29,Delivered,1,936.35,19
SH000975,PO004489,E009,V038,2024-07-24,2024-07-24,Delivered,1,526.45,10
SH000976,PO004774,E039,V031,2025-01-15,2025-01-16,Delivered,1,1063.15,31
SH000977,PO000106,E052,V055,2025-06-16,2025-06-17,Delivered,1,1127.83,19
SH000978,PO000535,E108,V039,2024-05-23,2024-05-25,Delivered,1,1697.81,51
SH000979,PO003732,E067,V083,2025-10-12,2025-10-14,Delayed,1,1239.91,44
SH000980,PO003591,E100,V084,2025-10-04,2025-10-05,Delivered,1,1354.34,35
SH000981,PO003399,E081,V084,2024-07-09,2024-07-11,Delayed,1,1291.62,53
SH000982,PO000585,E048,V017,2024-03-08,2024-03-08,Delivered,1,257.78,5
SH000983,PO000426,E030,V087,2025-03-03,2025-03-03,Delayed,1,219.25,9
SH000984,PO003692,E070,V085,2026-07-04,2026-07-04,Delivered,1,63.89,1
SH000985,PO002739,E019,V082,2024-03-07,2024-03-09,Delivered,1,1581.37,49
SH000986,PO000592,E039,V019,2024-02-15,2024-02-15,Damaged,1,101.99,3
SH000987,PO001797,E004,V025,2026-01-16,2026-01-18,Delayed,1,991.29,38
SH000988,PO004665,E055,V012,2025-07-04,2025-07-06,Damaged,1,1328.24,55
SH000989,PO001265,E076,V064,2025-10-29,2025-10-30,Delivered,1,425.91,19
SH000990,PO004303,E067,V018,2024-07-13,2024-07-14,Delivered,1,839.75,19
SH000991,PO004937,E033,V051,2025-12-01,2025-12-01,Delivered,1,316.05,7
SH000992,PO003448,E053,V011,2026-08-08,2026-08-10,Delivered,1,1605.65,42
SH000993,PO000578,E024,V031,2024-02-15,2024-02-15,Delivered,1,381.48,12
SH000994,PO000280,E033,V014,2025-10-08,2025-10-09,Delayed,1,512.45,15
SH000995,PO002068,E113,V030,2024-08-21,2024-08-22,Delivered,1,910.27,30
SH000996,PO004058,E005,V060,2024-10-11,2024-10-11,In-Transit,1,203.68,4
SH000997,PO002243,E064,V008,2025-06-07,2025-06-07,Delivered,1,566.88,12
SH000998,PO002523,E120,V035,2026-02-13,2026-02-13,Delivered,1,217.41,9
SH000999,PO000920,E031,V052,2025-01-29,2025-01-30,Delivered,1,894.12,19
SH001000,PO000514,E063,V012,2025-02-05,2025-02-07,Delayed,1,1505.97,52
SH001001,PO003474,E007,V026,2024-01-22,2024-01-25,Delivered,1,1793.19,61
SH001002,PO004999,E081,V020,2026-05-11,2026-05-11,Delivered,1,431.62,10
SH001003,PO004643,E025,V060,2024-11-11,2024-11-13,Delivered,1,1375.04,41
SH001004,PO001727,E105,V059,2024-04-05,2024-04-07,Delayed,1,1505.47,41
SH001005,PO001748,E022,V072,2024-06-23,2024-06-24,Delivered,1,869.15,16
SH001006,PO002796,E037,V023,2026-06-09,2026-06-11,Delivered,1,1587.77,45
SH001007,PO003201,E104,V060,2025-12-16,2025-12-16,Delayed,1,213.82,8
SH001008,PO003726,E052,V087,2025-03-25,2025-03-25,Delivered,1,561.33,11
SH001009,PO004304,E103,V067,2026-07-04,2026-07-06,Delivered,1,1711.92,60
SH001010,PO002331,E043,V030,2025-01-24,2025-01-25,Delivered,1,606.25,22
SH001011,PO001032,E051,V086,2024-10-12,2024-10-13,In-Transit,1,759.17,22
SH001012,PO000763,E041,V034,2026-01-02,2026-01-02,Delivered,1,446.25,10
SH001013,PO001010,E094,V029,2025-11-05,2025-11-05,Delivered,1,456.31,8
SH001014,PO003981,E105,V022,2025-09-09,2025-09-10,Delivered,1,953.64,20
SH001015,PO002811,E082,V041,2024-09-25,2024-09-26,In-Transit,1,903.8,21
SH001016,PO003843,E030,V019,2024-05-29,2024-05-31,Damaged,1,1443.3,55
SH001017,PO001944,E018,V038,2026-03-19,2026-03-21,Delivered,1,1156.09,36
SH001018,PO002333,E007,V087,2024-12-27,2024-12-28,Delivered,1,1125.76,29
SH001019,PO004910,E080,V033,2025-02-12,2025-02-14,Delayed,1,1521.77,39
SH001020,PO002679,E069,V005,2024-11-12,2024-11-14,Delivered,1,1548.9,42
SH001021,PO003575,E028,V031,2025-09-10,2025-09-10,Delivered,1,123.82,3
SH001022,PO002504,E094,V074,2026-08-10,2026-08-12,Delivered,1,1788.03,51
SH001023,PO004764,E091,V069,2026-06-25,2026-06-26,Damaged,1,424.65,17
SH001024,PO000569,E114,V048,2024-08-12,2024-08-13,Delivered,1,1053.8,29
SH001025,PO004171,E005,V083,2025-01-28,2025-01-29,Delivered,1,572.45,13
SH001026,PO004905,E048,V080,2025-01-07,2025-01-08,Delivered,1,844.46,23
SH001027,PO000922,E088,V089,2026-02-28,2026-03-01,Delivered,1,848.95,22
SH001028,PO004391,E060,V060,2024-01-19,2024-01-21,Delivered,1,1549.29,45
SH001029,PO000644,E027,V054,2026-07-09,2026-07-10,Delivered,1,907.21,17
SH001030,PO004590,E019,V009,2026-04-18,2026-04-19,Delivered,1,1060.56,20
SH001031,PO003264,E057,V012,2025-06-01,2025-06-02,Delivered,1,1063.33,34
SH001032,PO003372,E018,V025,2026-05-04,2026-05-04,Delivered,1,334.22,6
SH001033,PO001736,E022,V067,2024-05-27,2024-05-29,Delivered,1,1763.61,38
SH001034,PO004165,E114,V041,2025-03-27,2025-03-29,Delivered,1,1459.54,45
SH001035,PO002721,E003,V027,2026-07-24,2026-07-25,Delivered,1,1060.32,29
SH001036,PO004275,E054,V058,2025-09-25,2025-09-26,Delivered,1,1573.47,28
SH001037,PO004040,E103,V005,2025-05-31,2025-06-01,Delivered,1,1259.49,31
SH001038,PO003979,E002,V025,2025-11-27,2025-11-28,Delivered,1,670.28,15
SH001039,PO002310,E057,V090,2024-08-19,2024-08-20,Delivered,1,755.32,15
SH001040,PO000345,E033,V037,2025-07-17,2025-07-18,Delivered,1,1441.53,31
SH001041,PO000037,E102,V035,2024-05-14,2024-05-14,Delivered,1,219.35,5
SH001042,PO003137,E025,V045,2025-07-08,2025-07-10,Delayed,1,1567.94,46
SH001043,PO001989,E031,V077,2025-03-03,2025-03-04,Delivered,1,1552.98,32
SH001044,PO003815,E111,V045,2024-08-09,2024-08-12,Damaged,1,1512.08,62
SH001045,PO002486,E015,V026,2025-02-04,2025-02-05,Delivered,1,1588.45,31
SH001046,PO002459,E041,V074,2026-03-18,2026-03-19,Delivered,1,1487.38,24
SH001047,PO003669,E011,V080,2025-05-26,2025-05-28,Delayed,1,1035.16,42
SH001048,PO004848,E107,V066,2025-10-13,2025-10-13,Damaged,1,342.28,7
SH001049,PO002919,E094,V020,2024-06-25,2024-06-25,Delivered,1,321.54,5
SH001050,PO002400,E113,V032,2024-02-10,2024-02-11,Delivered,1,613.42,14
SH001051,PO002425,E010,V023,2025-10-13,2025-10-15,Delivered,1,1331.68,39
SH001052,PO002359,E018,V047,2024-12-24,2024-12-25,Delivered,1,564.17,19
SH001053,PO001861,E007,V090,2024-03-04,2024-03-05,Delivered,1,1252.23,22
SH001054,PO001648,E019,V079,2025-08-01,2025-08-01,Delivered,1,201.18,5
SH001055,PO003875,E053,V046,2024-07-05,2024-07-06,Delivered,1,390.0,13
SH001056,PO004355,E008,V063,2024-02-21,2024-02-22,Delivered,1,702.32,15
SH001057,PO001061,E028,V015,2026-06-28,2026-06-29,Delivered,1,970.97,16
SH001058,PO001900,E016,V008,2025-01-02,2025-01-03,In-Transit,1,775.44,17
SH001059,PO002406,E029,V075,2025-04-29,2025-04-30,Delayed,1,1316.89,30
SH001060,PO002692,E074,V011,2025-03-16,2025-03-18,Delivered,1,1652.1,52
SH001061,PO002619,E062,V022,2024-11-23,2024-11-23,Delivered,1,71.97,2
SH001062,PO001848,E043,V010,2026-03-21,2026-03-22,Delivered,1,1555.69,29
SH001063,PO002318,E093,V065,2024-02-21,2024-02-21,Delivered,1,137.96,3
SH001064,PO000307,E001,V041,2026-04-01,2026-04-01,Delivered,1,437.67,12
SH001065,PO004467,E055,V080,2025-07-27,2025-07-28,Delivered,1,610.65,15
SH001066,PO000732,E044,V041,2025-11-16,2025-11-17,Delayed,1,481.06,18
SH001067,PO002975,E001,V026,2025-08-18,2025-08-19,Delivered,1,889.64,27
SH001068,PO001486,E049,V037,2024-10-19,2024-10-20,In-Transit,1,1016.92,22
SH001069,PO004605,E008,V028,2025-02-22,2025-02-24,Damaged,1,904.92,60
SH001070,PO000986,E044,V011,2025-06-09,2025-06-09,Delivered,1,449.28,9
SH001071,PO004218,E044,V080,2026-01-25,2026-01-27,Delivered,1,1325.76,52
SH001072,PO002448,E041,V037,2026-05-10,2026-05-12,Delivered,1,1352.21,43
SH001073,PO002925,E048,V017,2024-09-24,2024-09-25,Delivered,1,1071.92,20
SH001074,PO000372,E035,V084,2024-05-09,2024-05-09,In-Transit,1,187.12,6
SH001075,PO000608,E117,V020,2025-03-20,2025-03-20,Delivered,1,192.32,8
SH001076,PO002487,E057,V085,2024-12-03,2024-12-03,Delivered,1,486.95,12
SH001077,PO004486,E113,V035,2026-08-10,2026-08-11,Delivered,1,953.25,26
SH001078,PO003695,E053,V012,2024-05-10,2024-05-11,Delivered,1,652.99,17
SH001079,PO004902,E109,V049,2025-12-01,2025-12-02,Delivered,1,892.21,23
SH001080,PO000628,E110,V033,2024-07-31,2024-07-31,Delayed,1,138.39,5
SH001081,PO003819,E102,V057,2024-11-02,2024-11-03,Delivered,1,689.31,14
SH001082,PO004046,E086,V011,2025-10-14,2025-10-14,Delivered,1,325.68,6
SH001083,PO003611,E001,V087,2024-07-13,2024-07-14,Delivered,1,913.77,19
SH001084,PO004758,E076,V029,2024-02-07,2024-02-08,Delivered,1,647.38,17
SH001085,PO002877,E083,V074,2025-12-19,2025-12-19,Delivered,1,306.04,7
SH001086,PO001620,E083,V031,2025-10-31,2025-11-01,Delivered,1,1042.79,24
SH001087,PO004194,E073,V030,2024-03-27,2024-03-28,Delivered,1,1219.95,35
SH001088,PO004622,E087,V066,2024-09-12,2024-09-13,Delayed,1,632.32,31
SH001089,PO000617,E010,V006,2026-01-21,2026-01-22,Delivered,1,1434.44,31
SH001090,PO003102,E019,V001,2024-09-13,2024-09-14,Delivered,1,857.88,16
SH001091,PO003164,E110,V052,2024-04-25,2024-04-26,Delivered,1,1144.08,21
SH001092,PO000483,E005,V027,2025-09-05,2025-09-06,Delivered,1,1137.23,30
SH001093,PO000862,E016,V018,2025-09-16,2025-09-17,Delivered,1,1495.52,34
SH001094,PO000255,E057,V019,2025-03-04,2025-03-05,Delivered,1,806.69,16
SH001095,PO003258,E083,V050,2025-10-15,2025-10-16,In-Transit,1,1079.3,26
SH001096,PO003927,E055,V047,2026-03-13,2026-03-13,Delivered,1,366.21,6
SH001097,PO001588,E042,V075,2024-10-20,2024-10-21,Delivered,1,1714.63,25
SH001098,PO001685,E097,V065,2025-09-28,2025-09-30,Damaged,1,1330.35,49
SH001099,PO001222,E025,V022,2024-02-03,2024-02-03,Delivered,1,161.43,6
SH001100,PO004447,E071,V077,2024-04-14,2024-04-15,Delivered,1,1518.41,26
SH001101,PO002530,E044,V034,2026-03-16,2026-03-18,Delivered,1,1661.38,55
SH001102,PO003402,E057,V049,2026-01-26,2026-01-27,Delivered,1,641.42,17
SH001103,PO001814,E096,V047,2025-05-17,2025-05-18,Delivered,1,648.15,18
SH001104,PO000425,E104,V057,2025-11-07,2025-11-08,Delayed,1,951.58,26
SH001105,PO001652,E095,V045,2025-05-16,2025-05-18,Delayed,1,992.18,51
SH001106,PO000194,E016,V006,2025-12-26,2025-12-27,Delivered,1,1417.23,23
SH001107,PO003409,E058,V070,2024-03-30,2024-03-31,Delivered,1,1353.08,31
SH001108,PO002401,E083,V004,2024-12-12,2024-12-12,Delivered,1,263.34,6
SH001109,PO004197,E007,V088,2026-03-31,2026-04-02,Delivered,1,1753.8,54
SH001110,PO004956,E095,V032,2024-08-22,2024-08-23,Delivered,1,1497.72,34
SH001111,PO003344,E064,V021,2024-09-27,2024-09-28,Delivered,1,1120.16,26
SH001112,PO000620,E080,V071,2026-05-27,2026-05-27,Delivered,1,289.49,10
SH001113,PO001549,E058,V063,2024-07-06,2024-07-07,Delivered,1,1281.31,24
SH001114,PO001341,E059,V034,2026-04-08,2026-04-10,Delivered,1,1686.93,51
SH001115,PO002149,E022,V005,2024-08-10,2024-08-11,Delivered,1,742.01,22
SH001116,PO003775,E025,V058,2024-12-02,2024-12-03,Delivered,1,936.53,18
SH001117,PO002034,E011,V071,2024-08-24,2024-08-25,Delivered,1,581.86,15
SH001118,PO000226,E090,V052,2026-03-12,2026-03-13,Delivered,1,449.93,16
SH001119,PO000411,E115,V025,2025-08-08,2025-08-10,Delivered,1,1092.37,38
SH001120,PO000823,E095,V042,2025-05-06,2025-05-09,Damaged,1,1433.43,82
SH001121,PO002805,E070,V063,2025-08-11,2025-08-11,Delivered,1,248.44,5
SH001122,PO003930,E099,V056,2025-05-29,2025-05-30,Delivered,1,1195.17,24
SH001123,PO003741,E062,V039,2025-01-30,2025-01-31,Delivered,1,1508.95,34
SH001124,PO001240,E105,V042,2026-04-13,2026-04-14,Delivered,1,518.49,15
SH001125,PO002436,E113,V071,2026-07-04,2026-07-05,Delivered,1,1204.76,26
SH001126,PO001260,E021,V049,2026-04-14,2026-04-15,Delivered,1,763.43,24
SH001127,PO004344,E119,V043,2024-10-30,2024-10-30,Delivered,1,313.88,6
SH001128,PO002900,E014,V059,2024-10-24,2024-10-25,Delivered,1,1433.74,30
SH001129,PO004407,E065,V055,2024-04-10,2024-04-10,Delivered,1,559.29,12
SH001130,PO002593,E058,V073,2025-01-01,2025-01-02,Delivered,1,600.49,14
SH001131,PO002367,E075,V059,2024-07-23,2024-07-26,Delivered,1,1666.56,61
SH001132,PO004857,E100,V089,2024-03-09,2024-03-10,Delivered,1,733.9,18
SH001133,PO003450,E015,V085,2025-07-25,2025-07-25,Delivered,1,151.17,3
SH001134,PO002173,E042,V032,2024-07-21,2024-07-23,Damaged,1,740.82,37
SH001135,PO002799,E032,V044,2026-05-23,2026-05-24,Damaged,1,675.92,27
SH001136,PO002399,E085,V025,2025-10-02,2025-10-03,Damaged,1,519.13,21
SH001137,PO003749,E057,V046,2025-12-25,2025-12-26,Delivered,1,1244.09,32
SH001138,PO000124,E070,V022,2025-04-06,2025-04-07,Delivered,1,921.17,29
SH001139,PO001821,E035,V030,2026-08-12,2026-08-13,Delivered,1,787.04,23
SH001140,PO004306,E101,V045,2026-05-28,2026-05-30,Damaged,1,1557.03,41
SH001141,PO000635,E033,V056,2025-05-24,2025-05-24,Delivered,1,430.01,7
SH001142,PO000105,E034,V053,2025-08-02,2025-08-03,Damaged,1,540.84,19
SH001143,PO001533,E022,V065,2024-08-13,2024-08-14,Delivered,1,1057.56,19
SH001144,PO002107,E028,V012,2025-11-15,2025-11-17,In-Transit,1,1428.11,36
SH001145,PO003267,E023,V047,2025-12-18,2025-12-19,Delivered,1,737.05,24
SH001146,PO003781,E074,V090,2025-07-06,2025-07-06,Delivered,1,210.92,8
SH001147,PO003426,E017,V001,2026-03-10,2026-03-11,Delivered,1,929.7,18
SH001148,PO002475,E093,V017,2024-12-15,2024-12-16,Delivered,1,1022.83,16
SH001149,PO000572,E039,V042,2025-08-16,2025-08-17,Delivered,1,913.04,29
SH001150,PO000730,E117,V036,2025-08-05,2025-08-05,Delivered,1,349.09,10
SH001151,PO000684,E016,V056,2024-03-16,2024-03-17,Delivered,1,765.37,20
SH001152,PO003889,E057,V067,2024-01-15,2024-01-16,Delivered,1,712.07,15
SH001153,PO000503,E102,V053,2024-01-26,2024-01-27,Delivered,1,817.71,35
SH001154,PO003292,E047,V035,2024-07-30,2024-07-31,Delivered,1,892.34,20
SH001155,PO002000,E068,V080,2025-05-02,2025-05-03,Delivered,1,1047.83,31
SH001156,PO003357,E066,V005,2026-07-30,2026-08-02,Damaged,1,1645.44,63
SH001157,PO003673,E053,V018,2026-07-14,2026-07-14,Delivered,1,452.78,9
SH001158,PO003171,E120,V081,2024-07-17,2024-07-19,Delivered,1,1556.56,46
SH001159,PO001714,E099,V073,2025-07-31,2025-08-01,Delivered,1,978.16,21
SH001160,PO002080,E097,V065,2024-05-12,2024-05-12,Delivered,1,137.95,4
SH001161,PO004841,E088,V062,2025-08-03,2025-08-05,Delivered,1,1410.81,42
SH001162,PO000993,E071,V028,2026-01-30,2026-02-01,Delivered,1,1411.93,43
SH001163,PO003326,E039,V080,2026-07-19,2026-07-21,Delayed,1,1374.27,38
SH001164,PO003883,E056,V018,2025-05-18,2025-05-18,Delivered,1,155.27,4
SH001165,PO004657,E071,V017,2024-07-09,2024-07-10,Delivered,1,1526.41,35
SH001166,PO004379,E102,V007,2025-12-22,2025-12-23,Delivered,1,1082.23,24
SH001167,PO002059,E118,V067,2025-08-26,2025-08-27,Delivered,1,1511.72,32
SH001168,PO003725,E058,V018,2026-06-16,2026-06-17,Delivered,1,1121.6,28
SH001169,PO004068,E048,V031,2024-04-27,2024-04-27,Damaged,1,137.38,5
SH001170,PO002283,E016,V084,2024-03-17,2024-03-18,Damaged,1,916.18,28
SH001171,PO001605,E002,V071,2025-08-23,2025-08-24,Delivered,1,1305.96,32
SH001172,PO002831,E059,V017,2025-08-25,2025-08-27,Delivered,1,1654.3,50
SH001173,PO003818,E037,V061,2024-03-04,2024-03-06,Delivered,1,1580.62,40
SH001174,PO001853,E052,V076,2024-05-20,2024-05-20,Delivered,1,266.61,8
SH001175,PO003337,E016,V025,2024-11-30,2024-12-01,Delivered,1,944.89,31
SH001176,PO001999,E066,V078,2024-11-13,2024-11-14,Delivered,1,1112.71,30
SH001177,PO000887,E102,V061,2026-07-25,2026-07-27,Delivered,1,1305.63,52
SH001178,PO000417,E072,V002,2026-07-19,2026-07-20,Delivered,1,998.44,23
SH001179,PO002227,E088,V031,2024-06-30,2024-06-30,Delivered,1,252.0,7
SH001180,PO002133,E073,V069,2025-04-17,2025-04-18,Delivered,1,694.49,28
SH001181,PO002202,E059,V088,2025-10-16,2025-10-17,Delayed,1,919.11,29
SH001182,PO004089,E078,V003,2026-07-30,2026-07-31,In-Transit,1,1075.51,17
SH001183,PO004481,E055,V015,2025-02-18,2025-02-19,Delivered,1,665.46,23
SH001184,PO003530,E096,V064,2025-11-16,2025-11-17,Delivered,1,954.02,22
SH001185,PO004647,E081,V046,2026-07-11,2026-07-12,Delayed,1,921.24,30
SH001186,PO000972,E043,V076,2024-08-13,2024-08-14,Delivered,1,738.4,24
SH001187,PO004170,E024,V025,2025-02-16,2025-02-18,Delivered,1,1750.96,42
SH001188,PO000499,E023,V063,2024-05-31,2024-06-01,Delivered,1,695.63,24
SH001189,PO004599,E100,V049,2025-05-31,2025-06-02,Delivered,1,1496.39,50
SH001190,PO004405,E065,V077,2025-09-28,2025-09-28,Delivered,1,194.03,5
SH001191,PO004238,E017,V077,2024-06-21,2024-06-22,Delivered,1,1133.74,28
SH001192,PO001628,E035,V022,2026-01-28,2026-01-28,Delivered,1,262.47,4
SH001193,PO000833,E080,V008,2025-03-02,2025-03-03,Delivered,1,691.87,23
SH001194,PO001454,E045,V033,2024-06-13,2024-06-13,Delivered,1,348.61,7
SH001195,PO002926,E074,V062,2025-08-10,2025-08-11,In-Transit,1,602.65,16
SH001196,PO000126,E089,V013,2024-07-13,2024-07-14,Delivered,1,1065.9,32
SH001197,PO001051,E031,V045,2026-05-27,2026-05-29,Delayed,1,1345.57,49
SH001198,PO001692,E022,V048,2026-08-07,2026-08-08,Delivered,1,593.38,26
SH001199,PO000096,E058,V040,2026-06-09,2026-06-10,Damaged,1,572.8,14
SH001200,PO004048,E086,V040,2024-08-06,2024-08-09,Delayed,1,1187.06,61
SH001201,PO000356,E058,V027,2025-08-11,2025-08-11,Delivered,1,187.66,7
SH001202,PO004207,E081,V061,2026-01-17,2026-01-19,Delivered,1,1500.28,40
SH001203,PO003240,E041,V065,2026-06-28,2026-06-29,Delivered,1,625.2,16
SH001204,PO004509,E111,V058,2025-11-17,2025-11-18,Delivered,1,1226.64,30
SH001205,PO000253,E091,V077,2025-03-17,2025-03-18,Delivered,1,506.06,16
SH001206,PO000204,E070,V036,2024-02-14,2024-02-14,Delivered,1,464.52,10
SH001207,PO003684,E059,V037,2025-04-25,2025-04-28,Delayed,1,1110.17,63
SH001208,PO000633,E106,V029,2024-03-08,2024-03-08,Delivered,1,253.96,6
SH001209,PO001263,E066,V052,2024-02-12,2024-02-14,Delivered,1,1668.09,45
SH001210,PO000077,E042,V036,2024-03-10,2024-03-11,Delivered,1,1447.27,35
SH001211,PO002252,E102,V033,2024-08-07,2024-08-09,Delivered,1,1656.69,44
SH001212,PO000830,E073,V043,2025-03-15,2025-03-19,Delayed,1,1448.68,88
SH001213,PO003305,E063,V010,2024-09-02,2024-09-03,Delivered,1,839.84,16
SH001214,PO001771,E026,V034,2026-01-13,2026-01-14,Delivered,1,995.18,29
SH001215,PO002794,E057,V002,2025-08-04,2025-08-04,Delivered,1,232.18,4
SH001216,PO004141,E090,V061,2025-12-18,2025-12-19,Delivered,1,840.57,23
SH001217,PO000181,E119,V003,2026-05-20,2026-05-21,Delivered,1,817.53,20
SH001218,PO001657,E016,V026,2024-04-26,2024-04-28,Delivered,1,1496.79,40
SH001219,PO002923,E055,V062,2024-06-07,2024-06-10,Damaged,1,1186.4,69
SH001220,PO004077,E011,V086,2024-04-12,2024-04-12,Delivered,1,121.69,4
SH001221,PO001800,E099,V030,2024-04-13,2024-04-14,Delivered,1,709.79,17
SH001222,PO004881,E080,V076,2025-01-22,2025-01-23,Delivered,1,642.24,16
SH001223,PO001968,E113,V005,2025-07-11,2025-07-11,Delivered,1,402.55,9
SH001224,PO004512,E035,V059,2024-08-15,2024-08-17,Damaged,1,1621.09,51
SH001225,PO003512,E097,V024,2024-12-12,2024-12-14,Delivered,1,1784.49,37
SH001226,PO000273,E076,V029,2024-02-15,2024-02-16,Delivered,1,1536.6,29
SH001227,PO001005,E011,V018,2026-01-11,2026-01-13,Delivered,1,1567.18,58
SH001228,PO003717,E062,V020,2025-09-09,2025-09-10,In-Transit,1,1340.57,30
SH001229,PO003014,E003,V083,2025-07-14,2025-07-15,Delivered,1,392.97,14
SH001230,PO000673,E045,V020,2024-12-03,2024-12-05,Delayed,1,1584.67,46
SH001231,PO004951,E019,V021,2026-01-03,2026-01-04,Delivered,1,756.27,19
SH001232,PO001701,E106,V067,2024-06-17,2024-06-18,Delivered,1,1184.01,19
SH001233,PO001012,E003,V046,2024-10-29,2024-10-30,Delivered,1,1166.39,27
SH001234,PO000113,E081,V041,2024-04-14,2024-04-15,Delivered,1,894.27,19
SH001235,PO004070,E009,V009,2024-05-05,2024-05-06,Delivered,1,1381.53,34
SH001236,PO004181,E003,V085,2025-08-14,2025-08-15,Delivered,1,657.38,20
SH001237,PO002411,E120,V046,2025-03-19,2025-03-21,Delivered,1,1795.64,49
SH001238,PO004452,E100,V056,2024-10-27,2024-10-28,Delivered,1,763.75,17
SH001239,PO004928,E093,V065,2025-12-07,2025-12-08,Delivered,1,888.67,19
SH001240,PO001172,E077,V077,2024-05-25,2024-05-26,Delivered,1,728.12,19
SH001241,PO002470,E098,V089,2026-03-10,2026-03-12,Delivered,1,1561.14,48
SH001242,PO001758,E087,V016,2024-05-05,2024-05-06,Delayed,1,452.51,26
SH001243,PO004366,E119,V027,2024-11-27,2024-11-27,Delivered,1,231.34,5
SH001244,PO000542,E098,V023,2024-08-24,2024-08-25,Delivered,1,696.16,21
SH001245,PO002213,E040,V024,2025-09-18,2025-09-20,Delivered,1,1063.03,43
SH001246,PO003043,E118,V081,2024-11-28,2024-11-29,Delivered,1,690.81,17
SH001247,PO000679,E035,V081,2024-05-03,2024-05-05,In-Transit,1,1183.56,47
SH001248,PO000529,E039,V059,2024-06-10,2024-06-12,Delivered,1,1129.55,40
SH001249,PO003495,E065,V056,2024-04-13,2024-04-14,Damaged,1,1295.84,27
SH001250,PO002902,E026,V054,2025-11-02,2025-11-03,Delivered,1,1233.3,27
SH001251,PO001480,E042,V052,2025-12-28,2025-12-30,Delivered,1,1762.88,40
SH001252,PO004193,E111,V072,2025-08-07,2025-08-08,Delivered,1,994.4,30
SH001253,PO004770,E031,V008,2025-05-23,2025-05-24,Delivered,1,765.72,23
SH001254,PO003816,E093,V053,2024-07-14,2024-07-15,Delivered,1,601.89,21
SH001255,PO002294,E020,V021,2025-12-05,2025-12-06,Delivered,1,1345.8,31
SH001256,PO003714,E040,V008,2024-11-01,2024-11-02,Delivered,1,621.84,15
SH001257,PO002387,E022,V004,2025-09-12,2025-09-13,Delivered,1,532.29,16
SH001258,PO004528,E106,V081,2026-06-23,2026-06-23,Delivered,1,360.25,7
SH001259,PO003118,E042,V079,2024-08-18,2024-08-19,Delivered,1,1190.24,26
SH001260,PO003384,E112,V007,2026-01-27,2026-01-27,Damaged,1,294.09,8
SH001261,PO004239,E069,V020,2026-01-14,2026-01-14,Delivered,1,451.7,11
SH001262,PO002335,E110,V052,2026-04-27,2026-04-28,Delivered,1,622.33,13
SH001263,PO003056,E054,V043,2024-11-29,2024-11-30,Delivered,1,1418.33,30
SH001264,PO002251,E076,V036,2025-09-07,2025-09-08,Delivered,1,824.53,24
SH001265,PO001572,E090,V080,2024-09-23,2024-09-24,Delivered,1,371.62,13
SH001266,PO001831,E035,V016,2026-06-18,2026-06-18,Delivered,1,362.8,7
SH001267,PO001930,E086,V011,2024-05-17,2024-05-17,Delivered,1,308.47,8
SH001268,PO002767,E080,V056,2025-08-12,2025-08-13,Delivered,1,1330.77,28
SH001269,PO001946,E040,V073,2025-02-02,2025-02-02,Delivered,1,54.59,1
SH001270,PO000754,E011,V048,2025-07-19,2025-07-21,Delivered,1,1744.75,55
SH001271,PO002885,E074,V090,2024-04-20,2024-04-22,Delayed,1,1047.01,40
SH001272,PO001933,E012,V073,2024-02-10,2024-02-12,Delivered,1,1657.43,49
SH001273,PO004285,E025,V012,2025-11-26,2025-11-28,Delivered,1,1565.95,40
SH001274,PO001088,E085,V036,2025-12-09,2025-12-12,Delivered,1,1680.81,75
SH001275,PO003919,E116,V045,2024-04-10,2024-04-11,In-Transit,1,484.32,13
SH001276,PO003806,E007,V046,2024-10-08,2024-10-09,Delivered,1,1389.69,28
SH001277,PO002751,E001,V024,2025-09-04,2025-09-04,Delivered,1,151.61,3
SH001278,PO001639,E023,V051,2024-11-10,2024-11-12,Delivered,1,1473.83,53
SH001279,PO002642,E082,V057,2024-06-27,2024-06-28,Delivered,1,987.87,22
SH001280,PO001128,E111,V011,2026-01-21,2026-01-23,Delivered,1,1345.66,37
SH001281,PO003149,E083,V084,2025-03-17,2025-03-18,Delivered,1,896.53,18
SH001282,PO001682,E037,V073,2026-08-03,2026-08-03,Delivered,1,60.08,1
SH001283,PO003279,E064,V075,2024-10-07,2024-10-07,Delivered,1,168.24,4
SH001284,PO004138,E091,V085,2025-11-23,2025-11-24,Delivered,1,962.75,31
SH001285,PO004775,E004,V056,2024-04-01,2024-04-03,Delayed,1,981.24,40
SH001286,PO003962,E090,V020,2025-08-31,2025-09-01,Delivered,1,502.34,18
SH001287,PO000593,E015,V041,2025-02-13,2025-02-13,Delayed,1,279.48,9
SH001288,PO001252,E003,V049,2025-12-04,2025-12-05,Delivered,1,1100.3,28
SH001289,PO001625,E061,V018,2026-07-10,2026-07-12,Delivered,1,1290.66,40
SH001290,PO000809,E054,V054,2026-02-28,2026-02-28,Delivered,1,237.31,5
SH001291,PO000702,E048,V042,2025-07-04,2025-07-04,Delivered,1,189.97,4
SH001292,PO003371,E116,V029,2025-07-16,2025-07-17,In-Transit,1,1297.71,25
SH001293,PO002500,E113,V043,2024-06-02,2024-06-03,Delivered,1,1236.03,32
SH001294,PO004570,E067,V020,2024-01-17,2024-01-18,Delivered,1,801.27,18
SH001295,PO004191,E058,V010,2024-06-23,2024-06-24,Delivered,1,876.34,20
SH001296,PO000179,E033,V009,2024-11-18,2024-11-18,Damaged,1,141.43,4
SH001297,PO001417,E040,V022,2025-03-27,2025-03-28,Delivered,1,1222.86,33
SH001298,PO004867,E043,V025,2026-02-06,2026-02-07,Delivered,1,849.85,19
SH001299,PO000642,E015,V041,2025-12-11,2025-12-11,Delivered,1,565.47,11
SH001300,PO002453,E117,V073,2024-07-26,2024-07-28,Delivered,1,1647.72,48
SH001301,PO003013,E089,V017,2026-05-08,2026-05-08,Damaged,1,164.7,8
SH001302,PO001335,E002,V008,2026-01-16,2026-01-16,Damaged,1,695.83,11
SH001303,PO002621,E032,V059,2026-03-20,2026-03-21,Delayed,1,548.41,28
SH001304,PO000671,E085,V044,2026-07-20,2026-07-21,Delivered,1,624.7,21
SH001305,PO001863,E096,V089,2026-06-25,2026-06-25,Delivered,1,68.47,2
SH001306,PO002981,E030,V027,2026-02-11,2026-02-16,Delayed,1,1655.76,117
SH001307,PO002449,E092,V014,2025-07-09,2025-07-11,Delayed,1,1673.93,56
SH001308,PO004177,E010,V073,2024-02-14,2024-02-14,Delivered,1,130.34,4
SH001309,PO002408,E081,V078,2025-07-25,2025-07-26,Delivered,1,822.87,17
SH001310,PO003997,E095,V082,2025-03-13,2025-03-16,Damaged,1,1410.31,66
SH001311,PO001468,E084,V088,2024-03-24,2024-03-24,Delivered,1,279.13,5
SH001312,PO002253,E062,V008,2026-06-04,2026-06-04,Delivered,1,94.67,2
SH001313,PO000383,E115,V008,2026-04-26,2026-04-26,Delivered,1,237.33,6
SH001314,PO004991,E024,V066,2025-06-23,2025-06-23,Delivered,1,422.06,9
SH001315,PO001505,E109,V025,2024-04-29,2024-04-30,Delivered,1,628.46,13
SH001316,PO003033,E056,V055,2024-12-08,2024-12-09,Delivered,1,1528.23,31
SH001317,PO004811,E077,V016,2026-05-30,2026-05-31,Delivered,1,1200.16,32
SH001318,PO002580,E009,V019,2025-03-01,2025-03-01,Delivered,1,237.66,6
SH001319,PO003645,E113,V080,2024-10-11,2024-10-12,Delivered,1,1126.82,23
SH001320,PO002402,E045,V081,2026-04-16,2026-04-16,Delivered,1,100.51,2
SH001321,PO003115,E084,V055,2025-01-18,2025-01-18,Delivered,1,224.64,8
SH001322,PO003129,E082,V054,2024-09-16,2024-09-17,Damaged,1,776.66,25
SH001323,PO000816,E021,V064,2024-11-17,2024-11-18,Delayed,1,913.76,24
SH001324,PO000784,E114,V005,2024-09-20,2024-09-21,Delivered,1,1546.63,30
SH001325,PO001426,E107,V060,2026-03-22,2026-03-22,Delivered,1,201.62,6
SH001326,PO004196,E010,V026,2025-10-14,2025-10-15,Damaged,1,381.65,14
SH001327,PO001190,E009,V002,2026-02-23,2026-02-23,Delivered,1,236.15,5
SH001328,PO003595,E002,V024,2025-11-05,2025-11-06,Delivered,1,1365.4,32
SH001329,PO002130,E099,V017,2026-07-17,2026-07-19,Delivered,1,1624.53,37
SH001330,PO002129,E064,V020,2026-01-28,2026-01-29,In-Transit,1,1644.98,32
SH001331,PO003747,E060,V087,2024-08-09,2024-08-10,Delivered,1,463.65,13
SH001332,PO000230,E117,V056,2026-06-30,2026-07-02,Delivered,1,1374.48,37
SH001333,PO004105,E086,V050,2024-10-14,2024-10-15,Delivered,1,678.15,24
SH001334,PO004425,E023,V039,2025-11-18,2025-11-19,Delivered,1,1019.58,33
SH001335,PO002777,E026,V014,2025-06-18,2025-06-18,Delayed,1,108.76,5
SH001336,PO000854,E048,V030,2025-01-11,2025-01-12,Delivered,1,1075.27,25
SH001337,PO003794,E092,V066,2024-07-14,2024-07-17,Delivered,1,1684.13,63
SH001338,PO000595,E027,V067,2025-03-20,2025-03-20,Delivered,1,483.25,11
SH001339,PO002771,E011,V004,2025-08-28,2025-08-29,Delivered,1,840.53,23
SH001340,PO003644,E082,V052,2026-01-02,2026-01-03,Delivered,1,711.15,21
SH001341,PO001091,E036,V071,2024-09-16,2024-09-17,Delivered,1,887.86,22
SH001342,PO001966,E024,V071,2026-01-19,2026-01-21,Delivered,1,1067.82,42
SH001343,PO004967,E028,V085,2024-09-03,2024-09-04,Delivered,1,874.98,30
SH001344,PO001885,E046,V038,2024-12-04,2024-12-06,Delivered,1,1428.56,50
SH001345,PO003405,E004,V028,2024-09-22,2024-09-25,Damaged,1,1151.32,64
SH001346,PO000841,E117,V058,2024-11-16,2024-11-16,Delivered,1,149.01,3
SH001347,PO004962,E075,V043,2025-05-02,2025-05-03,Delivered,1,1294.84,22
SH001348,PO003593,E017,V036,2026-06-22,2026-06-25,Delayed,1,1127.66,79
SH001349,PO004790,E062,V020,2026-07-25,2026-07-25,Delivered,1,674.8,12
SH001350,PO000062,E021,V055,2025-03-21,2025-03-24,Delayed,1,1696.16,75
SH001351,PO001050,E105,V050,2026-06-30,2026-06-30,Delayed,1,305.26,10
SH001352,PO000082,E022,V062,2025-08-29,2025-08-30,Delivered,1,1562.55,35
SH001353,PO002093,E107,V050,2025-06-28,2025-06-29,Delivered,1,1445.27,27
SH001354,PO000301,E045,V027,2026-02-06,2026-02-07,Delivered,1,1230.0,22
SH001355,PO003735,E051,V013,2026-04-22,2026-04-23,Delivered,1,517.27,15
SH001356,PO004757,E091,V086,2024-06-07,2024-06-09,Delivered,1,1482.17,41
SH001357,PO004763,E057,V087,2024-10-01,2024-10-02,Delivered,1,881.82,23
SH001358,PO004203,E045,V079,2025-09-27,2025-09-27,Delivered,1,353.37,12
SH001359,PO003157,E078,V054,2025-10-05,2025-10-06,In-Transit,1,1426.56,33
SH001360,PO000065,E105,V006,2024-08-11,2024-08-13,Delivered,1,1335.91,37
SH001361,PO000252,E025,V013,2025-10-21,2025-10-23,Delivered,1,1603.14,57
SH001362,PO004846,E019,V013,2026-07-19,2026-07-19,Delivered,1,670.46,10
SH001363,PO004719,E026,V052,2026-07-06,2026-07-08,Delayed,1,1316.77,54
SH001364,PO004990,E014,V072,2024-10-08,2024-10-09,Delivered,1,700.29,18
SH001365,PO003445,E007,V021,2025-03-07,2025-03-08,Delivered,1,1494.98,34
SH001366,PO000340,E061,V072,2025-12-29,2025-12-30,Delivered,1,957.43,32
SH001367,PO002876,E117,V016,2025-12-22,2025-12-24,Delivered,1,1708.36,38
SH001368,PO004595,E096,V085,2026-05-09,2026-05-11,Delivered,1,1566.61,50
SH001369,PO003902,E086,V045,2025-07-09,2025-07-10,Delivered,1,916.75,18
SH001370,PO004557,E059,V073,2024-07-25,2024-07-26,Delivered,1,460.42,13
SH001371,PO004198,E090,V063,2026-06-21,2026-06-23,Delivered,1,1301.5,40
SH001372,PO002769,E071,V035,2025-06-25,2025-06-27,Delivered,1,1525.59,43
SH001373,PO001924,E054,V069,2024-08-28,2024-08-28,Delivered,1,121.27,4
SH001374,PO004854,E115,V013,2024-03-30,2024-03-31,Delivered,1,879.73,20
SH001375,PO004351,E109,V068,2025-08-28,2025-08-30,Delivered,1,1626.15,36
SH001376,PO002795,E032,V090,2024-05-17,2024-05-18,Delivered,1,513.83,17
SH001377,PO002988,E064,V056,2024-03-04,2024-03-07,Delayed,1,1349.59,64
SH001378,PO002780,E108,V080,2024-08-03,2024-08-05,Delivered,1,1213.84,40
SH001379,PO001017,E088,V057,2025-05-04,2025-05-05,Delivered,1,1130.1,33
SH001380,PO003870,E063,V072,2026-06-04,2026-06-05,Delayed,1,698.83,31
SH001381,PO000072,E009,V044,2024-11-24,2024-11-24,Delivered,1,549.24,12
SH001382,PO001500,E043,V087,2025-11-06,2025-11-07,Delivered,1,1406.44,31
SH001383,PO003871,E010,V018,2025-08-05,2025-08-05,Delivered,1,760.8,12
SH001384,PO000764,E010,V084,2024-03-06,2024-03-07,Delivered,1,733.55,20
SH001385,PO004946,E069,V006,2025-10-26,2025-10-28,Damaged,1,1214.3,41
SH001386,PO000270,E114,V078,2024-03-07,2024-03-08,Delivered,1,515.75,16
SH001387,PO003189,E067,V072,2025-01-29,2025-01-30,Delivered,1,946.62,20
SH001388,PO002248,E112,V075,2025-09-13,2025-09-14,Delivered,1,562.35,23
SH001389,PO003742,E090,V068,2025-12-05,2025-12-06,Delivered,1,432.91,13
SH001390,PO001544,E104,V054,2026-05-12,2026-05-13,Delivered,1,1524.66,30
SH001391,PO001254,E069,V072,2024-02-24,2024-02-24,Delivered,1,77.46,2
SH001392,PO004124,E114,V084,2026-04-06,2026-04-07,Delivered,1,782.93,20
SH001393,PO003835,E058,V065,2026-07-15,2026-07-15,Delivered,1,426.98,11
SH001394,PO001485,E078,V086,2024-11-10,2024-11-12,Delivered,1,1754.25,37
SH001395,PO004281,E057,V053,2024-01-07,2024-01-07,Delivered,1,358.18,10
SH001396,PO004488,E051,V074,2024-10-09,2024-10-09,In-Transit,1,412.84,8
SH001397,PO002970,E109,V075,2024-07-11,2024-07-12,Delivered,1,1167.95,28
SH001398,PO003263,E100,V020,2024-12-13,2024-12-14,In-Transit,1,966.69,19
SH001399,PO001543,E066,V072,2025-01-29,2025-01-30,Delivered,1,1058.35,29
SH001400,PO003654,E029,V012,2026-01-08,2026-01-09,Delivered,1,1101.46,30
SH001401,PO001041,E088,V067,2025-11-20,2025-11-20,Delivered,1,530.03,8
SH001402,PO000170,E053,V034,2026-03-04,2026-03-05,Delivered,1,930.45,19
SH001403,PO004494,E044,V029,2025-08-24,2025-08-25,Delivered,1,789.27,22
SH001404,PO003394,E087,V081,2026-04-14,2026-04-15,Delivered,1,769.51,26
SH001405,PO000864,E050,V024,2024-11-13,2024-11-15,Delivered,1,1655.75,38
SH001406,PO001408,E110,V081,2024-09-21,2024-09-22,Damaged,1,960.36,24
SH001407,PO004091,E105,V009,2024-06-03,2024-06-04,Delivered,1,1413.37,26
SH001408,PO000933,E100,V006,2026-03-07,2026-03-07,Delivered,1,116.56,4
SH001409,PO001873,E113,V079,2025-09-21,2025-09-22,Delivered,1,1721.08,25
SH001410,PO000747,E050,V080,2024-05-28,2024-05-28,Delivered,1,335.1,12
SH001411,PO003354,E053,V022,2024-04-06,2024-04-06,Delivered,1,283.37,6
SH001412,PO003193,E020,V089,2026-06-27,2026-06-28,Damaged,1,339.07,17
SH001413,PO004487,E089,V053,2025-06-20,2025-06-20,Delivered,1,294.92,7
SH001414,PO003228,E118,V006,2026-02-19,2026-02-21,Delivered,1,1519.22,54
SH001415,PO001840,E085,V034,2025-12-16,2025-12-17,Delivered,1,856.69,25
SH001416,PO002757,E039,V031,2025-01-25,2025-01-27,Delayed,1,1700.98,55
SH001417,PO001464,E064,V076,2026-05-26,2026-05-27,Delivered,1,728.1,16
SH001418,PO003686,E080,V076,2025-08-29,2025-08-31,In-Transit,1,1689.97,50
SH001419,PO001440,E090,V035,2026-01-10,2026-01-11,Delivered,1,977.77,18
SH001420,PO000688,E118,V032,2025-05-16,2025-05-17,Delivered,1,1260.04,35
SH001421,PO001117,E057,V021,2024-09-11,2024-09-12,Delivered,1,1591.9,29
SH001422,PO004558,E004,V068,2025-11-08,2025-11-10,Delivered,1,1656.23,49
SH001423,PO003583,E092,V055,2025-04-27,2025-04-27,Delivered,1,401.99,11
SH001424,PO004110,E074,V030,2024-05-22,2024-05-23,Damaged,1,919.47,26
SH001425,PO004361,E106,V011,2026-05-15,2026-05-15,Delivered,1,80.46,2
SH001426,PO002012,E015,V059,2025-09-05,2025-09-05,Delivered,1,212.41,4
SH001427,PO004986,E036,V021,2024-06-07,2024-06-07,Delivered,1,48.78,1
SH001428,PO000263,E118,V008,2026-01-19,2026-01-21,Delayed,1,1539.14,58
SH001429,PO000788,E097,V003,2024-06-02,2024-06-03,Damaged,1,479.69,27
SH001430,PO001441,E075,V005,2024-06-06,2024-06-07,Delivered,1,1113.24,34
SH001431,PO000716,E039,V015,2024-11-22,2024-11-23,Delivered,1,740.97,20
SH001432,PO001709,E027,V042,2024-08-21,2024-08-22,Delivered,1,1036.32,29
SH001433,PO002191,E053,V084,2024-03-31,2024-03-31,Delivered,1,67.84,2
SH001434,PO002381,E049,V010,2025-06-29,2025-06-30,Delivered,1,715.27,24
SH001435,PO003557,E081,V061,2025-04-19,2025-04-20,Delivered,1,1542.22,33
SH001436,PO000888,E071,V008,2025-10-25,2025-10-25,Delivered,1,352.15,9
SH001437,PO004662,E055,V055,2024-09-25,2024-09-27,Delayed,1,1132.41,41
SH001438,PO003877,E036,V072,2025-05-17,2025-05-18,In-Transit,1,647.0,23
SH001439,PO004451,E078,V001,2025-07-13,2025-07-13,Delivered,1,139.23,4
SH001440,PO001391,E014,V045,2025-09-03,2025-09-04,In-Transit,1,933.54,20
SH001441,PO001742,E119,V074,2026-03-02,2026-03-04,Delivered,1,1418.39,60
SH001442,PO001618,E073,V055,2024-09-18,2024-09-18,Delivered,1,572.95,11
SH001443,PO002513,E052,V038,2025-06-27,2025-06-28,In-Transit,1,669.97,16
SH001444,PO003942,E034,V053,2024-04-28,2024-04-28,Delivered,1,425.63,8
SH001445,PO003751,E006,V050,2025-03-09,2025-03-11,Delivered,1,1760.22,38
SH001446,PO002344,E101,V040,2024-07-18,2024-07-19,Delivered,1,819.62,25
SH001447,PO000487,E056,V052,2026-07-20,2026-07-20,Delayed,1,241.65,6
SH001448,PO003584,E090,V011,2024-07-11,2024-07-14,Delayed,1,1481.21,65
SH001449,PO003203,E069,V070,2025-06-17,2025-06-18,In-Transit,1,875.7,17
SH001450,PO001493,E086,V090,2024-03-26,2024-03-28,Delivered,1,1197.13,45
SH001451,PO002703,E013,V019,2025-03-27,2025-03-29,Delayed,1,1114.08,44
SH001452,PO000167,E108,V054,2025-05-31,2025-05-31,Delivered,1,258.6,7
SH001453,PO002365,E079,V056,2025-10-28,2025-10-29,Delivered,1,1117.82,25
SH001454,PO000215,E101,V015,2025-02-11,2025-02-14,Damaged,1,1281.52,64
SH001455,PO004065,E089,V082,2026-08-01,2026-08-02,Delivered,1,865.51,20
SH001456,PO002139,E072,V043,2024-06-05,2024-06-06,Delivered,1,1308.6,30
SH001457,PO003657,E012,V060,2025-07-08,2025-07-09,Delivered,1,507.87,19
SH001458,PO002871,E028,V044,2026-01-22,2026-01-24,Delivered,1,1510.06,45
SH001459,PO002308,E112,V053,2025-03-31,2025-03-31,Delivered,1,295.34,6
SH001460,PO001210,E094,V042,2026-01-14,2026-01-15,Delayed,1,706.92,27
SH001461,PO003461,E034,V058,2025-06-30,2025-06-30,Damaged,1,78.47,1
SH001462,PO003677,E044,V079,2025-04-25,2025-04-26,Delivered,1,1315.66,23
SH001463,PO003202,E055,V073,2025-03-03,2025-03-03,Delayed,1,246.74,8
SH001464,PO002920,E059,V029,2025-11-21,2025-11-22,Delivered,1,819.31,20
SH001465,PO001799,E087,V004,2025-01-09,2025-01-13,Damaged,1,1548.1,106
SH001466,PO000797,E027,V071,2025-05-18,2025-05-19,Damaged,1,968.68,34
SH001467,PO000238,E071,V062,2024-09-20,2024-09-22,Delivered,1,1606.82,37
SH001468,PO002689,E050,V009,2024-04-15,2024-04-17,Damaged,1,1295.53,40
SH001469,PO002998,E092,V087,2026-01-13,2026-01-14,Delivered,1,1000.01,27
SH001470,PO002126,E020,V085,2025-08-20,2025-08-20,Delivered,1,270.55,9
SH001471,PO000491,E079,V033,2024-04-07,2024-04-08,Delivered,1,1042.94,30
SH001472,PO000358,E088,V022,2025-03-23,2025-03-24,Delivered,1,1458.04,30
SH001473,PO001526,E029,V070,2025-04-12,2025-04-13,Delayed,1,665.42,34
SH001474,PO001926,E080,V033,2024-02-28,2024-02-29,Delivered,1,1154.32,25
SH001475,PO000261,E076,V037,2025-05-29,2025-05-30,In-Transit,1,1342.89,27
SH001476,PO003900,E044,V081,2025-05-09,2025-05-10,Delivered,1,1363.38,29
SH001477,PO000001,E033,V047,2024-04-21,2024-04-22,Delivered,1,1007.93,35
SH001478,PO001287,E070,V024,2024-05-30,2024-05-31,Delivered,1,1500.44,29
SH001479,PO000786,E012,V052,2026-07-10,2026-07-13,Delivered,1,1634.32,68
SH001480,PO001888,E046,V043,2024-12-20,2024-12-21,Delivered,1,1277.64,19
SH001481,PO002524,E116,V069,2026-01-03,2026-01-03,Delivered,1,386.5,8
SH001482,PO003874,E056,V060,2024-02-09,2024-02-10,Delivered,1,783.22,33
SH001483,PO001886,E088,V069,2025-09-10,2025-09-11,Delivered,1,466.06,13
SH001484,PO002003,E110,V085,2026-05-31,2026-05-31,Delayed,1,203.12,9
SH001485,PO000939,E117,V064,2024-08-01,2024-08-03,Damaged,1,1586.61,45
SH001486,PO002199,E007,V076,2026-04-08,2026-04-08,Delivered,1,443.62,10
SH001487,PO002768,E098,V051,2024-12-08,2024-12-11,Damaged,1,1297.72,71
SH001488,PO002410,E111,V020,2024-06-27,2024-06-28,Damaged,1,895.79,35
SH001489,PO002086,E025,V067,2026-04-26,2026-04-27,Delivered,1,992.71,29
SH001490,PO001269,E115,V037,2024-08-16,2024-08-17,Delivered,1,800.86,22
SH001491,PO004552,E097,V045,2025-10-01,2025-10-02,Delivered,1,953.26,20
SH001492,PO001891,E090,V052,2025-02-28,2025-03-01,Delivered,1,668.16,18
SH001493,PO002060,E024,V002,2025-01-06,2025-01-07,Delivered,1,1332.85,25
SH001494,PO000886,E087,V078,2024-12-30,2024-12-31,Delivered,1,1668.95,32
SH001495,PO002341,E113,V077,2026-05-25,2026-05-26,In-Transit,1,944.27,23
SH001496,PO001817,E065,V053,2024-04-30,2024-05-01,Delayed,1,506.79,20
SH001497,PO003216,E092,V029,2026-02-15,2026-02-16,Delivered,1,1116.64,23
SH001498,PO001619,E055,V007,2024-02-29,2024-03-01,Delivered,1,1207.35,31
SH001499,PO000349,E109,V083,2025-10-06,2025-10-06,Delivered,1,569.48,12
SH001500,PO004479,E042,V080,2026-08-09,2026-08-09,Delivered,1,179.01,3
SH001501,PO004623,E070,V033,2024-09-09,2024-09-09,Delivered,1,343.12,6
SH001502,PO002823,E064,V071,2024-01-08,2024-01-09,Delivered,1,792.56,14
SH001503,PO000563,E063,V022,2026-04-16,2026-04-17,Delivered,1,496.14,15
SH001504,PO002029,E001,V047,2025-12-05,2025-12-06,Damaged,1,594.09,31
SH001505,PO002544,E105,V002,2026-01-03,2026-01-04,Delivered,1,781.47,17
SH001506,PO003110,E026,V090,2025-02-01,2025-02-02,Delivered,1,1030.57,22
SH001507,PO004251,E094,V070,2025-12-14,2025-12-15,Delivered,1,917.74,18
SH001508,PO003481,E106,V017,2025-03-21,2025-03-21,Delivered,1,444.27,8
SH001509,PO000437,E092,V062,2024-06-17,2024-06-18,Delayed,1,735.49,34
SH001510,PO002232,E011,V060,2026-01-25,2026-01-26,Delivered,1,819.7,26
SH001511,PO004309,E078,V076,2024-10-23,2024-10-23,Delivered,1,56.64,2
SH001512,PO004476,E095,V011,2024-08-29,2024-08-31,Delivered,1,1581.24,45
SH001513,PO002640,E016,V053,2025-03-18,2025-03-18,Delayed,1,193.01,6
SH001514,PO000801,E039,V055,2024-12-21,2024-12-21,Delivered,1,318.36,8
SH001515,PO003886,E033,V082,2025-10-24,2025-10-24,Delivered,1,368.28,7
SH001516,PO000103,E006,V022,2025-04-14,2025-04-16,Delivered,1,1621.91,36
SH001517,PO000388,E032,V076,2024-03-12,2024-03-13,Delivered,1,852.94,17
SH001518,PO001974,E078,V041,2026-01-28,2026-01-30,Delayed,1,1049.24,41
SH001519,PO004160,E037,V056,2024-08-12,2024-08-12,Delivered,1,588.74,12
SH001520,PO002760,E008,V007,2024-01-25,2024-01-26,Delayed,1,538.27,20
SH001521,PO000676,E006,V056,2026-04-18,2026-04-19,Delivered,1,740.31,17
SH001522,PO000616,E053,V051,2024-04-18,2024-04-19,Delayed,1,369.2,21
SH001523,PO000968,E072,V023,2025-10-25,2025-10-26,Delivered,1,539.73,14
SH001524,PO004408,E047,V001,2025-03-04,2025-03-04,Delivered,1,97.62,3
SH001525,PO002584,E110,V076,2025-03-29,2025-03-30,Delivered,1,786.41,16
SH001526,PO000366,E075,V070,2024-01-23,2024-01-24,Delivered,1,1082.56,30
SH001527,PO004053,E027,V082,2025-06-11,2025-06-14,Damaged,1,1664.63,76
SH001528,PO003333,E054,V035,2024-10-12,2024-10-13,Delivered,1,710.6,16
SH001529,PO002122,E104,V090,2025-04-25,2025-04-25,Delivered,1,431.59,11
SH001530,PO002505,E039,V017,2025-04-15,2025-04-17,Delivered,1,1537.97,36
SH001531,PO001133,E032,V047,2025-11-06,2025-11-07,Delivered,1,1035.26,27
SH001532,PO001783,E101,V080,2024-05-30,2024-05-30,Delivered,1,112.13,2
SH001533,PO002853,E018,V027,2024-11-05,2024-11-06,Delivered,1,821.09,16
SH001534,PO002529,E081,V069,2025-07-29,2025-07-29,Delivered,1,132.35,3
SH001535,PO000398,E073,V052,2026-01-22,2026-01-22,Delivered,1,199.45,8
SH001536,PO000804,E005,V068,2026-07-19,2026-07-20,Delivered,1,1025.68,22
SH001537,PO001074,E118,V070,2025-08-06,2025-08-06,Delivered,1,297.24,9
SH001538,PO003504,E059,V084,2026-04-06,2026-04-07,Delivered,1,423.23,13
SH001539,PO004812,E012,V073,2026-06-22,2026-06-24,Delivered,1,1213.15,41
SH001540,PO004889,E075,V058,2025-03-30,2025-03-31,Delivered,1,1250.66,30
SH001541,PO003274,E114,V076,2025-10-28,2025-10-28,Delivered,1,309.88,10
SH001542,PO002858,E052,V011,2025-07-20,2025-07-21,Delivered,1,836.6,15
SH001543,PO002903,E079,V016,2025-12-26,2025-12-26,Delivered,1,253.16,5
SH001544,PO004972,E115,V001,2026-03-04,2026-03-05,Delivered,1,709.27,19
SH001545,PO000292,E051,V067,2026-05-05,2026-05-09,Delayed,1,1558.16,94
SH001546,PO002079,E039,V083,2025-11-16,2025-11-17,Delivered,1,652.98,20
SH001547,PO004567,E076,V051,2025-07-27,2025-07-28,Delivered,1,947.02,19
SH001548,PO000623,E110,V045,2024-04-10,2024-04-11,Delivered,1,627.27,22
SH001549,PO002664,E043,V019,2025-04-24,2025-04-25,Delivered,1,704.57,19
SH001550,PO004829,E034,V045,2024-07-07,2024-07-09,Delivered,1,1514.45,36
SH001551,PO001970,E050,V036,2024-07-14,2024-07-15,Delivered,1,629.47,17
SH001552,PO000761,E001,V076,2024-09-11,2024-09-13,Damaged,1,1194.13,40
SH001553,PO003989,E093,V073,2025-06-17,2025-06-18,Delayed,1,690.37,24
SH001554,PO000002,E085,V029,2025-02-20,2025-02-21,In-Transit,1,1379.22,32
SH001555,PO000331,E085,V020,2025-02-27,2025-03-01,Delivered,1,1567.87,37
SH001556,PO004116,E080,V046,2025-04-08,2025-04-10,Delivered,1,1165.76,40
SH001557,PO004210,E115,V007,2026-03-24,2026-03-25,Delivered,1,1148.37,23
SH001558,PO003757,E035,V062,2026-01-21,2026-01-22,Delivered,1,1187.72,32
SH001559,PO001510,E023,V041,2026-06-06,2026-06-06,Delivered,1,291.3,6
SH001560,PO000729,E009,V088,2024-09-04,2024-09-05,Delivered,1,1538.4,31
SH001561,PO004828,E030,V001,2025-11-11,2025-11-12,Delivered,1,1486.04,28
SH001562,PO001936,E071,V011,2026-04-20,2026-04-21,Delivered,1,1361.05,28
SH001563,PO003944,E022,V016,2025-03-02,2025-03-04,Delivered,1,1770.54,40
SH001564,PO000962,E092,V046,2025-05-20,2025-05-21,Delivered,1,1478.0,29
SH001565,PO004832,E059,V036,2026-03-11,2026-03-12,Delivered,1,1043.9,30
SH001566,PO000805,E002,V089,2025-11-26,2025-11-28,Delivered,1,1569.37,49
SH001567,PO002731,E062,V047,2025-08-30,2025-08-31,Delivered,1,573.66,13
SH001568,PO000477,E040,V077,2026-01-16,2026-01-18,Damaged,1,1793.48,54
SH001569,PO003497,E010,V043,2025-08-02,2025-08-02,Delivered,1,333.99,10
SH001570,PO000692,E100,V025,2026-05-11,2026-05-13,Delivered,1,1695.17,36
SH001571,PO001973,E071,V076,2025-07-21,2025-07-21,Damaged,1,74.64,3
SH001572,PO001658,E039,V018,2026-02-03,2026-02-05,Delivered,1,1437.73,46
SH001573,PO004935,E099,V043,2026-01-16,2026-01-19,Damaged,1,1648.73,72
SH001574,PO000229,E030,V028,2025-02-18,2025-02-19,Delivered,1,698.38,13
SH001575,PO004041,E087,V033,2026-06-16,2026-06-16,Delivered,1,541.96,11
SH001576,PO002358,E029,V041,2024-07-22,2024-07-23,Delivered,1,1330.2,29
SH001577,PO002195,E055,V025,2025-11-24,2025-11-25,Delivered,1,1468.37,35
SH001578,PO004353,E116,V032,2025-04-04,2025-04-04,Delivered,1,728.25,12
SH001579,PO000561,E082,V008,2024-05-21,2024-05-23,Delivered,1,1582.6,47
SH001580,PO003078,E003,V087,2026-06-23,2026-06-23,Delivered,1,160.38,5
SH001581,PO004360,E106,V083,2025-04-13,2025-04-14,Delivered,1,1313.29,33
SH001582,PO000387,E013,V065,2024-09-08,2024-09-10,Delivered,1,1063.97,38
SH001583,PO002343,E026,V027,2025-10-22,2025-10-23,In-Transit,1,1167.06,24
SH001584,PO003190,E049,V050,2026-05-04,2026-05-05,Delivered,1,1127.78,29
SH001585,PO004072,E017,V064,2024-09-29,2024-09-30,Delivered,1,1125.66,15
SH001586,PO003665,E119,V079,2024-10-31,2024-10-31,Delivered,1,321.76,8
SH001587,PO004821,E001,V057,2024-04-06,2024-04-06,Delivered,1,356.86,6
SH001588,PO000085,E076,V044,2024-04-08,2024-04-11,Delayed,1,1606.4,62
SH001589,PO001362,E067,V066,2025-01-20,2025-01-21,Delivered,1,1136.72,24
SH001590,PO002089,E112,V078,2025-09-04,2025-09-05,Damaged,1,386.33,18
SH001591,PO000964,E063,V042,2024-05-28,2024-05-30,Delivered,1,1786.42,46
SH001592,PO003700,E022,V004,2026-01-10,2026-01-11,In-Transit,1,1043.17,17
SH001593,PO002288,E022,V037,2024-11-10,2024-11-11,Delayed,1,535.2,21
SH001594,PO000271,E051,V026,2024-11-06,2024-11-07,Delivered,1,1525.88,23
SH001595,PO003009,E114,V002,2025-12-09,2025-12-10,Delivered,1,655.08,15
SH001596,PO004743,E071,V048,2025-08-02,2025-08-03,Delivered,1,1438.16,23
SH001597,PO000397,E035,V012,2024-11-02,2024-11-03,Delivered,1,912.0,15
SH001598,PO002254,E011,V012,2025-01-26,2025-01-27,Delivered,1,903.4,22
SH001599,PO001355,E077,V060,2024-09-30,2024-10-02,Damaged,1,930.82,45
SH001600,PO004521,E016,V016,2026-01-02,2026-01-02,Delivered,1,261.24,7
SH001601,PO004548,E070,V040,2024-07-06,2024-07-06,Damaged,1,139.96,7
SH001602,PO002171,E026,V021,2024-07-11,2024-07-12,Damaged,1,899.3,22
SH001603,PO000046,E061,V041,2025-01-13,2025-01-14,Delivered,1,1006.19,26
SH001604,PO000053,E069,V038,2026-08-10,2026-08-12,Delivered,1,1715.24,49
SH001605,PO003571,E096,V058,2024-06-13,2024-06-15,Delivered,1,1410.13,38
SH001606,PO000662,E099,V078,2026-02-18,2026-02-18,Delivered,1,167.0,4
SH001607,PO002216,E101,V061,2024-11-18,2024-11-19,Delayed,1,1386.11,31
SH001608,PO002420,E086,V004,2025-05-07,2025-05-08,Delivered,1,523.37,17
SH001609,PO002266,E105,V088,2025-03-13,2025-03-13,Delivered,1,72.12,2
SH001610,PO001702,E024,V085,2024-01-17,2024-01-19,Delivered,1,1535.32,45
SH001611,PO000364,E046,V004,2026-03-16,2026-03-18,Delivered,1,1401.49,39
SH001612,PO001580,E103,V022,2025-01-14,2025-01-15,Delivered,1,647.44,15
SH001613,PO001841,E022,V077,2025-01-17,2025-01-18,Delivered,1,1668.7,30
SH001614,PO004551,E068,V021,2024-09-24,2024-09-25,Delivered,1,1222.43,30
SH001615,PO003475,E017,V087,2026-02-15,2026-02-15,Delivered,1,147.46,3
SH001616,PO004777,E047,V085,2025-11-01,2025-11-01,Delivered,1,443.46,12
SH001617,PO003834,E080,V004,2025-05-30,2025-05-31,Delivered,1,1394.53,32
SH001618,PO002991,E067,V073,2024-12-05,2024-12-05,Delivered,1,87.76,2
SH001619,PO003207,E038,V026,2025-11-05,2025-11-05,Delivered,1,287.03,6
SH001620,PO003349,E023,V044,2024-08-09,2024-08-10,Delayed,1,748.72,24
SH001621,PO001452,E111,V049,2025-07-07,2025-07-07,Delivered,1,197.14,4
SH001622,PO000471,E009,V006,2026-08-11,2026-08-11,Delayed,1,176.58,7
SH001623,PO002189,E099,V079,2025-01-03,2025-01-03,Delivered,1,236.21,7
SH001624,PO003901,E072,V046,2024-12-29,2024-12-30,Delivered,1,1524.23,34
SH001625,PO002158,E105,V020,2026-04-09,2026-04-10,Delivered,1,1676.53,24
SH001626,PO003293,E004,V073,2025-05-09,2025-05-11,Delayed,1,1330.18,41
SH001627,PO004108,E063,V035,2025-05-22,2025-05-24,Delivered,1,1488.02,37
SH001628,PO004414,E031,V013,2025-11-03,2025-11-04,Delivered,1,1427.35,23
SH001629,PO002356,E092,V018,2024-03-03,2024-03-03,Delivered,1,79.73,2
SH001630,PO002038,E120,V059,2025-02-12,2025-02-12,Delivered,1,210.85,4
SH001631,PO004247,E052,V039,2026-04-03,2026-04-03,In-Transit,1,370.14,10
SH001632,PO001518,E064,V081,2026-07-24,2026-07-24,Delivered,1,344.29,10
SH001633,PO000921,E044,V052,2025-11-10,2025-11-13,Delayed,1,1601.44,63
SH001634,PO001591,E089,V030,2024-07-10,2024-07-12,Delivered,1,1742.94,51
SH001635,PO003260,E042,V062,2026-08-05,2026-08-06,Delivered,1,899.17,28
SH001636,PO004367,E090,V072,2025-12-10,2025-12-11,Delivered,1,705.86,20
SH001637,PO003650,E120,V078,2025-10-06,2025-10-09,Damaged,1,1611.27,67
SH001638,PO003546,E111,V025,2024-04-17,2024-04-17,Delivered,1,124.23,3
SH001639,PO000032,E044,V084,2025-08-24,2025-08-25,Delivered,1,845.3,27
SH001640,PO003128,E107,V032,2025-04-16,2025-04-17,Delivered,1,891.55,17
SH001641,PO002471,E026,V043,2024-06-29,2024-06-29,In-Transit,1,520.53,10
SH001642,PO004875,E055,V029,2026-05-17,2026-05-17,Delivered,1,474.99,9
SH001643,PO003432,E063,V049,2025-08-27,2025-08-28,Delayed,1,506.43,15
SH001644,PO003913,E063,V078,2024-11-21,2024-11-23,Damaged,1,1197.4,54
SH001645,PO003553,E115,V008,2024-09-29,2024-09-29,Delivered,1,601.71,10
SH001646,PO004076,E076,V047,2024-03-12,2024-03-14,Delivered,1,1124.54,37
SH001647,PO003463,E098,V026,2026-04-08,2026-04-08,Delivered,1,617.13,11
SH001648,PO002682,E002,V086,2026-02-08,2026-02-08,Delivered,1,174.31,4
SH001649,PO001280,E013,V058,2025-01-25,2025-01-27,In-Transit,1,1714.47,49
SH001650,PO002944,E056,V016,2025-12-21,2025-12-23,Delivered,1,1556.4,39
SH001651,PO002489,E115,V063,2025-11-29,2025-11-30,Delivered,1,851.99,28
SH001652,PO001478,E013,V005,2024-06-03,2024-06-04,Delivered,1,1427.83,31
SH001653,PO004462,E067,V027,2026-04-19,2026-04-20,Delayed,1,856.65,29
SH001654,PO002376,E117,V077,2026-07-11,2026-07-11,Delivered,1,341.96,12
SH001655,PO004119,E007,V020,2024-07-31,2024-08-01,Delivered,1,949.31,23
SH001656,PO002481,E094,V019,2025-10-30,2025-10-31,Delayed,1,600.04,21
SH001657,PO004338,E005,V082,2025-01-17,2025-01-18,Delivered,1,775.37,17
SH001658,PO004398,E026,V026,2024-05-30,2024-05-31,Delivered,1,878.73,33
SH001659,PO003290,E028,V056,2024-01-12,2024-01-13,Delivered,1,1278.96,34
SH001660,PO004627,E120,V060,2024-11-14,2024-11-14,Delivered,1,243.81,7
SH001661,PO002417,E027,V029,2024-03-13,2024-03-16,Delayed,1,1436.1,69
SH001662,PO002643,E019,V040,2025-02-02,2025-02-03,Delivered,1,747.89,20
SH001663,PO001029,E050,V028,2024-06-15,2024-06-16,Delivered,1,429.66,13
SH001664,PO003039,E003,V065,2026-01-31,2026-02-02,Damaged,1,1543.59,44
SH001665,PO004269,E054,V050,2026-02-21,2026-02-21,Delayed,1,128.47,6
SH001666,PO000070,E096,V013,2026-08-12,2026-08-13,Delivered,1,1218.58,34
SH001667,PO003061,E077,V085,2025-04-12,2025-04-12,Delivered,1,215.09,7
SH001668,PO002659,E120,V037,2024-04-30,2024-04-30,Delivered,1,555.9,12
SH001669,PO000549,E033,V078,2025-08-24,2025-08-24,In-Transit,1,325.46,8
SH001670,PO001081,E043,V009,2026-07-28,2026-07-28,In-Transit,1,493.15,9
SH001671,PO001691,E041,V015,2026-01-17,2026-01-17,Delivered,1,347.02,12
SH001672,PO002879,E082,V015,2024-05-16,2024-05-18,Delivered,1,1353.99,43
SH001673,PO002010,E073,V082,2024-07-08,2024-07-08,Delivered,1,364.78,7
SH001674,PO002446,E037,V011,2025-10-28,2025-10-28,Delivered,1,131.46,3
SH001675,PO003243,E100,V040,2025-02-16,2025-02-17,Delivered,1,441.49,16
SH001676,PO004591,E047,V021,2026-03-27,2026-03-30,Damaged,1,1608.2,65
SH001677,PO000989,E083,V063,2025-10-14,2025-10-15,Delivered,1,444.15,13
SH001678,PO001560,E037,V018,2026-01-31,2026-02-01,Delivered,1,755.3,17
SH001679,PO000444,E113,V042,2024-05-13,2024-05-13,Delivered,1,257.8,5
SH001680,PO002161,E104,V071,2025-08-08,2025-08-08,Delivered,1,328.23,10
SH001681,PO001365,E020,V008,2026-04-09,2026-04-09,Delivered,1,245.25,7
SH001682,PO004506,E070,V072,2026-06-23,2026-06-25,Damaged,1,1714.25,56
SH001683,PO004753,E021,V050,2025-06-02,2025-06-02,Delivered,1,98.28,2
SH001684,PO002996,E048,V012,2025-06-19,2025-06-20,Delivered,1,1074.85,21
SH001685,PO004022,E062,V043,2026-07-30,2026-07-31,Delivered,1,431.14,14
SH001686,PO002364,E071,V036,2024-04-26,2024-04-28,Delayed,1,1407.71,40
SH001687,PO002716,E027,V015,2026-01-18,2026-01-18,Delivered,1,194.45,7
SH001688,PO003068,E093,V005,2025-11-27,2025-11-29,Delivered,1,1650.72,38
SH001689,PO000819,E108,V062,2026-06-10,2026-06-11,Delivered,1,886.29,22
SH001690,PO000646,E115,V024,2024-04-07,2024-04-09,Delivered,1,1203.85,36
SH001691,PO004199,E090,V027,2024-04-05,2024-04-06,Delivered,1,730.96,14
SH001692,PO001603,E071,V005,2025-06-26,2025-06-27,Delivered,1,664.82,13
SH001693,PO004912,E079,V005,2024-03-03,2024-03-04,Delivered,1,1461.84,29
SH001694,PO002466,E049,V070,2024-12-28,2024-12-29,Delivered,1,549.79,15
SH001695,PO000871,E089,V029,2025-05-05,2025-05-06,Delivered,1,940.07,20
SH001696,PO000453,E050,V068,2025-07-25,2025-07-26,Delivered,1,543.74,17
SH001697,PO002894,E027,V049,2026-06-26,2026-06-26,Delivered,1,50.27,2
SH001698,PO001457,E089,V026,2025-02-25,2025-02-25,Delivered,1,232.52,6
SH001699,PO001766,E001,V058,2025-02-18,2025-02-19,Delivered,1,754.21,15
SH001700,PO004016,E054,V051,2025-12-16,2025-12-17,Delivered,1,445.02,16
SH001701,PO001438,E004,V014,2026-03-08,2026-03-10,Delivered,1,1792.26,59
SH001702,PO004412,E105,V039,2024-09-28,2024-09-30,In-Transit,1,1380.52,37
SH001703,PO002782,E036,V036,2026-05-29,2026-05-30,Delivered,1,694.7,21
SH001704,PO003770,E070,V043,2025-07-07,2025-07-08,Delayed,1,740.75,23
SH001705,PO004402,E010,V024,2026-06-04,2026-06-05,Delivered,1,828.57,23
SH001706,PO002044,E116,V033,2025-03-04,2025-03-05,Damaged,1,506.48,20
SH001707,PO002291,E119,V087,2025-04-29,2025-04-30,Delivered,1,870.75,28
SH001708,PO003621,E104,V021,2025-06-10,2025-06-11,Delivered,1,649.72,14
SH001709,PO002958,E039,V078,2024-02-16,2024-02-18,Delayed,1,1664.38,57
SH001710,PO004959,E016,V018,2024-07-16,2024-07-16,Delivered,1,352.97,8
SH001711,PO002742,E057,V044,2025-09-22,2025-09-23,Delivered,1,715.39,20
SH001712,PO001655,E006,V087,2025-09-13,2025-09-14,Delivered,1,1789.68,31
SH001713,PO001130,E041,V079,2026-04-25,2026-04-25,Delivered,1,48.14,2
SH001714,PO004245,E080,V083,2025-11-28,2025-11-30,Delivered,1,1455.76,39
SH001715,PO003183,E063,V070,2024-12-09,2024-12-11,Delivered,1,1774.57,47
SH001716,PO004699,E072,V042,2024-01-25,2024-01-26,Delivered,1,806.31,27
SH001717,PO002008,E003,V081,2024-01-31,2024-02-01,Delivered,1,1265.16,22
SH001718,PO002467,E034,V082,2025-05-29,2025-05-30,Delivered,1,820.2,23
SH001719,PO004483,E025,V018,2026-07-19,2026-07-19,In-Transit,1,132.1,4
SH001720,PO001896,E042,V028,2024-02-16,2024-02-16,Delivered,1,455.48,8
SH001721,PO004261,E004,V001,2025-06-04,2025-06-05,Delayed,1,935.74,35
SH001722,PO000485,E052,V006,2025-12-14,2025-12-16,Delivered,1,1386.26,36
SH001723,PO003142,E116,V031,2025-02-13,2025-02-13,Delivered,1,392.74,10
SH001724,PO002095,E070,V028,2025-12-22,2025-12-24,Delayed,1,1401.32,55
SH001725,PO004954,E120,V024,2025-04-22,2025-04-23,Delivered,1,688.15,16
SH001726,PO000500,E003,V001,2025-10-02,2025-10-04,Delivered,1,1750.65,36
SH001727,PO002272,E117,V006,2024-06-28,2024-06-29,Delivered,1,927.91,15
SH001728,PO000981,E114,V056,2024-11-30,2024-12-01,Delivered,1,1018.25,33
SH001729,PO003417,E112,V063,2026-06-14,2026-06-15,Delivered,1,1395.52,31
SH001730,PO004861,E052,V021,2025-04-25,2025-04-26,Delivered,1,821.44,21
SH001731,PO001218,E118,V022,2026-03-02,2026-03-03,Delivered,1,1065.94,24
SH001732,PO002583,E042,V049,2026-08-06,2026-08-08,Delivered,1,1361.68,38
SH001733,PO000421,E048,V074,2024-09-28,2024-09-28,Delivered,1,195.57,4
SH001734,PO004188,E077,V018,2024-02-08,2024-02-10,Delivered,1,1363.07,44
SH001735,PO001065,E002,V015,2025-08-08,2025-08-09,Delayed,1,1398.78,33
SH001736,PO004477,E030,V048,2024-10-11,2024-10-11,Delivered,1,228.43,5
SH001737,PO002115,E084,V083,2025-04-01,2025-04-01,Delivered,1,45.8,1
SH001738,PO004284,E089,V033,2025-04-23,2025-04-23,Delayed,1,335.93,12
SH001739,PO002601,E095,V034,2024-05-05,2024-05-05,Delivered,1,540.31,11
SH001740,PO004059,E084,V004,2024-08-12,2024-08-12,Delayed,1,220.69,6
SH001741,PO004616,E004,V007,2025-07-25,2025-07-26,Damaged,1,672.91,26
SH001742,PO002409,E028,V012,2024-09-29,2024-10-01,Delayed,1,1310.96,48
SH001743,PO002553,E059,V062,2025-09-02,2025-09-03,Delivered,1,462.77,16
SH001744,PO001522,E021,V017,2025-07-16,2025-07-17,Delivered,1,1375.97,32
SH001745,PO004681,E109,V078,2024-12-09,2024-12-09,Delivered,1,136.53,3
SH001746,PO002945,E058,V012,2025-06-24,2025-06-25,Damaged,1,480.14,19
SH001747,PO003229,E056,V044,2025-10-15,2025-10-16,Delivered,1,927.05,19
SH001748,PO000478,E090,V031,2025-12-15,2025-12-16,Delivered,1,602.71,22
SH001749,PO000787,E019,V032,2025-01-27,2025-01-28,In-Transit,1,763.57,25
SH001750,PO002495,E102,V006,2025-01-16,2025-01-17,Delivered,1,1537.78,28
SH001751,PO003489,E037,V069,2025-01-17,2025-01-18,Delivered,1,919.58,19
SH001752,PO001626,E037,V057,2024-05-22,2024-05-24,Delivered,1,1424.46,41
SH001753,PO000029,E002,V055,2024-03-05,2024-03-06,Delivered,1,865.93,18
SH001754,PO002735,E098,V087,2024-04-18,2024-04-20,Delivered,1,1431.88,38
SH001755,PO000540,E112,V050,2024-05-25,2024-05-26,Delivered,1,714.43,20
SH001756,PO002986,E109,V018,2024-12-12,2024-12-13,Delivered,1,739.72,23
SH001757,PO004577,E022,V042,2025-04-10,2025-04-12,Delivered,1,1662.23,49
SH001758,PO004787,E093,V012,2026-07-05,2026-07-07,Delayed,1,1382.41,37
SH001759,PO001517,E070,V071,2025-05-16,2025-05-16,Delivered,1,101.37,4
SH001760,PO000187,E098,V009,2025-06-03,2025-06-05,Delivered,1,1696.78,45
SH001761,PO004321,E019,V041,2024-06-18,2024-06-20,Delivered,1,1528.97,50
SH001762,PO000728,E025,V011,2024-11-13,2024-11-15,Delivered,1,1215.91,36
SH001763,PO001122,E063,V054,2024-10-26,2024-10-26,In-Transit,1,312.58,11
SH001764,PO001421,E085,V063,2024-09-28,2024-09-29,Delivered,1,813.97,20
SH001765,PO001212,E004,V003,2026-06-19,2026-06-20,Delivered,1,1217.27,24
SH001766,PO001829,E078,V079,2026-06-16,2026-06-17,Delivered,1,1413.11,28
SH001767,PO002974,E104,V037,2024-02-16,2024-02-17,Delivered,1,1284.71,34
SH001768,PO000906,E061,V018,2026-06-06,2026-06-07,Delivered,1,914.12,21
SH001769,PO001181,E063,V082,2024-11-23,2024-11-24,Delivered,1,604.25,17
SH001770,PO002792,E003,V078,2024-11-21,2024-11-22,Delayed,1,310.9,16
SH001771,PO000206,E037,V068,2025-08-22,2025-08-24,Delayed,1,973.78,39
SH001772,PO004094,E027,V088,2025-07-17,2025-07-19,Delivered,1,1581.79,47
SH001773,PO003015,E083,V006,2024-10-04,2024-10-05,Delivered,1,1255.97,25
SH001774,PO003992,E111,V003,2025-03-21,2025-03-23,Delivered,1,1798.04,41
SH001775,PO002357,E102,V069,2024-03-28,2024-03-30,Delivered,1,1285.68,38
SH001776,PO003351,E065,V039,2024-12-08,2024-12-09,Delivered,1,1721.2,29
SH001777,PO004164,E089,V057,2025-07-11,2025-07-12,Delivered,1,809.69,20
SH001778,PO002394,E065,V056,2025-02-26,2025-02-26,Delivered,1,478.91,11
SH001779,PO003529,E002,V089,2024-05-19,2024-05-20,Delivered,1,1005.09,19
SH001780,PO002839,E096,V064,2024-08-05,2024-08-05,Delivered,1,353.05,8
SH001781,PO003123,E088,V021,2025-03-30,2025-03-31,Delivered,1,717.42,14
SH001782,PO003610,E026,V079,2025-06-16,2025-06-17,Delivered,1,1534.03,32
SH001783,PO000165,E052,V004,2024-07-27,2024-07-28,Delivered,1,682.25,13
SH001784,PO003682,E109,V069,2024-08-29,2024-08-30,Delivered,1,687.24,17
SH001785,PO004262,E036,V082,2025-02-22,2025-02-23,Delivered,1,685.39,15
SH001786,PO004555,E041,V056,2024-11-06,2024-11-07,Delivered,1,719.04,20
SH001787,PO004913,E111,V084,2025-08-21,2025-08-22,Delivered,1,1037.75,17
SH001788,PO004934,E108,V086,2025-08-11,2025-08-12,Delivered,1,738.41,17
SH001789,PO001597,E012,V052,2026-07-30,2026-07-31,Delivered,1,1550.09,28
SH001790,PO001229,E097,V029,2025-02-05,2025-02-05,Delivered,1,280.1,9
SH001791,PO002905,E102,V053,2025-12-28,2025-12-28,Delivered,1,130.63,3
SH001792,PO001624,E058,V081,2024-11-10,2024-11-11,Delivered,1,660.4,17
SH001793,PO000645,E042,V046,2025-11-04,2025-11-05,Delivered,1,997.28,26
SH001794,PO003696,E083,V058,2026-02-23,2026-02-24,Delivered,1,1389.12,24
SH001795,PO001772,E086,V030,2026-03-01,2026-03-01,Delivered,1,160.8,3
SH001796,PO004713,E055,V016,2025-11-30,2025-12-01,Delivered,1,392.3,13
SH001797,PO000782,E104,V037,2024-10-14,2024-10-16,Delayed,1,1122.3,55
SH001798,PO001976,E013,V009,2026-07-31,2026-08-02,Delivered,1,1357.45,45
SH001799,PO004277,E001,V083,2025-11-29,2025-11-29,Delivered,1,259.11,6
SH001800,PO003400,E057,V063,2025-01-04,2025-01-04,Delivered,1,342.46,8
SH001801,PO003330,E106,V058,2025-04-04,2025-04-04,Delivered,1,489.22,10
SH001802,PO000845,E118,V004,2026-01-11,2026-01-13,Delivered,1,1740.86,55
SH001803,PO001980,E056,V084,2025-05-11,2025-05-12,Delivered,1,1511.26,28
SH001804,PO000210,E103,V011,2025-11-24,2025-11-25,Delivered,1,628.6,15
SH001805,PO001750,E041,V062,2024-04-09,2024-04-10,Delivered,1,940.57,16
SH001806,PO002992,E051,V026,2024-08-22,2024-08-22,Delivered,1,75.22,2
SH001807,PO000767,E079,V075,2024-09-13,2024-09-14,Damaged,1,576.91,23
SH001808,PO001423,E049,V072,2024-11-09,2024-11-10,Delivered,1,831.85,35
SH001809,PO003839,E048,V031,2026-06-24,2026-06-25,Delivered,1,673.43,17
SH001810,PO002316,E078,V018,2024-06-14,2024-06-16,Delayed,1,1260.21,48
SH001811,PO001169,E006,V074,2026-05-26,2026-05-27,Delivered,1,1036.09,16
SH001812,PO003634,E105,V062,2025-02-01,2025-02-02,Delivered,1,1035.47,31
SH001813,PO004781,E030,V067,2026-01-26,2026-01-26,Delivered,1,508.77,7
SH001814,PO000342,E087,V030,2025-06-12,2025-06-16,Delayed,1,1555.35,86
SH001815,PO003869,E041,V017,2024-03-30,2024-04-01,Delivered,1,1609.34,55
SH001816,PO000955,E073,V033,2025-02-22,2025-02-23,Delivered,1,1309.63,27
SH001817,PO004204,E028,V061,2026-07-23,2026-07-23,Delivered,1,237.02,6
SH001818,PO001765,E043,V086,2024-01-31,2024-01-31,Delivered,1,258.72,7
SH001819,PO000912,E043,V073,2024-11-07,2024-11-08,Delivered,1,808.25,14
SH001820,PO000121,E086,V050,2025-03-20,2025-03-23,Delayed,1,1756.63,64
SH001821,PO001744,E007,V075,2024-11-25,2024-11-25,Delayed,1,327.95,12
SH001822,PO000744,E086,V012,2025-04-04,2025-04-06,In-Transit,1,1591.64,57
SH001823,PO003628,E101,V032,2024-12-03,2024-12-05,Delivered,1,1716.73,44
SH001824,PO001610,E095,V082,2025-10-19,2025-10-21,Delayed,1,576.31,44
SH001825,PO000381,E099,V057,2025-02-08,2025-02-10,Delivered,1,1304.84,43
SH001826,PO004768,E104,V009,2026-07-23,2026-07-23,Damaged,1,107.42,4
SH001827,PO000822,E077,V061,2026-05-22,2026-05-23,Delivered,1,569.75,20
SH001828,PO002309,E088,V014,2024-08-21,2024-08-23,Delivered,1,1447.54,48
SH001829,PO004723,E065,V012,2024-02-01,2024-02-01,In-Transit,1,67.3,2
SH001830,PO002102,E022,V043,2026-02-13,2026-02-14,Delivered,1,619.8,20
SH001831,PO002770,E025,V036,2025-04-11,2025-04-12,Damaged,1,761.14,20
SH001832,PO001726,E084,V004,2024-11-30,2024-12-01,Delivered,1,475.77,15
SH001833,PO003188,E104,V042,2024-03-16,2024-03-17,Delivered,1,724.99,28
SH001834,PO001039,E012,V034,2025-02-15,2025-02-15,Delivered,1,387.86,12
SH001835,PO002065,E100,V085,2024-05-21,2024-05-22,Delivered,1,764.41,19
SH001836,PO002971,E060,V071,2026-04-12,2026-04-13,Delivered,1,1236.06,24
SH001837,PO003084,E018,V066,2025-12-04,2025-12-04,Damaged,1,136.45,7
SH001838,PO003909,E035,V006,2024-06-06,2024-06-07,Delayed,1,476.84,15
SH001839,PO001293,E073,V042,2025-08-29,2025-08-31,Delivered,1,1408.21,50
SH001840,PO004748,E108,V034,2026-07-19,2026-07-19,Delivered,1,264.26,5
SH001841,PO000746,E083,V035,2025-08-09,2025-08-09,Delivered,1,437.17,9
SH001842,PO002528,E033,V056,2026-02-04,2026-02-04,Delivered,1,440.98,8
SH001843,PO002025,E019,V003,2024-10-04,2024-10-05,Delivered,1,1363.68,25
SH001844,PO002207,E027,V040,2025-04-03,2025-04-05,Damaged,1,1597.98,57
SH001845,PO003527,E089,V024,2024-03-05,2024-03-06,Delivered,1,527.52,16
SH001846,PO001927,E024,V069,2024-05-04,2024-05-05,Delivered,1,820.28,20
SH001847,PO002412,E042,V027,2024-06-30,2024-07-01,Delivered,1,1032.29,30
SH001848,PO003027,E101,V080,2026-06-18,2026-06-22,Delayed,1,1776.52,89
SH001849,PO001542,E010,V003,2026-02-07,2026-02-07,Delivered,1,205.55,6
SH001850,PO002050,E106,V084,2026-03-09,2026-03-09,Delivered,1,575.84,10
SH001851,PO002237,E097,V069,2024-05-27,2024-05-31,Delayed,1,1772.1,99
SH001852,PO002247,E079,V068,2025-12-01,2025-12-01,Delivered,1,316.64,10
SH001853,PO001964,E070,V010,2026-02-09,2026-02-10,Delivered,1,1693.2,34
SH001854,PO004526,E056,V045,2024-05-10,2024-05-10,In-Transit,1,97.5,3
SH001855,PO003789,E103,V055,2024-08-02,2024-08-03,Delivered,1,1612.41,32
SH001856,PO002941,E034,V053,2025-07-19,2025-07-19,Delayed,1,182.17,11
SH001857,PO001611,E101,V001,2026-04-05,2026-04-06,Delivered,1,855.03,23
SH001858,PO002707,E025,V088,2024-02-10,2024-02-11,Delivered,1,648.72,14
SH001859,PO003660,E035,V007,2025-08-11,2025-08-13,In-Transit,1,1789.56,52
SH001860,PO000498,E024,V026,2025-11-24,2025-11-25,Damaged,1,1497.05,35
SH001861,PO002117,E007,V077,2025-05-15,2025-05-16,Delivered,1,869.0,13
SH001862,PO002949,E039,V030,2025-03-11,2025-03-12,Delivered,1,737.4,24
SH001863,PO004221,E056,V088,2024-05-14,2024-05-15,Delivered,1,751.92,21
SH001864,PO002520,E048,V019,2025-11-20,2025-11-22,Delivered,1,1353.28,55
SH001865,PO001455,E021,V028,2025-11-06,2025-11-07,Delivered,1,1521.51,32
SH001866,PO002989,E103,V021,2026-03-15,2026-03-15,Delivered,1,137.73,2
SH001867,PO001607,E037,V086,2024-05-11,2024-05-12,Delivered,1,841.69,16
SH001868,PO002074,E087,V073,2024-10-28,2024-10-29,Delivered,1,598.1,15
SH001869,PO003143,E061,V038,2025-04-15,2025-04-15,Delivered,1,139.95,5
SH001870,PO003184,E059,V004,2024-03-06,2024-03-08,Delivered,1,1341.16,40
SH001871,PO000996,E025,V045,2024-11-18,2024-11-20,Delivered,1,1431.31,40
SH001872,PO001078,E043,V084,2024-02-25,2024-02-26,Delivered,1,1197.27,24
SH001873,PO004279,E002,V031,2026-07-04,2026-07-06,Delivered,1,1433.31,39
SH001874,PO003730,E108,V016,2025-08-01,2025-08-02,Delivered,1,805.91,27
SH001875,PO001002,E073,V070,2024-09-01,2024-09-02,Delivered,1,990.61,18
SH001876,PO000850,E098,V061,2024-12-04,2024-12-07,Delayed,1,1469.5,62
SH001877,PO001941,E060,V015,2026-04-25,2026-04-26,In-Transit,1,976.23,28
SH001878,PO002818,E021,V015,2026-02-26,2026-02-26,Delivered,1,159.53,3
SH001879,PO002465,E059,V078,2025-06-26,2025-06-27,Delivered,1,868.73,21
SH001880,PO000052,E119,V062,2024-02-26,2024-02-27,Damaged,1,503.84,16
SH001881,PO004621,E041,V037,2025-10-18,2025-10-19,Delivered,1,1068.53,24
SH001882,PO004655,E044,V065,2026-05-17,2026-05-18,Damaged,1,507.93,22
SH001883,PO002159,E002,V042,2025-12-19,2025-12-19,Delivered,1,389.34,9
SH001884,PO003378,E057,V034,2024-02-28,2024-02-28,Delivered,1,171.56,3
SH001885,PO003199,E108,V002,2026-08-12,2026-08-16,Damaged,1,1487.87,97
SH001886,PO002242,E006,V021,2026-07-24,2026-07-25,Delivered,1,990.91,35
SH001887,PO004629,E103,V033,2026-02-27,2026-02-28,Delivered,1,1174.45,22
SH001888,PO002100,E089,V009,2026-06-22,2026-06-22,Delivered,1,263.57,6
SH001889,PO004739,E002,V022,2025-01-30,2025-02-01,Delivered,1,1392.2,44
SH001890,PO003473,E045,V035,2025-12-07,2025-12-08,Delivered,1,1002.25,25
SH001891,PO003509,E047,V052,2025-01-27,2025-01-28,Delivered,1,985.24,18
SH001892,PO000481,E031,V001,2025-09-07,2025-09-08,Delivered,1,880.67,30
SH001893,PO000619,E053,V088,2024-08-06,2024-08-07,Delivered,1,1202.01,23
SH001894,PO002119,E093,V036,2024-03-24,2024-03-26,Delivered,1,1677.93,58
SH001895,PO003771,E027,V002,2025-03-13,2025-03-13,Delivered,1,337.78,8
SH001896,PO001233,E109,V016,2025-03-11,2025-03-13,Delivered,1,1236.31,40
SH001897,PO004645,E099,V007,2024-11-08,2024-11-10,Delivered,1,1647.59,55
SH001898,PO004384,E071,V052,2024-09-11,2024-09-12,Delivered,1,1043.01,26
SH001899,PO000143,E103,V065,2024-09-15,2024-09-17,Delivered,1,1479.85,38
SH001900,PO002633,E041,V088,2024-06-16,2024-06-18,Delayed,1,1748.07,54
SH001901,PO003480,E083,V075,2026-07-01,2026-07-02,Delivered,1,435.12,15
SH001902,PO001197,E094,V088,2024-09-14,2024-09-15,Delivered,1,914.85,35
SH001903,PO003506,E038,V042,2024-05-05,2024-05-05,Delivered,1,477.88,7
SH001904,PO002360,E083,V025,2025-09-02,2025-09-02,Delivered,1,49.79,1
SH001905,PO002451,E059,V023,2024-12-28,2024-12-29,Delivered,1,1307.77,32
SH001906,PO003708,E113,V009,2024-07-14,2024-07-16,Delivered,1,1643.03,54
SH001907,PO004815,E003,V035,2025-06-01,2025-06-03,Damaged,1,1385.15,52
SH001908,PO001503,E116,V090,2024-11-15,2024-11-15,Delivered,1,415.34,10
SH001909,PO002966,E051,V060,2024-06-22,2024-06-23,Damaged,1,980.39,35
SH001910,PO003873,E060,V008,2026-07-20,2026-07-22,Delivered,1,1640.62,52
SH001911,PO000956,E076,V090,2025-01-14,2025-01-14,Delivered,1,380.07,11
SH001912,PO000575,E073,V008,2025-05-25,2025-05-28,Delayed,1,1614.39,81
SH001913,PO000423,E027,V030,2026-06-20,2026-06-20,Delivered,1,490.81,10
SH001914,PO000009,E008,V084,2026-04-29,2026-05-01,Damaged,1,1320.09,56
SH001915,PO001038,E031,V060,2025-09-05,2025-09-06,In-Transit,1,986.52,14
SH001916,PO004228,E054,V040,2025-09-04,2025-09-04,Delivered,1,118.83,2
SH001917,PO000951,E079,V035,2026-06-03,2026-06-04,Delivered,1,750.61,14
SH001918,PO003887,E032,V028,2026-07-30,2026-07-30,Damaged,1,163.34,5
SH001919,PO002579,E082,V017,2025-10-11,2025-10-11,Delivered,1,276.92,6
SH001920,PO001997,E047,V012,2024-09-27,2024-09-28,Delivered,1,925.25,23
SH001921,PO004575,E112,V037,2026-02-01,2026-02-02,Delivered,1,1566.71,29
SH001922,PO001801,E033,V086,2025-07-11,2025-07-13,Delayed,1,1652.76,49
SH001923,PO003083,E031,V029,2026-05-09,2026-05-13,Delayed,1,1741.26,90
SH001924,PO001938,E082,V065,2025-04-03,2025-04-03,Delivered,1,59.79,2
SH001925,PO002181,E120,V026,2025-11-12,2025-11-12,Delivered,1,341.24,7
SH001926,PO000657,E048,V005,2025-07-03,2025-07-04,Delivered,1,1166.82,33
SH001927,PO002321,E039,V046,2024-02-28,2024-02-29,Delivered,1,1320.55,25
SH001928,PO003073,E050,V036,2024-10-26,2024-10-27,Delivered,1,501.71,17
SH001929,PO000785,E106,V022,2026-04-06,2026-04-08,In-Transit,1,1607.69,40
SH001930,PO000988,E039,V009,2026-05-25,2026-05-26,Delayed,1,958.39,34
SH001931,PO003338,E058,V002,2026-07-06,2026-07-07,Delivered,1,597.69,17
SH001932,PO000859,E116,V014,2026-03-08,2026-03-08,Delivered,1,303.23,7
SH001933,PO003800,E032,V042,2025-11-22,2025-11-23,Delivered,1,1062.81,29
SH001934,PO001979,E120,V043,2024-08-18,2024-08-19,Delivered,1,1170.06,17
SH001935,PO004003,E056,V087,2025-02-14,2025-02-15,Delivered,1,1434.85,21
SH001936,PO001961,E089,V054,2024-05-17,2024-05-19,Delivered,1,1612.21,46
SH001937,PO003011,E026,V083,2025-11-21,2025-11-22,Delivered,1,777.6,18
SH001938,PO000174,E026,V078,2024-04-18,2024-04-18,In-Transit,1,196.97,4
SH001939,PO001202,E115,V060,2025-09-06,2025-09-07,Delivered,1,760.19,20
SH001940,PO002590,E012,V063,2024-12-21,2024-12-21,Delivered,1,83.38,2
SH001941,PO001367,E034,V069,2025-04-27,2025-04-27,Delayed,1,353.17,9
SH001942,PO000231,E092,V042,2025-01-24,2025-01-24,Delivered,1,404.15,8
SH001943,PO003970,E024,V056,2025-07-05,2025-07-07,Delivered,1,1782.97,36
SH001944,PO003507,E039,V087,2026-03-25,2026-03-25,Delivered,1,316.22,10
SH001945,PO001826,E014,V079,2024-12-11,2024-12-13,Delivered,1,1782.68,39
SH001946,PO000536,E010,V004,2024-10-15,2024-10-15,Delivered,1,143.47,4
SH001947,PO004443,E084,V021,2025-06-16,2025-06-16,Delivered,1,410.22,8
SH001948,PO002939,E064,V059,2024-06-26,2024-06-27,Delivered,1,742.75,27
SH001949,PO000189,E114,V046,2026-07-20,2026-07-22,In-Transit,1,1487.32,39
SH001950,PO002223,E087,V038,2026-03-17,2026-03-17,Delivered,1,371.08,11
SH001951,PO003452,E037,V086,2024-04-20,2024-04-21,Delivered,1,892.02,20
SH001952,PO003760,E062,V045,2025-12-22,2025-12-23,Delivered,1,932.61,26
SH001953,PO002622,E119,V060,2025-01-27,2025-01-28,Delivered,1,1442.29,23
SH001954,PO004300,E084,V004,2024-04-26,2024-04-27,Delayed,1,831.59,30
SH001955,PO003693,E008,V053,2025-04-17,2025-04-17,Delivered,1,355.26,9
SH001956,PO003219,E081,V076,2025-11-27,2025-11-29,Delivered,1,1252.19,39
SH001957,PO001644,E037,V008,2024-03-28,2024-03-29,Delivered,1,870.53,19
SH001958,PO004293,E095,V085,2024-08-27,2024-08-27,Delivered,1,223.09,5
SH001959,PO001064,E078,V061,2024-12-13,2024-12-14,In-Transit,1,1106.9,31
SH001960,PO003231,E059,V006,2026-03-11,2026-03-12,Delivered,1,1170.72,24
SH001961,PO001884,E103,V063,2025-07-21,2025-07-21,In-Transit,1,224.92,5
SH001962,PO000736,E054,V084,2026-05-26,2026-05-26,Delivered,1,200.64,5
SH001963,PO003670,E087,V036,2026-04-13,2026-04-14,In-Transit,1,796.73,17
SH001964,PO000346,E027,V045,2025-07-09,2025-07-09,Delivered,1,147.33,5
SH001965,PO001343,E008,V060,2024-06-18,2024-06-18,Delivered,1,176.86,5
SH001966,PO002793,E092,V072,2025-09-07,2025-09-07,Delivered,1,416.66,10
SH001967,PO001775,E106,V071,2024-03-27,2024-03-27,Damaged,1,49.9,1
SH001968,PO000885,E064,V064,2025-01-29,2025-01-29,Delivered,1,317.52,8
SH001969,PO000837,E022,V034,2025-02-05,2025-02-07,In-Transit,1,1515.05,39
SH001970,PO001834,E075,V053,2025-02-27,2025-03-02,Delivered,1,1729.42,71
SH001971,PO003063,E077,V075,2026-04-13,2026-04-14,In-Transit,1,589.09,18
SH001972,PO000013,E016,V035,2024-08-01,2024-08-02,Delivered,1,1216.88,25
SH001973,PO002559,E114,V084,2026-06-17,2026-06-17,Damaged,1,107.27,2
SH001974,PO003484,E087,V014,2026-03-22,2026-03-23,In-Transit,1,1370.04,29
SH001975,PO004341,E032,V048,2025-01-04,2025-01-04,Delivered,1,277.69,7
SH001976,PO004939,E004,V047,2025-08-25,2025-08-27,Delayed,1,1279.02,56
SH001977,PO000290,E083,V005,2024-05-21,2024-05-21,Delivered,1,409.24,8
SH001978,PO003024,E081,V084,2025-04-08,2025-04-10,Delivered,1,1045.46,36
SH001979,PO002667,E004,V025,2024-11-07,2024-11-08,In-Transit,1,587.83,13
SH001980,PO002437,E030,V085,2025-09-24,2025-09-24,Delivered,1,54.23,1
SH001981,PO003540,E066,V052,2025-04-23,2025-04-24,Delivered,1,578.35,16
SH001982,PO001257,E009,V034,2024-01-18,2024-01-20,Delivered,1,1673.49,45
SH001983,PO000543,E014,V089,2024-08-29,2024-08-30,Delivered,1,440.63,14
SH001984,PO000239,E010,V083,2024-01-07,2024-01-09,Delayed,1,1181.87,54
SH001985,PO004227,E116,V045,2025-10-03,2025-10-04,Delivered,1,1305.96,26
SH001986,PO004708,E051,V028,2025-08-21,2025-08-23,Delivered,1,1604.26,42
SH001987,PO000163,E077,V079,2025-07-22,2025-07-23,Damaged,1,1129.04,35
SH001988,PO002914,E038,V077,2024-03-23,2024-03-23,Delivered,1,434.86,9
SH001989,PO002738,E067,V038,2024-12-10,2024-12-12,Delayed,1,1192.03,60
SH001990,PO004969,E068,V089,2025-05-01,2025-05-01,Delivered,1,265.32,7
SH001991,PO002856,E050,V026,2024-10-04,2024-10-04,Delivered,1,96.61,2
SH001992,PO002632,E024,V031,2025-05-11,2025-05-12,Delivered,1,563.21,14
SH001993,PO000931,E028,V086,2024-06-24,2024-06-26,Delayed,1,1504.54,40
SH001994,PO004178,E030,V049,2025-11-24,2025-11-25,Delivered,1,999.09,19
SH001995,PO000441,E039,V012,2024-02-17,2024-02-18,Damaged,1,370.07,16
SH001996,PO004948,E080,V049,2026-08-02,2026-08-03,Damaged,1,1410.41,32
SH001997,PO004377,E104,V011,2024-12-19,2024-12-20,Delivered,1,997.56,24
SH001998,PO000325,E042,V080,2024-05-31,2024-06-01,Delivered,1,1480.14,27
SH001999,PO000863,E112,V065,2024-12-16,2024-12-17,Delivered,1,1200.27,23
SH002000,PO002057,E092,V024,2024-02-29,2024-03-01,Delivered,1,609.14,21
SH002001,PO004163,E050,V020,2026-06-09,2026-06-10,Delivered,1,1269.38,28
SH002002,PO000362,E054,V049,2026-06-15,2026-06-16,Delivered,1,941.81,24
SH002003,PO003067,E015,V004,2024-08-02,2024-08-03,Delivered,1,1222.95,30
SH002004,PO004449,E075,V083,2025-05-08,2025-05-09,In-Transit,1,1257.33,23
SH002005,PO004411,E111,V019,2025-05-05,2025-05-06,Delayed,1,1015.09,33
SH002006,PO000057,E001,V035,2025-01-28,2025-01-29,Delivered,1,1247.53,23
SH002007,PO000755,E022,V034,2024-03-09,2024-03-10,Delivered,1,913.8,17
SH002008,PO004569,E113,V005,2024-12-29,2024-12-29,Delivered,1,102.75,2
SH002009,PO004579,E007,V067,2024-02-02,2024-02-02,Delivered,1,89.19,2
SH002010,PO000285,E087,V049,2024-09-15,2024-09-15,Delivered,1,289.54,6
SH002011,PO001321,E088,V026,2024-12-18,2024-12-20,Delivered,1,1227.64,39
SH002012,PO002385,E119,V026,2026-01-22,2026-01-23,In-Transit,1,1430.0,24
SH002013,PO001147,E036,V015,2025-10-20,2025-10-22,Delayed,1,1400.17,43
SH002014,PO003615,E109,V001,2024-10-24,2024-10-25,Delivered,1,866.43,28
SH002015,PO002179,E042,V009,2025-05-18,2025-05-19,Delivered,1,757.78,34
SH002016,PO004750,E025,V061,2025-06-07,2025-06-08,Delivered,1,1226.4,29
SH002017,PO003121,E028,V078,2024-12-06,2024-12-07,Delivered,1,814.09,13
SH002018,PO001740,E030,V007,2024-11-02,2024-11-03,Delivered,1,1015.74,28
SH002019,PO002617,E010,V035,2025-09-21,2025-09-23,Damaged,1,1181.04,39
SH002020,PO000531,E051,V002,2026-06-04,2026-06-04,Delivered,1,458.41,9
SH002021,PO002441,E049,V061,2025-12-13,2025-12-15,Delivered,1,1244.16,47
SH002022,PO002784,E072,V044,2025-07-04,2025-07-05,Delivered,1,752.86,17
SH002023,PO000560,E009,V029,2024-04-04,2024-04-05,Delayed,1,653.53,29
SH002024,PO002833,E025,V085,2024-07-18,2024-07-18,Delivered,1,404.33,9
SH002025,PO000061,E076,V008,2024-03-05,2024-03-06,Delivered,1,812.08,17
SH002026,PO004126,E080,V015,2026-01-24,2026-01-25,Delivered,1,1389.7,27
SH002027,PO004955,E082,V054,2024-12-09,2024-12-11,Delayed,1,1030.71,43
SH002028,PO003329,E049,V018,2025-08-04,2025-08-05,Delivered,1,1057.96,26
SH002029,PO001402,E047,V076,2026-03-11,2026-03-13,Delivered,1,1719.87,52
SH002030,PO003079,E101,V059,2026-04-20,2026-04-20,Delivered,1,258.23,5
SH002031,PO000868,E091,V087,2024-10-26,2024-10-27,Delivered,1,835.86,21
SH002032,PO001170,E029,V073,2025-05-20,2025-05-20,Damaged,1,69.41,3
SH002033,PO002788,E075,V009,2024-06-07,2024-06-07,Delivered,1,348.51,11
SH002034,PO004749,E016,V059,2025-09-06,2025-09-07,Delivered,1,1277.75,35
SH002035,PO001259,E042,V003,2026-06-23,2026-06-24,Delivered,1,1636.06,35
SH002036,PO002586,E065,V063,2026-07-16,2026-07-17,Delivered,1,1035.05,19
SH002037,PO004957,E116,V005,2025-08-16,2025-08-16,Delivered,1,365.12,11
SH002038,PO004911,E114,V055,2025-03-01,2025-03-02,Delivered,1,628.26,14
SH002039,PO001960,E110,V044,2025-06-28,2025-06-29,Delivered,1,947.83,33
SH002040,PO001855,E021,V054,2024-01-27,2024-01-27,Delivered,1,629.71,11
SH002041,PO002502,E111,V009,2024-06-09,2024-06-10,Delivered,1,676.84,21
SH002042,PO004030,E013,V086,2025-10-03,2025-10-04,Delayed,1,666.01,34
SH002043,PO004090,E030,V032,2026-06-07,2026-06-09,Delayed,1,1262.59,56
SH002044,PO004725,E025,V086,2026-04-13,2026-04-14,Delivered,1,1109.2,35
SH002045,PO004302,E034,V045,2025-05-27,2025-05-29,Delivered,1,1392.14,38
SH002046,PO001943,E049,V084,2025-12-12,2025-12-14,Delayed,1,1529.44,56
SH002047,PO000818,E110,V015,2025-08-13,2025-08-14,Delayed,1,873.24,33
SH002048,PO001315,E105,V088,2026-02-13,2026-02-14,Delivered,1,955.47,29
SH002049,PO001477,E082,V038,2026-04-30,2026-05-03,Delayed,1,1416.74,71
SH002050,PO002521,E075,V081,2024-09-19,2024-09-20,Delayed,1,408.26,21
SH002051,PO001056,E005,V056,2025-09-04,2025-09-05,Delivered,1,654.01,13
SH002052,PO003245,E056,V061,2024-12-24,2024-12-26,Delivered,1,1464.14,45
SH002053,PO004192,E035,V074,2024-11-05,2024-11-07,Damaged,1,1039.32,48
SH002054,PO001312,E093,V018,2026-08-09,2026-08-09,Delivered,1,458.02,9
SH002055,PO002535,E075,V083,2024-02-15,2024-02-17,Delivered,1,1634.34,49
SH002056,PO002924,E093,V025,2025-09-08,2025-09-09,Delivered,1,571.55,20
SH002057,PO004036,E049,V001,2025-10-01,2025-10-02,Delivered,1,487.95,14
SH002058,PO004915,E029,V044,2025-05-24,2025-05-25,Delivered,1,983.59,27
SH002059,PO004802,E101,V075,2024-11-10,2024-11-11,Delivered,1,1388.88,35
SH002060,PO003826,E086,V062,2024-03-30,2024-03-30,Delayed,1,251.35,7
SH002061,PO000802,E007,V001,2026-08-07,2026-08-08,Delivered,1,1217.72,35
SH002062,PO002047,E047,V057,2024-03-26,2024-03-27,Delivered,1,1266.83,30
SH002063,PO003049,E101,V059,2024-04-22,2024-04-22,Delivered,1,100.72,2
SH002064,PO002193,E034,V019,2025-11-26,2025-11-27,Delivered,1,1134.85,29
SH002065,PO003418,E017,V078,2024-08-07,2024-08-08,Delivered,1,707.12,13
SH002066,PO002960,E064,V014,2026-02-24,2026-02-26,Delivered,1,1549.98,47
SH002067,PO004838,E037,V066,2024-12-24,2024-12-26,Delivered,1,1065.65,42
SH002068,PO000911,E026,V089,2024-07-25,2024-07-26,Delivered,1,925.68,19
SH002069,PO003453,E044,V041,2026-03-01,2026-03-01,Damaged,1,152.85,4
SH002070,PO000957,E088,V040,2026-02-14,2026-02-14,Delivered,1,244.31,9
SH002071,PO000735,E109,V028,2026-02-11,2026-02-11,Delivered,1,267.22,6
SH002072,PO001230,E032,V082,2024-10-10,2024-10-10,Delayed,1,304.52,8
SH002073,PO002132,E075,V088,2024-02-29,2024-03-03,Delayed,1,1537.12,65
SH002074,PO004011,E089,V069,2024-03-27,2024-03-27,Delivered,1,554.41,10
SH002075,PO004460,E103,V012,2025-11-07,2025-11-08,Damaged,1,886.35,24
SH002076,PO003141,E003,V043,2024-03-05,2024-03-06,Delivered,1,1318.73,20
SH002077,PO004661,E084,V011,2026-03-30,2026-03-31,Delivered,1,844.92,29
SH002078,PO001609,E098,V001,2025-01-18,2025-01-18,Delivered,1,42.82,1
SH002079,PO003030,E075,V058,2025-12-22,2025-12-23,Delivered,1,1028.21,25
SH002080,PO002906,E036,V079,2025-10-31,2025-11-02,Delivered,1,1354.32,38
SH002081,PO004831,E096,V031,2024-09-27,2024-09-28,Delivered,1,1708.51,31
SH002082,PO000490,E013,V047,2025-01-02,2025-01-03,Delayed,1,428.8,24
SH002083,PO003592,E087,V018,2026-08-08,2026-08-09,Delivered,1,724.69,15
SH002084,PO004230,E012,V029,2025-03-23,2025-03-25,Damaged,1,1496.98,59
SH002085,PO002704,E025,V011,2025-04-30,2025-05-02,Delivered,1,1364.46,41
SH002086,PO001879,E058,V012,2026-01-01,2026-01-04,Damaged,1,1661.86,67
SH002087,PO001304,E048,V021,2024-05-28,2024-05-28,In-Transit,1,134.1,4
SH002088,PO000776,E065,V055,2025-10-20,2025-10-21,Delivered,1,1019.35,25
SH002089,PO002539,E007,V085,2024-03-03,2024-03-04,Delivered,1,1020.96,19
SH002090,PO002932,E028,V081,2025-11-13,2025-11-14,In-Transit,1,1461.45,30
SH002091,PO000177,E105,V080,2025-01-02,2025-01-04,Delivered,1,1144.66,38
SH002092,PO000959,E042,V009,2024-06-18,2024-06-19,Delivered,1,1234.0,32
SH002093,PO001719,E008,V007,2025-11-30,2025-12-02,Damaged,1,1435.75,36
SH002094,PO001380,E047,V029,2024-11-22,2024-11-22,Delivered,1,723.32,11
SH002095,PO001492,E115,V005,2024-04-12,2024-04-13,Delivered,1,1156.77,21
SH002096,PO000571,E094,V036,2026-07-31,2026-07-31,Delivered,1,49.1,1
SH002097,PO001174,E044,V069,2025-05-26,2025-05-28,Delayed,1,983.07,40
SH002098,PO004350,E083,V028,2026-05-05,2026-05-07,Delivered,1,1686.24,51
SH002099,PO002701,E119,V053,2025-01-22,2025-01-23,Delivered,1,1150.04,35
SH002100,PO000427,E042,V012,2024-08-04,2024-08-05,Delivered,1,560.89,16
SH002101,PO001206,E096,V024,2025-09-16,2025-09-16,In-Transit,1,138.75,4
SH002102,PO000348,E038,V054,2025-10-15,2025-10-16,Delivered,1,853.37,28
SH002103,PO002514,E110,V045,2026-01-16,2026-01-17,Delivered,1,824.03,29
SH002104,PO001111,E068,V038,2026-01-26,2026-01-27,Delivered,1,376.05,13
SH002105,PO003568,E079,V017,2025-05-29,2025-05-30,Delivered,1,1302.48,30
SH002106,PO002901,E100,V007,2025-01-05,2025-01-06,Delayed,1,564.28,23
SH002107,PO002813,E074,V017,2025-07-03,2025-07-05,Delayed,1,1732.81,55
SH002108,PO001699,E046,V010,2024-10-21,2024-10-22,In-Transit,1,1389.2,30
SH002109,PO000519,E082,V082,2024-12-02,2024-12-02,Delivered,1,169.67,4
SH002110,PO000913,E119,V049,2025-09-04,2025-09-05,Delivered,1,1081.0,25
SH002111,PO004795,E118,V020,2025-03-11,2025-03-12,In-Transit,1,1739.59,35
SH002112,PO004659,E100,V076,2024-11-15,2024-11-16,Delivered,1,1166.17,24
SH002113,PO000098,E103,V064,2026-04-23,2026-04-23,Delivered,1,471.32,9
SH002114,PO004222,E028,V009,2025-10-17,2025-10-18,Delivered,1,835.02,21
SH002115,PO003847,E117,V001,2024-07-05,2024-07-06,Damaged,1,238.97,14
SH002116,PO003567,E009,V062,2024-02-26,2024-03-01,Damaged,1,1709.29,88
SH002117,PO002955,E060,V058,2026-03-28,2026-03-30,Delivered,1,1634.32,47
SH002118,PO002532,E001,V057,2024-06-04,2024-06-05,Delivered,1,1009.12,30
SH002119,PO004747,E003,V012,2024-06-17,2024-06-17,Delivered,1,250.56,8
SH002120,PO004602,E084,V066,2026-01-18,2026-01-18,Delivered,1,551.06,12
SH002121,PO001963,E109,V087,2025-01-19,2025-01-22,Delayed,1,1377.92,69
SH002122,PO001749,E097,V053,2025-01-11,2025-01-12,Delivered,1,666.08,23
SH002123,PO001690,E118,V066,2025-03-21,2025-03-22,Delivered,1,967.57,18
SH002124,PO002083,E109,V014,2025-05-29,2025-05-31,Delivered,1,1320.53,39
SH002125,PO003896,E075,V043,2026-05-24,2026-05-25,Delivered,1,1053.85,26
SH002126,PO003522,E083,V034,2025-08-01,2025-08-02,Delivered,1,1144.8,27
SH002127,PO001669,E095,V059,2026-07-18,2026-07-18,Delivered,1,142.08,5
SH002128,PO004639,E114,V037,2025-03-05,2025-03-06,Delayed,1,1010.02,35
SH002129,PO002699,E085,V044,2024-06-08,2024-06-09,Delivered,1,1706.06,32
SH002130,PO000155,E063,V034,2026-01-05,2026-01-08,Delayed,1,1541.47,66
SH002131,PO002170,E100,V021,2025-03-01,2025-03-02,Delivered,1,956.29,20
SH002132,PO002131,E005,V068,2024-04-30,2024-05-01,Delivered,1,1150.82,27
SH002133,PO004632,E010,V052,2024-04-25,2024-04-27,Delivered,1,1532.44,58
SH002134,PO003857,E032,V023,2025-11-23,2025-11-23,Delivered,1,470.93,11
SH002135,PO004356,E019,V074,2024-04-16,2024-04-18,In-Transit,1,1785.23,38
SH002136,PO003594,E081,V031,2025-09-14,2025-09-16,Delivered,1,1792.67,37
SH002137,PO000741,E093,V078,2024-11-20,2024-11-20,Delivered,1,366.2,9
SH002138,PO000501,E072,V064,2025-11-09,2025-11-11,Delayed,1,934.84,37
SH002139,PO004017,E091,V022,2024-11-10,2024-11-11,Delivered,1,1310.65,27
SH002140,PO003427,E010,V046,2025-04-22,2025-04-24,Delivered,1,1327.82,53
SH002141,PO004345,E015,V026,2025-01-07,2025-01-09,Delivered,1,1627.06,40
SH002142,PO000125,E036,V073,2025-01-14,2025-01-15,Delivered,1,932.63,25
SH002143,PO003513,E093,V090,2025-08-13,2025-08-13,Delayed,1,185.86,11
SH002144,PO003890,E016,V032,2025-05-24,2025-05-25,Damaged,1,1003.0,28
SH002145,PO000162,E034,V041,2025-04-23,2025-04-23,Delivered,1,189.25,3
SH002146,PO003147,E028,V035,2025-08-11,2025-08-11,Delivered,1,154.22,5
SH002147,PO002016,E041,V090,2024-11-16,2024-11-18,Delivered,1,1604.61,46
SH002148,PO003324,E027,V032,2024-02-09,2024-02-09,In-Transit,1,86.69,3
SH002149,PO003060,E113,V038,2025-08-27,2025-08-29,Delayed,1,734.69,47
SH002150,PO004307,E081,V018,2025-07-31,2025-08-01,Delivered,1,798.98,19
SH002151,PO000580,E089,V018,2024-06-17,2024-06-18,Delivered,1,1010.34,28
SH002152,PO002124,E082,V082,2025-12-31,2026-01-01,Delivered,1,590.06,26
SH002153,PO001271,E007,V025,2024-11-17,2024-11-17,Delivered,1,226.6,4
SH002154,PO003369,E090,V011,2024-02-12,2024-02-13,Delivered,1,701.42,18
SH002155,PO001290,E012,V070,2025-04-11,2025-04-13,Delivered,1,1766.35,46
SH002156,PO004359,E012,V003,2025-09-03,2025-09-03,Delivered,1,619.75,10
SH002157,PO000509,E107,V021,2025-03-08,2025-03-09,Delivered,1,562.58,15
SH002158,PO003395,E059,V075,2024-09-12,2024-09-13,Delivered,1,1332.79,31
SH002159,PO002886,E012,V013,2026-03-25,2026-03-26,Delivered,1,1694.86,32
SH002160,PO004545,E084,V012,2024-11-21,2024-11-22,Delivered,1,741.5,18
SH002161,PO000965,E109,V060,2025-12-26,2025-12-27,Delivered,1,638.66,14
SH002162,PO004669,E013,V030,2024-05-24,2024-05-24,In-Transit,1,144.14,5
SH002163,PO001242,E024,V038,2025-09-24,2025-09-25,Delivered,1,1405.03,32
SH002164,PO000952,E010,V058,2025-09-12,2025-09-12,Delivered,1,115.11,3
SH002165,PO004594,E043,V051,2025-08-18,2025-08-20,Delivered,1,1291.66,37
SH002166,PO004107,E010,V086,2024-12-10,2024-12-11,Delivered,1,1185.41,31
SH002167,PO000088,E026,V058,2024-01-23,2024-01-24,Delivered,1,1099.77,28
SH002168,PO003339,E074,V020,2024-09-09,2024-09-10,Delivered,1,1091.6,19
SH002169,PO001359,E119,V088,2025-01-08,2025-01-10,Delivered,1,1245.78,39
SH002170,PO001925,E087,V061,2026-02-10,2026-02-11,Delivered,1,1080.78,20
SH002171,PO003823,E015,V017,2025-02-08,2025-02-09,Delayed,1,230.33,13
SH002172,PO004712,E009,V081,2024-11-15,2024-11-17,Delivered,1,1372.73,39
SH002173,PO002298,E004,V024,2026-03-24,2026-03-25,Delivered,1,1027.53,31
SH002174,PO003119,E103,V087,2026-03-17,2026-03-19,Damaged,1,1687.4,55
SH002175,PO003821,E017,V069,2025-12-07,2025-12-08,Delivered,1,712.26,14
SH002176,PO000639,E008,V090,2024-04-12,2024-04-13,Delivered,1,1734.39,30
SH002177,PO001342,E063,V065,2024-08-17,2024-08-18,Delivered,1,1041.2,21
SH002178,PO002785,E074,V013,2024-10-23,2024-10-23,Delivered,1,63.86,2
SH002179,PO002265,E087,V088,2025-02-22,2025-02-22,Delivered,1,155.51,5
SH002180,PO002736,E064,V034,2026-05-11,2026-05-12,Delivered,1,981.2,23
SH002181,PO004628,E105,V027,2025-09-03,2025-09-05,Damaged,1,697.52,41
SH002182,PO000093,E054,V055,2026-08-04,2026-08-04,In-Transit,1,179.13,4
SH002183,PO003478,E013,V008,2024-12-27,2024-12-28,Delivered,1,1698.59,32
SH002184,PO000396,E099,V066,2025-06-26,2025-06-27,Delivered,1,1353.51,35
SH002185,PO000394,E056,V021,2025-01-17,2025-01-18,Delivered,1,1446.66,35
SH002186,PO001956,E031,V016,2024-04-25,2024-04-25,Damaged,1,73.99,1
SH002187,PO004890,E027,V084,2025-12-01,2025-12-03,In-Transit,1,1566.77,43
SH002188,PO003932,E034,V017,2025-12-10,2025-12-11,Delivered,1,804.43,16
SH002189,PO001182,E036,V006,2024-05-08,2024-05-09,Delivered,1,1032.47,19
SH002190,PO002525,E064,V048,2024-08-22,2024-08-22,Delivered,1,54.61,1
SH002191,PO000727,E011,V026,2024-12-08,2024-12-08,Delayed,1,81.17,2
SH002192,PO003555,E092,V055,2024-07-08,2024-07-08,Delivered,1,297.47,5
SH002193,PO001950,E073,V079,2024-01-29,2024-01-30,In-Transit,1,1058.37,21
SH002194,PO004813,E106,V072,2024-10-16,2024-10-18,Delivered,1,1611.15,37
SH002195,PO001532,E075,V014,2025-09-11,2025-09-11,Delivered,1,71.0,2
SH002196,PO001387,E006,V007,2024-05-18,2024-05-18,Delivered,1,469.11,12
SH002197,PO003894,E052,V055,2025-03-09,2025-03-09,Delivered,1,588.34,10
SH002198,PO003138,E079,V060,2025-06-29,2025-06-30,Delivered,1,1546.84,32
SH002199,PO004849,E014,V089,2024-10-20,2024-10-22,Damaged,1,1055.86,59
SH002200,PO001715,E068,V042,2026-08-04,2026-08-05,Delivered,1,738.08,14
SH002201,PO000266,E046,V010,2026-01-08,2026-01-09,Damaged,1,943.33,28
SH002202,PO003223,E101,V021,2025-01-26,2025-01-30,Damaged,1,1437.34,89
SH002203,PO004044,E119,V071,2024-04-12,2024-04-12,Delivered,1,538.21,10
SH002204,PO002564,E062,V069,2024-05-05,2024-05-06,Delivered,1,1220.49,27
SH002205,PO001442,E058,V085,2025-01-06,2025-01-07,Damaged,1,817.6,26
SH002206,PO000256,E091,V024,2025-05-27,2025-05-29,Delivered,1,1655.16,43
SH002207,PO003807,E076,V038,2024-09-13,2024-09-13,Delivered,1,429.57,9
SH002208,PO003620,E074,V035,2024-12-15,2024-12-17,Damaged,1,1240.49,50
SH002209,PO004184,E079,V037,2025-09-28,2025-09-29,Damaged,1,436.31,17
SH002210,PO002883,E111,V025,2025-12-10,2025-12-12,Delayed,1,1030.21,45
SH002211,PO002276,E032,V070,2024-08-04,2024-08-05,Delivered,1,1372.98,28
SH002212,PO000703,E095,V007,2024-02-27,2024-02-28,Delivered,1,1133.38,30
SH002213,PO000435,E114,V032,2025-08-20,2025-08-21,Delivered,1,1240.89,33
SH002214,PO000496,E089,V044,2024-06-28,2024-06-29,Delivered,1,902.87,31
SH002215,PO000014,E105,V079,2026-01-09,2026-01-09,Delivered,1,85.73,2
SH002216,PO001193,E025,V021,2024-04-16,2024-04-17,Delivered,1,635.13,13
SH002217,PO001864,E026,V024,2025-09-04,2025-09-06,Delivered,1,1468.65,55
SH002218,PO000924,E112,V007,2024-07-11,2024-07-11,Delivered,1,80.24,2
SH002219,PO000146,E101,V023,2024-06-28,2024-06-30,Delivered,1,1783.64,60
SH002220,PO002176,E081,V028,2026-06-24,2026-06-25,Delivered,1,393.9,14
SH002221,PO004592,E079,V017,2024-03-10,2024-03-12,Delivered,1,1668.88,49
SH002222,PO004693,E023,V073,2026-01-04,2026-01-05,In-Transit,1,894.1,16
SH002223,PO000695,E082,V015,2024-09-04,2024-09-05,Delivered,1,1404.14,31
SH002224,PO000612,E061,V005,2025-08-31,2025-09-01,Delivered,1,1145.43,21
SH002225,PO004392,E107,V027,2025-08-16,2025-08-16,Delivered,1,439.84,8
SH002226,PO003242,E025,V074,2025-06-28,2025-06-28,Delayed,1,253.87,11
SH002227,PO002167,E114,V058,2024-12-30,2024-12-31,Delivered,1,1274.3,33
SH002228,PO000829,E112,V069,2026-03-05,2026-03-06,Delivered,1,1263.53,34
SH002229,PO001401,E085,V078,2024-04-29,2024-04-30,Delivered,1,1194.03,23
SH002230,PO000824,E026,V039,2025-09-08,2025-09-09,Delivered,1,1254.79,26
SH002231,PO002899,E117,V060,2026-06-07,2026-06-08,Delivered,1,887.89,19
SH002232,PO002101,E011,V085,2025-04-29,2025-05-01,Delivered,1,1635.83,46
SH002233,PO000474,E045,V073,2026-01-08,2026-01-09,Delivered,1,915.66,26
SH002234,PO001334,E024,V078,2024-04-11,2024-04-12,Delivered,1,1056.3,25
SH002235,PO002019,E026,V061,2024-04-04,2024-04-04,Delivered,1,195.17,4
SH002236,PO002317,E094,V072,2024-08-04,2024-08-05,Delivered,1,962.2,31
SH002237,PO000039,E083,V048,2026-01-01,2026-01-01,Delivered,1,135.18,4
SH002238,PO001876,E042,V055,2024-08-19,2024-08-21,Delayed,1,1495.89,55
SH002239,PO003605,E090,V026,2024-02-06,2024-02-07,In-Transit,1,516.66,17
SH002240,PO004968,E037,V049,2024-10-21,2024-10-21,Delivered,1,378.42,6
SH002241,PO000999,E101,V056,2024-05-03,2024-05-04,Delivered,1,1763.07,29
SH002242,PO000898,E081,V063,2025-11-30,2025-12-02,Damaged,1,1122.84,50
SH002243,PO003172,E017,V079,2024-01-30,2024-01-31,Delivered,1,1064.32,19
SH002244,PO000919,E075,V037,2026-03-11,2026-03-13,Damaged,1,1774.38,57
SH002245,PO001195,E052,V014,2024-01-27,2024-01-27,Delivered,1,78.39,3
SH002246,PO003422,E079,V039,2024-03-23,2024-03-24,Delayed,1,665.54,28
SH002247,PO001261,E021,V053,2026-01-07,2026-01-07,In-Transit,1,161.46,4
SH002248,PO000596,E002,V037,2024-03-01,2024-03-04,Delivered,1,1644.62,64
SH002249,PO000694,E098,V062,2024-07-22,2024-07-23,Delayed,1,716.08,22
SH002250,PO004965,E114,V011,2025-05-13,2025-05-14,Delivered,1,527.99,21
SH002251,PO003197,E102,V074,2024-07-11,2024-07-12,Delivered,1,745.06,24
SH002252,PO003799,E113,V004,2025-10-02,2025-10-02,Delivered,1,69.44,1
SH002253,PO001778,E062,V036,2024-01-16,2024-01-16,Delivered,1,498.78,11
SH002254,PO001413,E117,V057,2026-03-07,2026-03-09,Delivered,1,1482.0,49
SH002255,PO004876,E116,V058,2025-01-24,2025-01-24,Damaged,1,260.68,10
SH002256,PO000069,E114,V066,2024-04-07,2024-04-09,Damaged,1,1459.48,37
SH002257,PO002114,E038,V029,2024-09-25,2024-09-26,In-Transit,1,1050.07,23
SH002258,PO000317,E061,V044,2026-03-14,2026-03-14,Delivered,1,105.05,3
SH002259,PO002072,E088,V006,2025-02-15,2025-02-16,Delivered,1,959.84,31
SH002260,PO004399,E011,V016,2026-05-12,2026-05-12,Delivered,1,335.28,5
SH002261,PO001068,E061,V043,2025-11-18,2025-11-19,Delayed,1,503.65,21
SH002262,PO004114,E017,V029,2024-11-02,2024-11-03,Delivered,1,688.57,18
SH002263,PO002053,E066,V004,2024-12-04,2024-12-06,Damaged,1,1331.16,55
SH002264,PO004161,E082,V020,2024-02-07,2024-02-09,Delivered,1,1798.64,41
SH002265,PO002798,E005,V059,2024-12-30,2024-12-31,In-Transit,1,1156.83,24
SH002266,PO002421,E071,V084,2024-08-07,2024-08-08,Delivered,1,1256.55,26
SH002267,PO000687,E059,V009,2024-12-22,2024-12-22,Damaged,1,83.89,3
SH002268,PO000760,E110,V016,2024-01-12,2024-01-13,In-Transit,1,1276.77,35
SH002269,PO004123,E091,V017,2026-07-12,2026-07-14,Delivered,1,1101.85,36
SH002270,PO004809,E078,V003,2025-08-14,2025-08-18,Delayed,1,1694.83,95
SH002271,PO004243,E113,V041,2024-12-07,2024-12-08,Delayed,1,760.35,22
SH002272,PO004039,E023,V003,2026-08-02,2026-08-04,Damaged,1,1313.49,46
SH002273,PO004620,E072,V041,2024-06-19,2024-06-19,Delivered,1,138.52,3
SH002274,PO003467,E075,V067,2026-06-25,2026-06-27,Delayed,1,1327.42,50
SH002275,PO001752,E081,V076,2025-05-18,2025-05-19,Delivered,1,427.69,15
SH002276,PO000305,E115,V014,2025-12-19,2025-12-20,Delivered,1,918.3,30
SH002277,PO000799,E029,V068,2025-10-07,2025-10-08,Delivered,1,1009.32,25
SH002278,PO003226,E062,V034,2024-10-29,2024-10-30,Delivered,1,1065.17,26
SH002279,PO002485,E048,V055,2024-12-25,2024-12-25,Delayed,1,212.63,7
SH002280,PO004174,E048,V054,2024-04-13,2024-04-13,Delivered,1,77.14,2
SH002281,PO001810,E102,V062,2024-07-03,2024-07-04,Delivered,1,912.04,23
SH002282,PO000302,E037,V045,2025-08-26,2025-08-27,Delivered,1,860.92,21
SH002283,PO004501,E046,V081,2025-07-06,2025-07-06,Delivered,1,168.82,5
SH002284,PO002479,E078,V055,2024-03-12,2024-03-14,Delivered,1,1679.75,40
SH002285,PO001737,E053,V008,2025-12-01,2025-12-02,Delivered,1,975.94,22
SH002286,PO004364,E060,V029,2025-06-11,2025-06-12,Delivered,1,963.07,21
SH002287,PO002660,E075,V010,2025-12-22,2025-12-23,Delivered,1,1508.13,31
SH002288,PO002641,E051,V041,2025-02-21,2025-02-22,Delayed,1,635.28,17
SH002289,PO001705,E055,V038,2026-07-07,2026-07-07,Delivered,1,552.79,11
SH002290,PO000756,E031,V034,2026-01-03,2026-01-05,Delivered,1,1182.85,39
SH002291,PO000365,E118,V037,2024-11-14,2024-11-15,Delivered,1,716.38,22
SH002292,PO001567,E105,V033,2025-07-19,2025-07-20,Delivered,1,1779.53,33
SH002293,PO001782,E027,V082,2025-07-07,2025-07-08,Delivered,1,1090.95,22
SH002294,PO002088,E086,V060,2026-06-23,2026-06-25,Delivered,1,1563.94,50
SH002295,PO004342,E118,V044,2025-07-27,2025-07-29,Delayed,1,906.79,44
SH002296,PO002878,E092,V078,2024-10-19,2024-10-20,Delivered,1,1174.1,31
SH002297,PO003044,E088,V077,2025-04-29,2025-04-30,Delivered,1,1228.39,24
SH002298,PO003548,E109,V090,2024-08-09,2024-08-09,Delivered,1,553.88,8
SH002299,PO003881,E023,V015,2025-01-04,2025-01-06,Delivered,1,1702.41,51
SH002300,PO003809,E066,V048,2025-12-24,2025-12-25,In-Transit,1,1784.78,33
SH002301,PO000573,E089,V039,2025-10-30,2025-10-30,Delivered,1,206.48,3
SH002302,PO001538,E072,V014,2025-09-20,2025-09-21,Delayed,1,786.15,35
SH002303,PO004482,E085,V056,2024-04-14,2024-04-15,Delivered,1,676.31,16
SH002304,PO004035,E094,V060,2025-03-10,2025-03-10,Delivered,1,445.85,11
SH002305,PO004847,E021,V062,2026-03-14,2026-03-16,In-Transit,1,1251.19,44
SH002306,PO004987,E019,V053,2025-03-07,2025-03-08,Delivered,1,1080.42,29
SH002307,PO002947,E030,V056,2026-07-24,2026-07-27,Delayed,1,1542.21,63
SH002308,PO004652,E044,V061,2024-05-05,2024-05-07,Delayed,1,968.25,54
SH002309,PO000429,E056,V087,2025-09-06,2025-09-07,Delivered,1,567.62,17
SH002310,PO004755,E003,V044,2025-05-26,2025-05-27,In-Transit,1,811.05,15
SH002311,PO002668,E075,V009,2024-12-14,2024-12-14,Delivered,1,555.48,11
SH002312,PO000800,E081,V057,2026-07-01,2026-07-03,Delivered,1,1325.87,43
SH002313,PO003578,E002,V078,2025-04-15,2025-04-17,Delivered,1,1520.28,49
SH002314,PO000422,E033,V015,2025-06-13,2025-06-14,Delivered,1,1575.06,25
SH002315,PO000545,E075,V057,2024-02-06,2024-02-08,Delivered,1,1655.17,43
SH002316,PO004334,E097,V041,2026-07-16,2026-07-17,Delivered,1,749.34,19
SH002317,PO004144,E120,V057,2026-02-09,2026-02-11,Delivered,1,1384.21,45
SH002318,PO000268,E030,V074,2026-08-08,2026-08-10,Delivered,1,1567.27,53
SH002319,PO001993,E008,V036,2024-12-11,2024-12-11,Delivered,1,195.42,4
SH002320,PO002662,E037,V004,2024-05-17,2024-05-18,Delivered,1,612.36,17
SH002321,PO001347,E008,V009,2025-10-31,2025-11-02,Delivered,1,1741.13,36
SH002322,PO003241,E034,V007,2024-06-29,2024-07-01,Delivered,1,1407.07,39
SH002323,PO002556,E008,V079,2026-01-29,2026-01-30,Delayed,1,602.27,35
SH002324,PO003005,E096,V037,2025-01-09,2025-01-10,Delivered,1,870.27,21
SH002325,PO000293,E046,V084,2026-03-12,2026-03-12,Delayed,1,130.01,4
SH002326,PO001410,E013,V015,2024-01-22,2024-01-24,Delivered,1,1733.73,52
SH002327,PO004020,E118,V052,2026-07-15,2026-07-15,Delivered,1,522.23,12
SH002328,PO004442,E073,V028,2024-11-17,2024-11-19,Delivered,1,1099.7,38
SH002329,PO002434,E062,V071,2025-07-06,2025-07-07,Delivered,1,739.94,17
SH002330,PO004252,E049,V039,2024-04-11,2024-04-13,Delivered,1,1210.4,40
SH002331,PO003320,E056,V067,2026-01-21,2026-01-21,Delivered,1,360.89,7
SH002332,PO002462,E011,V039,2026-07-30,2026-07-31,Delivered,1,1390.41,25
SH002333,PO000792,E058,V069,2026-04-07,2026-04-07,Delivered,1,299.9,8
SH002334,PO001157,E007,V033,2026-03-25,2026-03-26,Delivered,1,783.44,27
SH002335,PO001101,E021,V020,2026-07-14,2026-07-16,Damaged,1,1577.49,58
SH002336,PO004776,E012,V060,2025-11-28,2025-11-29,Delivered,1,957.75,26
SH002337,PO001071,E098,V055,2025-09-16,2025-09-16,Delivered,1,187.37,4
SH002338,PO000891,E024,V062,2024-08-23,2024-08-23,Delivered,1,345.25,8
SH002339,PO000169,E069,V054,2025-09-10,2025-09-12,In-Transit,1,1422.09,42
SH002340,PO003062,E082,V085,2024-09-06,2024-09-07,Delivered,1,1616.95,31
SH002341,PO003500,E020,V053,2026-01-09,2026-01-10,Delayed,1,769.09,24
SH002342,PO000858,E084,V014,2024-06-01,2024-06-01,Delivered,1,91.41,2
SH002343,PO000084,E068,V051,2026-05-29,2026-05-30,Delayed,1,509.57,17
SH002344,PO000526,E036,V008,2024-06-22,2024-06-25,Damaged,1,1077.65,68
SH002345,PO002898,E063,V080,2025-02-07,2025-02-08,Delivered,1,1370.05,25
SH002346,PO003393,E061,V069,2024-06-30,2024-07-01,Delivered,1,1243.58,31
SH002347,PO003008,E116,V061,2025-10-19,2025-10-20,Delivered,1,1085.79,31
SH002348,PO004346,E027,V085,2024-03-18,2024-03-19,Delivered,1,631.23,20
SH002349,PO000101,E018,V026,2025-10-19,2025-10-20,Delivered,1,686.85,16
SH002350,PO004945,E026,V047,2024-05-21,2024-05-21,Delivered,1,343.63,9
SH002351,PO003722,E059,V033,2026-07-06,2026-07-08,Delivered,1,1721.52,37
SH002352,PO001349,E064,V021,2025-04-14,2025-04-14,Delivered,1,252.34,7
SH002353,PO000117,E041,V009,2025-02-26,2025-02-28,Delivered,1,1725.64,52
SH002354,PO003236,E078,V019,2024-11-04,2024-11-05,Delivered,1,659.74,13
SH002355,PO000178,E007,V015,2025-11-09,2025-11-11,Damaged,1,1010.48,39
SH002356,PO003071,E106,V033,2024-12-18,2024-12-20,In-Transit,1,1797.75,58
SH002357,PO003786,E078,V082,2025-09-27,2025-09-27,Delayed,1,85.97,3
SH002358,PO000467,E110,V040,2026-03-05,2026-03-06,Delivered,1,843.74,19
SH002359,PO001825,E063,V050,2025-12-04,2025-12-05,Delivered,1,722.97,20
SH002360,PO004311,E101,V062,2026-05-13,2026-05-13,Delivered,1,524.72,12
SH002361,PO000198,E012,V081,2024-08-01,2024-08-03,Delivered,1,1064.7,39
SH002362,PO002271,E038,V006,2025-04-13,2025-04-14,Delivered,1,1254.16,32
SH002363,PO000237,E066,V019,2025-08-29,2025-08-30,Delayed,1,594.92,21
SH002364,PO001256,E037,V006,2026-02-24,2026-02-25,Delivered,1,1002.6,30
SH002365,PO003364,E010,V038,2025-12-18,2025-12-19,Delivered,1,1559.11,31
SH002366,PO003306,E057,V050,2025-05-07,2025-05-09,In-Transit,1,1006.01,36
SH002367,PO002953,E112,V046,2025-09-08,2025-09-08,Delivered,1,205.67,5
SH002368,PO001554,E033,V054,2025-08-29,2025-08-30,Delivered,1,924.38,20
SH002369,PO004756,E082,V079,2026-01-09,2026-01-11,Delivered,1,1304.81,45
SH002370,PO002282,E070,V029,2025-08-01,2025-08-02,Delivered,1,724.97,22
SH002371,PO002064,E106,V014,2024-11-09,2024-11-11,Delayed,1,851.82,36
SH002372,PO001539,E050,V009,2025-10-02,2025-10-03,Delayed,1,796.48,26
SH002373,PO003867,E113,V060,2024-04-21,2024-04-21,Delivered,1,394.35,9
SH002374,PO003573,E118,V036,2025-04-09,2025-04-10,Delivered,1,949.92,28
SH002375,PO001019,E084,V007,2025-12-23,2025-12-24,Delivered,1,669.2,18
SH002376,PO000439,E036,V069,2026-01-10,2026-01-10,Delivered,1,95.34,4
SH002377,PO002979,E088,V029,2025-10-09,2025-10-11,Delivered,1,1669.25,44
SH002378,PO002299,E019,V028,2026-03-04,2026-03-04,Delivered,1,626.25,12
SH002379,PO004752,E111,V066,2024-08-24,2024-08-25,Delivered,1,1174.44,29
SH002380,PO001453,E060,V034,2024-02-22,2024-02-23,Delivered,1,1133.88,28
SH002381,PO003880,E054,V077,2025-09-07,2025-09-07,Delivered,1,156.11,4
SH002382,PO000320,E107,V080,2025-10-15,2025-10-17,Delayed,1,795.36,49
SH002383,PO003285,E091,V029,2024-07-10,2024-07-12,Damaged,1,914.31,51
SH002384,PO000650,E007,V050,2025-12-07,2025-12-08,Delivered,1,1301.53,32
SH002385,PO003186,E043,V055,2024-02-07,2024-02-08,In-Transit,1,950.86,19
SH002386,PO001856,E004,V003,2025-12-24,2025-12-24,Delivered,1,380.97,8
SH002387,PO003108,E050,V018,2025-01-24,2025-01-25,Delivered,1,1580.96,34
SH002388,PO000770,E006,V078,2025-03-07,2025-03-09,Delivered,1,1639.15,54
SH002389,PO001297,E038,V033,2024-08-09,2024-08-10,Delivered,1,781.66,16
SH002390,PO001447,E108,V009,2025-05-19,2025-05-19,Delivered,1,401.58,12
SH002391,PO000530,E039,V078,2024-12-26,2024-12-27,Delivered,1,1476.06,35
SH002392,PO002568,E091,V073,2025-11-10,2025-11-11,Delivered,1,663.11,22
SH002393,PO002772,E109,V009,2025-03-21,2025-03-21,Delivered,1,249.87,7
SH002394,PO003312,E023,V074,2025-06-29,2025-06-29,Delivered,1,221.68,5
SH002395,PO000493,E049,V017,2026-07-14,2026-07-16,Delivered,1,1369.3,36
SH002396,PO000901,E011,V006,2024-08-30,2024-08-30,Delivered,1,281.76,8
SH002397,PO003602,E033,V078,2024-05-05,2024-05-06,Delivered,1,1401.43,30
SH002398,PO001596,E056,V065,2025-02-19,2025-02-20,Delivered,1,1403.19,26
SH002399,PO001962,E094,V013,2024-11-26,2024-11-27,Delivered,1,902.96,19
SH002400,PO004759,E033,V084,2025-05-19,2025-05-20,Delayed,1,417.22,18
SH002401,PO004215,E097,V084,2026-02-04,2026-02-06,In-Transit,1,1658.18,46
SH002402,PO000003,E042,V051,2025-10-13,2025-10-14,Delivered,1,908.79,30
SH002403,PO004513,E080,V010,2024-10-22,2024-10-23,Delayed,1,652.13,25
SH002404,PO003934,E008,V014,2025-03-21,2025-03-21,Delivered,1,329.09,6
SH002405,PO000971,E037,V029,2025-10-13,2025-10-15,Delivered,1,1625.43,47
SH002406,PO001369,E049,V031,2024-10-01,2024-10-03,Delayed,1,1065.9,47
SH002407,PO004382,E098,V087,2026-06-04,2026-06-05,Delayed,1,401.94,16
SH002408,PO004168,E074,V023,2025-04-07,2025-04-09,Delayed,1,1363.19,59
SH002409,PO003666,E039,V036,2024-03-10,2024-03-13,Delayed,1,1398.32,65
SH002410,PO001613,E026,V053,2026-07-28,2026-07-29,Delivered,1,1199.06,28
SH002411,PO000386,E087,V090,2025-11-01,2025-11-02,Delivered,1,1075.99,24
SH002412,PO002507,E054,V080,2025-12-21,2025-12-22,Delivered,1,1318.14,29
SH002413,PO004522,E102,V019,2025-09-10,2025-09-13,Damaged,1,1735.57,79
SH002414,PO004315,E036,V001,2025-01-03,2025-01-04,Damaged,1,314.47,15
SH002415,PO004363,E101,V057,2024-01-07,2024-01-08,Delayed,1,380.77,16
SH002416,PO000586,E094,V057,2024-01-22,2024-01-23,Delivered,1,1427.64,26
SH002417,PO002719,E031,V023,2025-09-02,2025-09-04,Delayed,1,1494.39,51
SH002418,PO001282,E007,V018,2025-08-09,2025-08-10,Delivered,1,712.78,20
SH002419,PO003368,E054,V070,2025-06-17,2025-06-18,Damaged,1,1408.08,35
SH002420,PO003028,E114,V069,2026-06-05,2026-06-07,Delivered,1,1382.16,47
SH002421,PO000176,E109,V025,2025-09-18,2025-09-19,Delivered,1,669.7,18
SH002422,PO000464,E042,V031,2024-08-31,2024-09-02,Delivered,1,1559.49,49
SH002423,PO003788,E074,V084,2026-07-06,2026-07-06,Delivered,1,448.84,9
SH002424,PO004434,E066,V039,2024-06-06,2024-06-06,Delivered,1,536.46,12
SH002425,PO003391,E096,V006,2026-05-27,2026-05-28,Delivered,1,1096.82,22
SH002426,PO004698,E021,V066,2025-03-12,2025-03-13,Delayed,1,1114.03,24
SH002427,PO002037,E044,V017,2026-08-04,2026-08-05,Delivered,1,1087.3,30
SH002428,PO003458,E047,V020,2026-03-23,2026-03-24,Delivered,1,599.33,13
SH002429,PO004735,E052,V033,2026-08-01,2026-08-02,Delivered,1,1481.5,34
SH002430,PO002653,E091,V081,2025-01-20,2025-01-21,In-Transit,1,661.27,24
SH002431,PO000982,E035,V002,2024-11-22,2024-11-22,Delivered,1,194.48,4
SH002432,PO002509,E083,V086,2025-12-31,2026-01-02,Delayed,1,1280.39,47
SH002433,PO001923,E099,V029,2025-04-01,2025-04-02,Delivered,1,1120.75,22
SH002434,PO002366,E107,V013,2024-07-02,2024-07-02,Delayed,1,167.85,5
SH002435,PO004535,E072,V037,2026-07-31,2026-08-01,Delivered,1,816.13,24
SH002436,PO002382,E042,V023,2026-07-06,2026-07-07,Delivered,1,1029.13,26
SH002437,PO004785,E052,V038,2024-10-08,2024-10-09,Delivered,1,1322.74,34
SH002438,PO002803,E064,V073,2024-06-24,2024-06-25,Delivered,1,478.97,15
SH002439,PO004328,E005,V006,2026-06-04,2026-06-05,Delivered,1,1437.58,34
SH002440,PO002438,E119,V064,2025-04-06,2025-04-06,Delivered,1,626.68,12
SH002441,PO001232,E065,V016,2025-01-25,2025-01-26,Delivered,1,1508.32,35
SH002442,PO002801,E052,V062,2024-08-16,2024-08-16,Delivered,1,234.85,8
SH002443,PO001649,E019,V047,2024-05-20,2024-05-21,Delivered,1,1313.21,24
SH002444,PO002681,E049,V037,2024-12-19,2024-12-19,Delivered,1,371.34,10
SH002445,PO003526,E060,V067,2025-09-20,2025-09-20,Delayed,1,96.92,3
SH002446,PO003639,E020,V061,2025-07-04,2025-07-04,Delivered,1,286.2,5
SH002447,PO003492,E035,V042,2025-08-15,2025-08-17,Delivered,1,1398.42,44
SH002448,PO003214,E025,V013,2026-07-05,2026-07-06,Delivered,1,814.46,23
SH002449,PO000517,E077,V011,2026-04-02,2026-04-03,Delivered,1,1319.27,28
SH002450,PO004064,E034,V005,2024-12-15,2024-12-15,Delivered,1,189.92,5
SH002451,PO003658,E058,V035,2024-04-06,2024-04-08,Delayed,1,1480.42,56
SH002452,PO002447,E025,V016,2026-01-03,2026-01-04,Delivered,1,924.88,26
SH002453,PO004703,E013,V041,2024-01-27,2024-01-29,Damaged,1,1654.97,49
SH002454,PO003972,E063,V008,2026-03-25,2026-03-25,Delivered,1,45.59,1
SH002455,PO001753,E057,V068,2026-03-20,2026-03-22,Delayed,1,1530.23,42
SH002456,PO001225,E005,V037,2024-11-12,2024-11-12,Delivered,1,175.4,6
SH002457,PO000092,E069,V010,2026-03-14,2026-03-15,Delivered,1,1072.55,27
SH002458,PO000028,E092,V057,2024-04-10,2024-04-10,Delivered,1,204.94,5
SH002459,PO004527,E079,V077,2025-08-23,2025-08-24,Delivered,1,559.5,18
SH002460,PO002346,E066,V027,2025-08-08,2025-08-09,Delivered,1,679.65,17
SH002461,PO004409,E102,V055,2024-12-22,2024-12-22,Delivered,1,73.23,1
SH002462,PO000375,E049,V059,2024-08-16,2024-08-17,In-Transit,1,337.32,13
SH002463,PO000721,E064,V040,2024-08-04,2024-08-05,Delivered,1,1644.33,33
SH002464,PO001011,E010,V083,2024-08-21,2024-08-23,Delivered,1,1564.2,50
SH002465,PO000677,E007,V060,2025-08-18,2025-08-20,Delayed,1,1115.75,41
SH002466,PO002983,E095,V025,2024-09-17,2024-09-17,Delivered,1,558.79,11
SH002467,PO000486,E005,V051,2024-04-13,2024-04-13,Delivered,1,410.66,8
SH002468,PO002312,E017,V061,2025-09-09,2025-09-12,Delayed,1,1252.72,63
SH002469,PO002671,E066,V034,2025-05-25,2025-05-26,Delivered,1,940.0,29
SH002470,PO002001,E018,V076,2025-08-27,2025-08-30,Damaged,1,1774.7,81
SH002471,PO003053,E091,V006,2025-11-28,2025-11-29,Delivered,1,1130.05,27
SH002472,PO004318,E103,V026,2024-09-03,2024-09-04,Delivered,1,955.92,16
SH002473,PO002391,E117,V009,2025-04-25,2025-04-25,Delivered,1,106.03,3
SH002474,PO004176,E012,V049,2025-10-23,2025-10-23,Delivered,1,117.23,4
SH002475,PO004559,E012,V051,2024-11-29,2024-11-29,Delivered,1,427.57,9
SH002476,PO004534,E108,V067,2025-08-24,2025-08-24,Delivered,1,266.19,11
SH002477,PO000377,E100,V069,2024-02-26,2024-02-27,Delivered,1,1274.71,30
SH002478,PO004497,E056,V016,2024-05-16,2024-05-17,Delivered,1,1299.57,31
SH002479,PO004830,E048,V041,2025-11-23,2025-11-23,Delivered,1,238.39,6
SH002480,PO002145,E056,V074,2025-11-27,2025-11-27,Delivered,1,170.62,4
SH002481,PO000685,E094,V071,2024-01-12,2024-01-12,Delivered,1,292.12,6
SH002482,PO004796,E010,V090,2026-07-23,2026-07-24,Delivered,1,1530.54,24
SH002483,PO001024,E018,V017,2025-02-09,2025-02-10,Delivered,1,429.91,17
SH002484,PO002628,E063,V051,2024-11-20,2024-11-21,Damaged,1,471.77,13
SH002485,PO001289,E094,V022,2025-06-28,2025-06-28,Delivered,1,199.67,6
SH002486,PO000138,E106,V070,2024-02-04,2024-02-05,Delivered,1,939.81,31
SH002487,PO000482,E048,V055,2026-03-19,2026-03-21,Damaged,1,803.93,43
SH002488,PO003656,E101,V025,2025-06-21,2025-06-24,Delayed,1,1161.29,65
SH002489,PO001471,E052,V032,2026-03-24,2026-03-25,Delivered,1,1309.45,35
SH002490,PO002416,E054,V071,2025-09-30,2025-09-30,Delivered,1,397.05,8
SH002491,PO000250,E048,V069,2024-08-01,2024-08-01,Delivered,1,203.38,5
SH002492,PO003431,E057,V003,2024-10-07,2024-10-08,Delivered,1,1148.04,29
SH002493,PO002045,E062,V069,2025-02-22,2025-02-23,Delivered,1,531.75,16
SH002494,PO000335,E042,V013,2026-08-08,2026-08-09,Delivered,1,531.5,15
SH002495,PO001570,E040,V035,2025-05-06,2025-05-08,Damaged,1,1636.13,60
SH002496,PO003947,E083,V046,2026-01-03,2026-01-04,Delivered,1,1228.8,26
SH002497,PO001067,E053,V022,2025-05-08,2025-05-09,Delivered,1,729.56,27
SH002498,PO001063,E052,V086,2025-01-30,2025-01-30,Delivered,1,207.4,6
SH002499,PO003162,E025,V049,2025-01-21,2025-01-22,Delivered,1,1777.08,34
SH002500,PO002605,E098,V074,2024-12-23,2024-12-24,Delivered,1,1008.8,20
SH002501,PO004531,E097,V005,2025-01-22,2025-01-24,Delivered,1,1483.3,40
SH002502,PO000712,E077,V009,2025-12-11,2025-12-12,Delivered,1,874.1,20
SH002503,PO002516,E088,V074,2025-05-11,2025-05-11,Delivered,1,511.87,8
SH002504,PO003996,E001,V041,2026-03-31,2026-03-31,In-Transit,1,63.6,1
SH002505,PO003425,E045,V060,2026-08-10,2026-08-11,Delivered,1,1246.06,30
SH002506,PO004845,E056,V071,2025-01-18,2025-01-19,Delivered,1,1786.0,26
SH002507,PO002747,E046,V038,2026-04-04,2026-04-05,Delivered,1,1556.53,31
SH002508,PO004415,E091,V015,2025-09-01,2025-09-03,Delivered,1,1439.94,50
SH002509,PO004499,E074,V045,2026-03-22,2026-03-23,Delivered,1,606.05,22
SH002510,PO002184,E002,V067,2024-02-01,2024-02-02,In-Transit,1,875.74,24
SH002511,PO000814,E107,V019,2025-03-22,2025-03-22,Delivered,1,718.41,12
SH002512,PO000025,E024,V060,2026-05-25,2026-05-26,Delivered,1,1113.17,25
SH002513,PO000793,E066,V059,2024-02-17,2024-02-19,Delivered,1,1574.53,39
SH002514,PO003070,E094,V076,2025-01-19,2025-01-20,Delivered,1,822.37,31
SH002515,PO001530,E080,V054,2025-06-15,2025-06-15,Delivered,1,297.51,8
SH002516,PO001120,E079,V036,2024-06-04,2024-06-05,Delivered,1,1292.12,19
SH002517,PO000110,E072,V043,2025-04-02,2025-04-03,Delivered,1,1215.67,29
SH002518,PO001903,E099,V033,2025-02-09,2025-02-10,Damaged,1,866.12,35
SH002519,PO002322,E104,V082,2026-07-04,2026-07-05,Delivered,1,874.57,18
SH002520,PO001262,E105,V049,2025-09-06,2025-09-07,Delivered,1,729.73,18
SH002521,PO001424,E097,V011,2025-09-06,2025-09-07,Delivered,1,762.16,21
SH002522,PO002380,E087,V038,2024-04-13,2024-04-16,Damaged,1,1742.03,73
SH002523,PO002153,E029,V032,2026-06-25,2026-06-27,Delayed,1,1433.98,56
SH002524,PO003838,E095,V086,2024-07-18,2024-07-18,Delivered,1,375.71,8
SH002525,PO003414,E068,V039,2024-06-21,2024-06-21,Delivered,1,176.71,8
SH002526,PO001385,E046,V072,2024-04-17,2024-04-18,Delivered,1,1103.25,30
SH002527,PO003440,E029,V028,2024-05-29,2024-05-31,Delayed,1,1471.1,37
SH002528,PO004981,E014,V070,2024-12-31,2025-01-02,Damaged,1,1748.65,55
SH002529,PO000600,E041,V069,2024-09-14,2024-09-16,Delivered,1,1400.52,38
SH002530,PO003629,E099,V055,2024-06-13,2024-06-15,Delivered,1,1485.18,42
SH002531,PO000566,E085,V025,2026-03-24,2026-03-26,Delayed,1,986.96,46
SH002532,PO002496,E063,V031,2026-08-01,2026-08-02,Delivered,1,550.64,16
SH002533,PO001275,E075,V059,2025-01-16,2025-01-17,Delivered,1,1101.51,26
SH002534,PO004532,E116,V010,2024-10-20,2024-10-21,Delivered,1,854.67,21
SH002535,PO001331,E119,V043,2024-08-08,2024-08-08,Delivered,1,173.09,3
SH002536,PO001617,E110,V004,2024-08-17,2024-08-19,Delivered,1,1503.59,45
SH002537,PO001314,E026,V058,2024-08-08,2024-08-09,Delivered,1,1168.39,24
SH002538,PO004256,E102,V006,2026-03-16,2026-03-17,Delivered,1,1011.96,24
SH002539,PO002857,E003,V084,2024-09-11,2024-09-11,Delivered,1,338.76,8
SH002540,PO000156,E064,V065,2026-04-08,2026-04-10,Delayed,1,1472.0,47
SH002541,PO003743,E036,V050,2025-06-24,2025-06-25,Delayed,1,512.46,22
SH002542,PO001211,E071,V061,2025-09-25,2025-09-25,Delivered,1,345.06,10
SH002543,PO002423,E076,V007,2025-09-15,2025-09-16,Delivered,1,492.52,13
SH002544,PO003688,E068,V005,2024-08-07,2024-08-08,Delivered,1,961.39,21
SH002545,PO000852,E050,V033,2025-12-29,2025-12-30,Delivered,1,900.31,22
SH002546,PO004290,E071,V050,2024-07-26,2024-07-27,Delivered,1,1248.05,28
SH002547,PO003218,E083,V077,2026-07-12,2026-07-14,Damaged,1,1664.17,50
SH002548,PO004839,E010,V010,2026-04-26,2026-04-28,In-Transit,1,1666.03,49
SH002549,PO000443,E081,V078,2025-03-18,2025-03-19,Delivered,1,913.13,26
SH002550,PO004892,E114,V046,2025-05-04,2025-05-05,Delivered,1,1377.67,22
SH002551,PO002555,E081,V050,2025-04-06,2025-04-07,Delivered,1,697.99,19
SH002552,PO002846,E050,V046,2024-06-04,2024-06-04,Delivered,1,419.24,11
SH002553,PO001794,E046,V024,2025-04-24,2025-04-25,Delivered,1,768.32,20
SH002554,PO003447,E115,V090,2025-09-20,2025-09-22,Delayed,1,1468.28,47
SH002555,PO001052,E104,V007,2024-11-23,2024-11-23,Damaged,1,368.5,12
SH002556,PO002825,E092,V009,2025-12-25,2025-12-26,Delivered,1,654.37,19
SH002557,PO004086,E038,V055,2025-06-29,2025-06-29,Delivered,1,269.29,11
SH002558,PO002499,E034,V014,2024-11-26,2024-11-28,Damaged,1,1464.01,54
SH002559,PO003510,E002,V038,2026-03-03,2026-03-05,Delivered,1,1452.68,50
SH002560,PO001098,E032,V019,2025-04-05,2025-04-06,Delivered,1,998.96,26
SH002561,PO003704,E048,V002,2026-01-16,2026-01-17,Delayed,1,1044.53,35
SH002562,PO002039,E075,V068,2026-08-12,2026-08-13,Delivered,1,1358.0,28
SH002563,PO001815,E120,V065,2025-12-20,2025-12-22,Damaged,1,1187.23,52
SH002564,PO003685,E026,V070,2026-03-11,2026-03-11,Delivered,1,243.78,5
SH002565,PO003808,E024,V089,2025-06-16,2025-06-17,Delivered,1,1253.36,20
SH002566,PO001109,E036,V023,2025-12-03,2025-12-06,Damaged,1,1589.55,67
SH002567,PO003986,E106,V022,2024-08-19,2024-08-20,Delayed,1,1195.54,32
SH002568,PO001033,E049,V036,2025-09-01,2025-09-01,Delivered,1,385.4,10
SH002569,PO001516,E033,V032,2025-05-14,2025-05-15,Delivered,1,588.01,14
SH002570,PO002040,E022,V035,2025-08-06,2025-08-06,Delivered,1,436.52,11
SH002571,PO003608,E056,V059,2025-07-16,2025-07-17,Delivered,1,730.99,20
SH002572,PO003898,E005,V075,2024-01-25,2024-01-27,In-Transit,1,1760.88,50
SH002573,PO001484,E085,V014,2024-07-29,2024-07-29,Delivered,1,57.49,2
SH002574,PO001489,E102,V090,2026-07-07,2026-07-08,Delivered,1,1028.5,35
SH002575,PO004709,E030,V071,2026-05-02,2026-05-03,Delivered,1,1416.21,35
SH002576,PO003087,E045,V046,2026-01-07,2026-01-07,Delivered,1,181.64,5
SH002577,PO003435,E033,V069,2026-01-27,2026-01-28,Delivered,1,1064.88,30
SH002578,PO003224,E043,V029,2024-03-13,2024-03-15,Delayed,1,1286.52,48
SH002579,PO000538,E037,V052,2026-06-30,2026-07-01,Delivered,1,1285.92,26
SH002580,PO000846,E079,V073,2024-10-15,2024-10-16,Delivered,1,1366.85,28
SH002581,PO000890,E119,V057,2025-06-12,2025-06-13,Delivered,1,1098.65,26
SH002582,PO003987,E087,V060,2024-08-22,2024-08-24,Delayed,1,1360.17,44
SH002583,PO002262,E066,V078,2025-06-03,2025-06-03,Delivered,1,504.2,9
SH002584,PO003537,E113,V068,2026-04-17,2026-04-19,Delivered,1,1481.03,37
SH002585,PO003585,E036,V001,2025-10-19,2025-10-20,Delivered,1,1724.07,32
SH002586,PO001563,E077,V070,2026-01-09,2026-01-10,Delayed,1,727.04,34
SH002587,PO003135,E057,V072,2024-11-21,2024-11-21,Delivered,1,539.76,12
SH002588,PO000626,E068,V068,2024-06-23,2024-06-25,Delivered,1,1170.85,42
SH002589,PO002461,E076,V059,2026-06-22,2026-06-23,Delayed,1,693.16,16
SH002590,PO000480,E050,V004,2026-04-26,2026-04-27,Delivered,1,1267.77,27
SH002591,PO001227,E010,V071,2026-02-16,2026-02-16,Delivered,1,313.95,8
SH002592,PO000354,E108,V085,2026-03-28,2026-03-28,Delivered,1,233.5,5
SH002593,PO004426,E085,V011,2024-03-07,2024-03-07,Delivered,1,456.41,10
SH002594,PO003012,E119,V025,2026-03-30,2026-03-31,Delivered,1,916.33,27
SH002595,PO001363,E057,V058,2025-01-29,2025-01-30,Delivered,1,821.91,23
SH002596,PO000457,E012,V076,2026-05-24,2026-05-25,Delivered,1,645.18,16
SH002597,PO000667,E108,V055,2024-09-26,2024-09-28,Delivered,1,1779.21,58
SH002598,PO004208,E089,V048,2026-02-07,2026-02-08,In-Transit,1,900.22,26
SH002599,PO003802,E031,V049,2025-03-24,2025-03-25,Delivered,1,664.84,27
SH002600,PO002443,E019,V031,2024-12-08,2024-12-08,Delivered,1,41.56,1
SH002601,PO002323,E064,V074,2024-07-04,2024-07-06,Damaged,1,1710.97,48
SH002602,PO001897,E042,V068,2026-02-06,2026-02-07,Delivered,1,587.03,20
SH002603,PO004970,E034,V050,2025-10-27,2025-10-28,Delivered,1,966.48,19
SH002604,PO002545,E030,V044,2025-09-11,2025-09-12,Delivered,1,980.33,26
SH002605,PO004448,E112,V059,2025-03-24,2025-03-25,In-Transit,1,1073.32,24
SH002606,PO004005,E012,V059,2024-02-20,2024-02-20,Damaged,1,74.13,3
SH002607,PO001357,E025,V013,2026-06-02,2026-06-03,Delivered,1,777.27,31
SH002608,PO002314,E049,V044,2024-06-24,2024-06-25,Delivered,1,1336.57,25
SH002609,PO002289,E063,V047,2025-03-02,2025-03-04,Delivered,1,1500.15,53
SH002610,PO000909,E028,V046,2025-02-06,2025-02-07,Delivered,1,1600.18,31
SH002611,PO003404,E068,V036,2025-12-15,2025-12-15,Delivered,1,283.57,6
SH002612,PO002676,E015,V020,2026-07-19,2026-07-20,Delivered,1,1788.77,27
SH002613,PO003514,E106,V017,2025-09-26,2025-09-27,Damaged,1,968.78,26
SH002614,PO003863,E018,V051,2024-06-16,2024-06-17,Delivered,1,754.74,21
SH002615,PO002588,E092,V030,2025-05-26,2025-05-27,Delivered,1,785.49,27
SH002616,PO001612,E059,V077,2025-03-07,2025-03-09,Delivered,1,1301.38,38
SH002617,PO002006,E039,V069,2025-04-02,2025-04-03,In-Transit,1,1235.55,20
SH002618,PO002426,E007,V067,2024-12-20,2024-12-20,Delivered,1,173.62,6
SH002619,PO004052,E014,V053,2025-12-26,2025-12-27,Delivered,1,428.64,13
SH002620,PO002290,E117,V047,2024-06-27,2024-06-27,In-Transit,1,377.71,11
SH002621,PO003607,E005,V017,2024-08-17,2024-08-17,Delivered,1,290.11,8
SH002622,PO004027,E055,V016,2025-05-17,2025-05-17,Delivered,1,166.15,5
SH002623,PO003976,E089,V001,2024-12-17,2024-12-19,Delivered,1,1273.27,47
SH002624,PO003081,E113,V001,2025-05-21,2025-05-22,Delivered,1,1406.41,32
SH002625,PO002861,E094,V081,2026-05-26,2026-05-27,Damaged,1,605.39,32
SH002626,PO002147,E071,V088,2025-08-09,2025-08-10,Delivered,1,446.2,14
SH002627,PO000038,E084,V051,2025-05-13,2025-05-14,Delayed,1,1022.33,32
SH002628,PO002218,E059,V088,2024-12-04,2024-12-04,Delivered,1,405.34,12
SH002629,PO003048,E014,V007,2025-10-28,2025-10-30,Delivered,1,1635.76,44
SH002630,PO000214,E001,V009,2025-11-09,2025-11-09,Delivered,1,503.73,11
SH002631,PO003908,E056,V028,2024-10-29,2024-10-31,Delivered,1,1626.39,44
SH002632,PO001712,E114,V024,2024-10-07,2024-10-08,Delayed,1,765.77,23
SH002633,PO000494,E013,V046,2024-08-31,2024-09-01,Delivered,1,923.1,24
SH002634,PO000313,E099,V052,2024-01-30,2024-02-02,Delivered,1,1584.44,65
SH002635,PO001152,E033,V077,2024-09-18,2024-09-20,Delivered,1,1590.34,48
SH002636,PO000925,E098,V021,2026-08-05,2026-08-06,Delivered,1,841.51,17
SH002637,PO002570,E067,V087,2026-03-24,2026-03-25,Delivered,1,1774.16,35
SH002638,PO004933,E080,V042,2025-09-06,2025-09-06,Delivered,1,61.56,2
SH002639,PO000440,E008,V034,2024-08-12,2024-08-14,Delayed,1,1418.65,56
SH002640,PO001494,E072,V037,2025-06-22,2025-06-23,Delivered,1,623.92,22
SH002641,PO003748,E023,V085,2026-07-11,2026-07-13,Delayed,1,1002.66,38
SH002642,PO000917,E054,V042,2026-06-07,2026-06-07,Delivered,1,347.1,10
SH002643,PO004833,E030,V055,2024-06-26,2024-06-27,Delayed,1,1055.26,34
SH002644,PO000108,E108,V033,2024-11-03,2024-11-04,Damaged,1,512.16,28
SH002645,PO003057,E038,V034,2026-07-18,2026-07-19,Delayed,1,944.59,26
SH002646,PO000141,E071,V080,2026-02-07,2026-02-08,Delivered,1,1373.51,26
SH002647,PO003195,E032,V009,2025-01-06,2025-01-07,Delivered,1,1212.23,33
SH002648,PO001608,E004,V080,2025-12-03,2025-12-04,Delivered,1,1571.45,33
SH002649,PO002493,E065,V051,2025-10-28,2025-10-29,Delivered,1,695.05,24
SH002650,PO004606,E092,V056,2025-04-27,2025-04-27,Delivered,1,188.29,4
SH002651,PO000097,E037,V061,2026-03-23,2026-03-25,Damaged,1,1092.13,45
SH002652,PO001916,E084,V052,2026-07-14,2026-07-15,Delivered,1,1008.43,25
SH002653,PO001303,E108,V054,2025-12-07,2025-12-09,Delivered,1,1732.77,47
SH002654,PO002121,E086,V066,2025-07-11,2025-07-13,Delivered,1,1620.86,42
SH002655,PO002476,E036,V030,2025-08-19,2025-08-20,Delivered,1,718.09,15
SH002656,PO001465,E091,V014,2025-12-25,2025-12-25,Delivered,1,220.88,5
SH002657,PO002255,E027,V045,2024-12-17,2024-12-18,Delivered,1,521.5,15
SH002658,PO003899,E020,V031,2024-08-08,2024-08-09,Delivered,1,1295.02,28
SH002659,PO004778,E067,V035,2025-01-12,2025-01-13,Delivered,1,793.49,21
SH002660,PO002070,E016,V019,2024-12-22,2024-12-23,In-Transit,1,996.44,24
SH002661,PO000512,E041,V062,2024-06-06,2024-06-07,Delivered,1,699.84,23
SH002662,PO001957,E091,V051,2025-01-05,2025-01-06,Delivered,1,1018.42,33
SH002663,PO001428,E087,V018,2025-07-30,2025-07-30,Delivered,1,304.28,7
SH002664,PO004121,E015,V017,2025-11-07,2025-11-08,Delivered,1,670.74,20
SH002665,PO000233,E078,V003,2025-02-21,2025-02-22,Delivered,1,1448.12,34
SH002666,PO001858,E041,V014,2025-08-26,2025-08-28,Damaged,1,733.71,44
SH002667,PO001028,E099,V087,2026-07-15,2026-07-17,Delivered,1,1575.79,48
SH002668,PO001474,E114,V016,2025-07-18,2025-07-19,Delivered,1,1626.81,32
SH002669,PO000640,E042,V060,2026-01-02,2026-01-02,Delivered,1,75.06,2
SH002670,PO003774,E079,V027,2026-08-07,2026-08-10,Delayed,1,1502.68,79
SH002671,PO003614,E066,V062,2025-01-05,2025-01-07,Delivered,1,1408.31,41
SH002672,PO003103,E071,V038,2025-12-08,2025-12-09,Damaged,1,593.27,29
SH002673,PO003710,E066,V039,2024-12-11,2024-12-13,Damaged,1,1059.86,47
SH002674,PO002881,E034,V029,2025-07-06,2025-07-07,Delivered,1,969.46,29
SH002675,PO000853,E049,V057,2025-03-22,2025-03-22,Delivered,1,199.21,5
SH002676,PO004263,E024,V081,2025-04-23,2025-04-24,Delivered,1,780.24,16
SH002677,PO002081,E042,V014,2025-02-09,2025-02-09,Delivered,1,457.43,9
SH002678,PO004154,E023,V076,2025-01-19,2025-01-20,Delivered,1,894.64,21
SH002679,PO000783,E056,V031,2026-03-29,2026-03-29,Delivered,1,725.96,11
SH002680,PO000556,E050,V031,2025-08-07,2025-08-09,Delivered,1,1623.71,42
SH002681,PO000516,E031,V069,2025-02-27,2025-02-27,Delivered,1,84.59,2
SH002682,PO002587,E043,V002,2024-02-18,2024-02-18,Delivered,1,287.43,7
SH002683,PO004491,E022,V011,2025-05-29,2025-05-31,Delivered,1,1443.12,42
SH002684,PO000234,E001,V028,2024-10-08,2024-10-08,Delivered,1,182.58,3
SH002685,PO003168,E043,V065,2024-11-08,2024-11-09,Delayed,1,895.1,33
SH002686,PO002363,E087,V033,2024-07-30,2024-07-31,Delivered,1,1366.53,27
SH002687,PO004635,E025,V072,2025-02-02,2025-02-04,Delivered,1,1074.34,36
SH002688,PO003198,E035,V004,2025-10-05,2025-10-06,Delivered,1,893.05,13
SH002689,PO003795,E116,V071,2024-10-16,2024-10-18,Delayed,1,1131.36,40
SH002690,PO003151,E022,V027,2025-05-16,2025-05-17,Delivered,1,491.07,14
SH002691,PO003744,E014,V089,2025-08-04,2025-08-05,Delivered,1,619.69,17
SH002692,PO004038,E009,V026,2024-03-06,2024-03-08,Delivered,1,1460.1,36
SH002693,PO001953,E055,V067,2024-07-21,2024-07-22,Delayed,1,663.68,23
SH002694,PO002304,E009,V003,2025-04-19,2025-04-20,Delivered,1,803.6,18
SH002695,PO000333,E070,V089,2025-09-08,2025-09-08,Delivered,1,161.87,4
SH002696,PO001127,E068,V035,2026-05-25,2026-05-26,Delivered,1,1090.53,27
SH002697,PO002893,E087,V055,2026-03-26,2026-03-27,Delivered,1,1241.26,25
SH002698,PO000589,E030,V008,2024-04-07,2024-04-09,Delivered,1,1595.82,48
SH002699,PO002880,E024,V077,2024-02-01,2024-02-02,Delivered,1,1238.32,34
SH002700,PO000006,E118,V037,2025-11-09,2025-11-10,Delivered,1,1441.9,35
SH002701,PO003911,E074,V003,2024-07-21,2024-07-22,Delivered,1,747.8,21
SH002702,PO002163,E006,V059,2024-03-06,2024-03-07,Delivered,1,765.17,18
SH002703,PO002756,E106,V041,2026-02-01,2026-02-03,Delivered,1,1793.96,40
SH002704,PO000264,E077,V020,2025-04-03,2025-04-04,Delivered,1,1614.2,34
SH002705,PO001614,E073,V054,2024-03-06,2024-03-06,Delivered,1,168.79,3
SH002706,PO002929,E093,V082,2024-12-20,2024-12-21,Delivered,1,1132.26,34
SH002707,PO000334,E033,V036,2024-01-21,2024-01-25,Delayed,1,1563.38,85
SH002708,PO002460,E084,V044,2026-02-12,2026-02-13,In-Transit,1,802.65,18
SH002709,PO003565,E071,V019,2025-12-27,2025-12-27,Delayed,1,232.54,7
SH002710,PO001535,E044,V066,2024-12-19,2024-12-22,Delayed,1,1568.61,62
SH002711,PO002226,E107,V049,2024-03-29,2024-03-29,Delivered,1,353.05,12
SH002712,PO002336,E058,V090,2024-08-28,2024-08-28,Delivered,1,419.68,10
SH002713,PO004400,E051,V060,2026-03-11,2026-03-13,Delivered,1,1737.26,40
SH002714,PO003572,E113,V085,2025-06-26,2025-06-28,Delivered,1,1659.22,59
SH002715,PO001475,E042,V047,2025-08-17,2025-08-18,Delivered,1,679.65,16
SH002716,PO000752,E060,V078,2025-06-09,2025-06-09,Delivered,1,313.59,7
SH002717,PO004566,E046,V009,2024-09-29,2024-09-29,Delivered,1,555.92,8
SH002718,PO001646,E001,V035,2026-02-14,2026-02-15,Delivered,1,1085.78,21
SH002719,PO004663,E006,V001,2024-06-28,2024-06-30,Delivered,1,1537.25,58
SH002720,PO003577,E021,V024,2025-07-14,2025-07-14,In-Transit,1,368.63,8
SH002721,PO003918,E091,V043,2024-10-02,2024-10-02,Delivered,1,126.81,3
SH002722,PO002977,E061,V026,2026-05-13,2026-05-14,Delivered,1,503.61,16
SH002723,PO001379,E033,V005,2024-05-27,2024-05-27,Delivered,1,208.43,5
SH002724,PO003804,E089,V082,2025-12-22,2025-12-24,Delivered,1,1780.62,52
SH002725,PO002144,E082,V020,2024-10-16,2024-10-18,Delivered,1,1796.84,39
SH002726,PO000606,E107,V073,2025-02-24,2025-02-25,Delayed,1,351.27,14
SH002727,PO000883,E055,V001,2024-05-26,2024-05-26,Delivered,1,224.35,5
SH002728,PO002956,E081,V030,2025-11-20,2025-11-20,Delivered,1,169.41,4
SH002729,PO001735,E037,V031,2024-03-27,2024-03-28,Delivered,1,808.62,19
SH002730,PO002301,E016,V024,2026-08-12,2026-08-13,Delivered,1,1342.89,30
SH002731,PO004761,E038,V050,2024-04-22,2024-04-24,Damaged,1,1706.45,60
SH002732,PO002708,E020,V028,2025-04-20,2025-04-22,Delivered,1,1438.91,40
SH002733,PO000063,E088,V044,2025-11-30,2025-12-01,Delivered,1,921.23,15
SH002734,PO001183,E094,V084,2025-05-12,2025-05-13,Delivered,1,1309.96,24
SH002735,PO002172,E107,V021,2026-02-02,2026-02-03,Delivered,1,818.55,27
SH002736,PO003550,E066,V080,2024-06-06,2024-06-07,Damaged,1,777.87,33
SH002737,PO003476,E054,V012,2024-10-12,2024-10-14,Delayed,1,1130.16,54
SH002738,PO000418,E110,V055,2025-05-12,2025-05-12,Delivered,1,343.81,5
SH002739,PO001284,E066,V032,2024-02-08,2024-02-09,Delivered,1,1013.55,21
SH002740,PO003381,E100,V088,2025-04-02,2025-04-04,Delivered,1,1637.06,40
SH002741,PO004278,E039,V001,2026-01-23,2026-01-23,Delivered,1,478.58,9
SH002742,PO001686,E113,V049,2025-01-23,2025-01-23,Delayed,1,128.44,2
SH002743,PO004149,E109,V042,2024-06-13,2024-06-14,Delivered,1,519.81,13
SH002744,PO004711,E039,V075,2024-01-27,2024-01-27,Delivered,1,403.83,7
SH002745,PO004650,E115,V045,2026-04-11,2026-04-13,Delivered,1,1520.71,47
SH002746,PO003367,E085,V089,2025-12-30,2025-12-31,Delivered,1,941.2,17
SH002747,PO003220,E032,V029,2026-07-01,2026-07-02,Delivered,1,985.8,24
SH002748,PO000669,E088,V004,2024-08-20,2024-08-21,Delivered,1,597.11,19
SH002749,PO003907,E056,V003,2026-02-05,2026-02-06,In-Transit,1,946.31,35
SH002750,PO002927,E078,V047,2025-08-15,2025-08-17,Delivered,1,1725.05,40
SH002751,PO004694,E022,V013,2026-07-29,2026-07-30,Delivered,1,1246.69,32
SH002752,PO003910,E003,V031,2024-10-30,2024-11-01,Delivered,1,1757.2,41
SH002753,PO003906,E072,V050,2024-06-26,2024-06-28,Delivered,1,1655.39,52
SH002754,PO000095,E080,V014,2025-06-22,2025-06-23,Delivered,1,754.07,17
SH002755,PO002607,E034,V065,2026-04-30,2026-04-30,Delayed,1,51.57,1
SH002756,PO003586,E050,V066,2025-06-12,2025-06-12,Delivered,1,528.28,8
SH002757,PO004296,E099,V002,2024-03-04,2024-03-04,Delivered,1,93.32,2
SH002758,PO000116,E004,V019,2025-04-16,2025-04-16,Delivered,1,127.02,4
SH002759,PO003699,E019,V009,2024-10-24,2024-10-25,Delayed,1,480.82,26
SH002760,PO004644,E024,V073,2025-12-28,2025-12-31,Damaged,1,1252.5,76
SH002761,PO001333,E096,V031,2025-08-12,2025-08-13,Delivered,1,1345.28,35
SH002762,PO004288,E034,V079,2025-05-04,2025-05-05,Damaged,1,354.23,17
SH002763,PO002895,E012,V023,2025-02-23,2025-02-24,Delivered,1,1157.13,26
SH002764,PO002840,E055,V072,2024-05-04,2024-05-05,Delayed,1,685.12,22
SH002765,PO003762,E009,V021,2025-03-14,2025-03-15,Delivered,1,1310.05,23
SH002766,PO000329,E069,V053,2024-11-28,2024-11-30,Delivered,1,1666.18,37
SH002767,PO004533,E027,V059,2025-06-20,2025-06-21,In-Transit,1,1279.06,27
SH002768,PO000844,E004,V061,2025-12-10,2025-12-10,Delivered,1,290.46,6
SH002769,PO002995,E077,V003,2024-05-27,2024-05-28,Delivered,1,1260.43,33
SH002770,PO003238,E010,V066,2026-08-12,2026-08-13,Delivered,1,451.9,13
SH002771,PO004404,E078,V074,2025-12-03,2025-12-04,Delivered,1,1084.11,22
SH002772,PO002066,E004,V017,2025-11-16,2025-11-18,Delivered,1,1432.66,39
SH002773,PO000555,E023,V026,2024-01-18,2024-01-19,Delivered,1,630.7,15
SH002774,PO001743,E043,V077,2024-08-16,2024-08-16,Delivered,1,677.69,12
SH002775,PO001354,E023,V025,2024-07-31,2024-07-31,Delivered,1,265.09,5
SH002776,PO000875,E068,V056,2025-07-21,2025-07-23,Damaged,1,782.13,50
SH002777,PO003300,E016,V021,2024-11-09,2024-11-10,Delayed,1,626.59,33
SH002778,PO002696,E052,V039,2025-12-31,2026-01-01,Delivered,1,957.31,27
SH002779,PO004495,E057,V015,2025-04-09,2025-04-09,Delivered,1,148.4,2
SH002780,PO002728,E096,V090,2024-03-18,2024-03-18,Damaged,1,96.84,5
SH002781,PO002543,E116,V007,2024-04-03,2024-04-04,Delivered,1,1595.98,31
SH002782,PO000778,E072,V059,2025-12-06,2025-12-06,Delivered,1,427.79,8
SH002783,PO003318,E085,V076,2024-02-22,2024-02-23,Delivered,1,944.53,24
SH002784,PO003487,E091,V028,2024-12-05,2024-12-07,Damaged,1,726.01,36
SH002785,PO004333,E085,V045,2026-01-25,2026-01-26,Delivered,1,1272.61,28
SH002786,PO001780,E053,V082,2025-07-28,2025-07-30,Delivered,1,1711.15,51
SH002787,PO001991,E003,V042,2026-05-21,2026-05-23,Delivered,1,1501.08,47
SH002788,PO002978,E099,V078,2024-02-17,2024-02-17,Delivered,1,444.39,8
SH002789,PO004837,E047,V057,2026-02-19,2026-02-21,Damaged,1,1316.87,53
SH002790,PO002686,E058,V014,2024-06-20,2024-06-21,Delivered,1,486.08,18
SH002791,PO003891,E037,V001,2025-12-04,2025-12-06,Delivered,1,1546.33,54
SH002792,PO000532,E035,V031,2026-02-25,2026-02-27,Delivered,1,1616.59,53
SH002793,PO003836,E006,V053,2025-11-23,2025-11-24,Delivered,1,1296.0,26
SH002794,PO000224,E039,V044,2024-10-11,2024-10-13,In-Transit,1,1015.41,43
SH002795,PO002950,E007,V011,2025-12-05,2025-12-08,Delayed,1,1288.44,71
SH002796,PO002062,E060,V013,2025-09-24,2025-09-26,Damaged,1,907.12,44
SH002797,PO001816,E112,V033,2024-12-27,2024-12-28,Delivered,1,724.41,25
SH002798,PO000294,E039,V064,2024-02-20,2024-02-21,Delivered,1,1313.1,35
SH002799,PO003499,E093,V067,2025-12-21,2025-12-22,Delivered,1,1339.03,31
SH002800,PO000262,E058,V062,2025-01-13,2025-01-14,Delayed,1,449.51,18
SH002801,PO001422,E109,V043,2026-04-13,2026-04-13,Delivered,1,494.1,12
SH002802,PO003697,E019,V027,2026-02-22,2026-02-22,Delivered,1,279.69,8
SH002803,PO000050,E046,V011,2025-04-30,2025-05-01,Delivered,1,605.54,16
SH002804,PO001305,E003,V077,2024-11-05,2024-11-05,Delivered,1,384.85,11
SH002805,PO001586,E054,V053,2025-11-29,2025-11-29,Delivered,1,341.36,9
SH002806,PO002755,E043,V030,2024-04-02,2024-04-02,Delivered,1,161.69,4
SH002807,PO001470,E032,V055,2025-06-16,2025-06-19,Delayed,1,1774.34,61
SH002808,PO002912,E018,V070,2026-01-30,2026-02-01,Delayed,1,1030.46,41
SH002809,PO000779,E076,V045,2026-02-03,2026-02-05,Delivered,1,1665.65,44
SH002810,PO004695,E082,V053,2026-04-25,2026-04-26,Delivered,1,1781.09,29
SH002811,PO003690,E017,V010,2024-02-15,2024-02-17,Delivered,1,1387.97,36
SH002812,PO000309,E049,V085,2025-09-28,2025-09-29,Delivered,1,947.69,21
SH002813,PO004305,E019,V072,2025-05-23,2025-05-24,Delivered,1,902.9,35
SH002814,PO004906,E120,V075,2025-06-25,2025-06-26,Delivered,1,870.49,26
SH002815,PO001168,E105,V081,2026-07-31,2026-08-01,Delivered,1,1014.87,22
SH002816,PO001092,E111,V012,2024-05-03,2024-05-05,Delayed,1,1225.69,36
SH002817,PO000399,E053,V051,2024-05-16,2024-05-18,Delivered,1,1681.59,58
SH002818,PO000878,E006,V078,2025-05-06,2025-05-08,Delivered,1,1765.78,46
SH002819,PO000882,E098,V059,2026-04-28,2026-04-28,Delivered,1,336.28,8
SH002820,PO001427,E007,V023,2025-06-26,2025-06-27,Delivered,1,1445.15,33
SH002821,PO003521,E061,V004,2024-01-25,2024-01-26,Delivered,1,1206.21,23
SH002822,PO004026,E066,V040,2026-08-04,2026-08-06,Delivered,1,1527.41,41
SH002823,PO002292,E031,V017,2024-03-10,2024-03-10,Delivered,1,394.9,11
SH002824,PO003988,E100,V069,2025-09-01,2025-09-02,Delivered,1,1466.38,24
SH002825,PO001958,E016,V018,2025-08-19,2025-08-20,Delivered,1,771.09,23
SH002826,PO003072,E073,V074,2024-11-30,2024-11-30,Delivered,1,125.32,2
SH002827,PO002843,E110,V002,2025-01-15,2025-01-15,Delivered,1,48.92,2
SH002828,PO004611,E108,V006,2025-11-04,2025-11-05,Delivered,1,1025.08,14
SH002829,PO001770,E091,V081,2025-02-07,2025-02-09,Delivered,1,1619.47,44
SH002830,PO000007,E047,V088,2025-10-24,2025-10-25,Delivered,1,1162.73,23
SH002831,PO003630,E113,V014,2024-01-09,2024-01-10,Delivered,1,635.07,27
SH002832,PO004610,E052,V027,2024-10-20,2024-10-22,In-Transit,1,1774.05,45
SH002833,PO004393,E013,V040,2025-03-12,2025-03-15,Delayed,1,1449.06,61
SH002834,PO003462,E088,V007,2025-03-02,2025-03-03,Delivered,1,1317.92,30
SH002835,PO000923,E078,V048,2026-06-13,2026-06-13,Delivered,1,339.97,8
SH002836,PO000748,E014,V078,2025-06-20,2025-06-22,Delayed,1,674.44,36
SH002837,PO003159,E004,V051,2025-12-19,2025-12-19,Delivered,1,278.23,9
SH002838,PO003277,E102,V021,2025-07-12,2025-07-13,Delivered,1,1705.12,35
SH002839,PO001346,E115,V038,2025-06-06,2025-06-06,Delivered,1,127.26,3
SH002840,PO002329,E081,V020,2026-04-18,2026-04-18,Delivered,1,378.0,8
SH002841,PO001386,E007,V013,2026-06-24,2026-06-25,Delivered,1,951.71,31
SH002842,PO002715,E043,V057,2024-12-25,2024-12-25,Delivered,1,501.37,12
SH002843,PO004797,E023,V073,2026-06-19,2026-06-21,Delivered,1,1538.31,43
SH002844,PO001277,E016,V083,2026-07-05,2026-07-06,In-Transit,1,405.05,15
SH002845,PO001785,E054,V055,2024-02-29,2024-03-02,Delivered,1,1492.25,46
SH002846,PO001248,E043,V089,2026-08-06,2026-08-08,Delivered,1,1654.34,38
SH002847,PO003023,E072,V029,2025-06-30,2025-07-01,Delivered,1,363.01,14
SH002848,PO003653,E065,V049,2024-08-16,2024-08-19,Delayed,1,1396.77,62
SH002849,PO004631,E060,V045,2026-06-30,2026-07-01,Delivered,1,1323.18,21
SH002850,PO003764,E062,V073,2024-09-11,2024-09-13,Delivered,1,1152.72,44
SH002851,PO004523,E101,V068,2025-10-26,2025-10-27,Delivered,1,849.58,19
SH002852,PO000795,E005,V060,2024-07-07,2024-07-08,Delivered,1,893.45,21
SH002853,PO000807,E107,V052,2025-01-22,2025-01-24,Delivered,1,1397.96,40
SH002854,PO001059,E095,V066,2025-03-31,2025-03-31,Delivered,1,541.54,8
SH002855,PO002157,E057,V090,2026-08-12,2026-08-13,Delivered,1,1191.7,24
SH002856,PO000861,E119,V023,2026-05-05,2026-05-07,In-Transit,1,1712.14,53
SH002857,PO000463,E076,V019,2024-02-28,2024-02-28,Delivered,1,222.77,6
SH002858,PO000257,E026,V014,2024-04-29,2024-05-01,Delayed,1,1427.61,39
SH002859,PO002082,E019,V046,2026-01-11,2026-01-12,Delivered,1,1310.84,33
SH002860,PO001237,E015,V056,2025-02-26,2025-02-28,In-Transit,1,1771.24,37
SH002861,PO001175,E093,V025,2025-12-26,2025-12-27,Delivered,1,564.61,20
SH002862,PO000357,E078,V071,2026-04-18,2026-04-19,Delivered,1,1089.21,23
SH002863,PO000630,E118,V041,2025-01-31,2025-02-01,Delivered,1,532.51,14
SH002864,PO003374,E051,V047,2026-07-18,2026-07-19,Delivered,1,1113.7,21
SH002865,PO004706,E063,V089,2024-03-15,2024-03-17,Delivered,1,1547.06,48
SH002866,PO002913,E070,V061,2024-01-13,2024-01-13,Delivered,1,289.18,8
SH002867,PO001446,E106,V060,2024-11-07,2024-11-07,Delayed,1,463.27,10
SH002868,PO000899,E040,V048,2024-03-15,2024-03-15,Delivered,1,161.12,4
SH002869,PO003181,E119,V026,2025-04-06,2025-04-06,Delivered,1,126.01,3
SH002870,PO000205,E004,V001,2025-04-09,2025-04-12,Damaged,1,1170.95,63
SH002871,PO001274,E072,V008,2026-06-07,2026-06-10,Delivered,1,1672.03,74
SH002872,PO003761,E070,V042,2025-07-03,2025-07-04,Delivered,1,1475.47,33
SH002873,PO003239,E066,V058,2025-03-16,2025-03-18,Delivered,1,1625.24,55
SH002874,PO002669,E002,V054,2025-04-16,2025-04-17,Delivered,1,1435.76,33
SH002875,PO002103,E021,V021,2025-06-10,2025-06-12,Delayed,1,1106.85,51
SH002876,PO000043,E094,V021,2024-02-05,2024-02-05,Delivered,1,429.58,12
SH002877,PO004493,E118,V011,2024-01-26,2024-01-26,Delivered,1,155.95,3
SH002878,PO004893,E097,V010,2024-08-03,2024-08-04,Delivered,1,545.4,14
SH002879,PO002702,E020,V037,2026-03-16,2026-03-18,Delayed,1,1047.97,42
SH002880,PO000304,E039,V010,2025-12-01,2025-12-03,Delivered,1,1557.64,37
SH002881,PO004818,E051,V037,2025-11-29,2025-11-30,Delivered,1,1425.98,30
SH002882,PO002214,E004,V020,2026-02-28,2026-03-02,Delivered,1,1401.79,41
SH002883,PO004455,E095,V052,2025-02-15,2025-02-16,Delayed,1,1064.81,31
SH002884,PO002296,E057,V021,2025-09-19,2025-09-20,Delivered,1,1257.03,26
SH002885,PO004347,E076,V014,2025-01-27,2025-01-29,Delivered,1,1712.05,42
SH002886,PO001534,E058,V085,2024-07-03,2024-07-03,Delivered,1,424.79,9
SH002887,PO000534,E109,V072,2026-07-22,2026-07-23,Delivered,1,734.78,24
SH002888,PO001149,E051,V052,2025-06-22,2025-06-23,Delivered,1,1245.93,28
SH002889,PO003705,E061,V001,2024-07-20,2024-07-20,Delivered,1,202.14,5
SH002890,PO000191,E108,V059,2025-06-13,2025-06-14,Delivered,1,1383.69,22
SH002891,PO002339,E065,V071,2024-06-04,2024-06-07,Delayed,1,1607.31,82
SH002892,PO003362,E042,V017,2025-02-03,2025-02-04,Delivered,1,1579.62,30
SH002893,PO000051,E074,V044,2024-02-16,2024-02-17,Delivered,1,1782.49,35
SH002894,PO000576,E060,V045,2026-07-14,2026-07-15,Delivered,1,553.83,16
SH002895,PO003827,E117,V034,2026-06-11,2026-06-12,Delivered,1,979.51,25
SH002896,PO003931,E028,V081,2024-11-16,2024-11-16,In-Transit,1,390.34,10
SH002897,PO004855,E084,V084,2025-11-17,2025-11-17,Delivered,1,574.42,12
SH002898,PO003791,E074,V004,2025-07-30,2025-07-31,Delivered,1,1769.74,25
SH002899,PO004885,E092,V037,2026-04-22,2026-04-23,Delivered,1,646.36,20
SH002900,PO001238,E012,V063,2024-05-23,2024-05-24,Delivered,1,756.62,18
SH002901,PO004214,E021,V034,2026-08-10,2026-08-12,Delivered,1,1692.8,49
SH002902,PO000698,E089,V010,2025-07-02,2025-07-04,Damaged,1,974.1,44
SH002903,PO003601,E112,V072,2025-05-20,2025-05-21,Delivered,1,526.09,17
SH002904,PO004683,E066,V079,2026-07-10,2026-07-11,Delivered,1,1300.73,27
SH002905,PO002413,E089,V020,2024-05-12,2024-05-13,Delivered,1,739.57,17
SH002906,PO002143,E061,V054,2026-03-01,2026-03-02,Delivered,1,567.52,14
SH002907,PO002454,E022,V085,2024-10-10,2024-10-13,Delivered,1,1790.13,63
SH002908,PO002058,E081,V036,2025-09-02,2025-09-03,Delivered,1,1568.16,29
SH002909,PO001291,E020,V018,2024-02-05,2024-02-07,Damaged,1,1190.93,42
SH002910,PO004582,E059,V072,2026-08-01,2026-08-02,Damaged,1,954.43,33
SH002911,PO001693,E068,V001,2025-04-15,2025-04-16,Delivered,1,676.01,14
SH002912,PO003937,E041,V046,2024-01-11,2024-01-12,Delivered,1,709.65,14
SH002913,PO002541,E110,V086,2025-05-05,2025-05-06,Delayed,1,1040.61,26
SH002914,PO000521,E024,V010,2025-01-18,2025-01-18,Delivered,1,320.62,10
SH002915,PO002324,E031,V036,2025-04-02,2025-04-04,In-Transit,1,1265.92,47
SH002916,PO002720,E117,V036,2026-05-18,2026-05-19,Delivered,1,518.36,19
SH002917,PO001760,E034,V063,2026-04-06,2026-04-08,In-Transit,1,1556.49,37
SH002918,PO004159,E084,V027,2024-10-21,2024-10-22,Delivered,1,818.25,29
SH002919,PO002403,E050,V068,2025-01-30,2025-02-01,Delayed,1,1323.97,41
SH002920,PO003767,E041,V002,2024-08-16,2024-08-16,Delivered,1,51.91,1
SH002921,PO002921,E040,V043,2024-05-31,2024-06-03,Delayed,1,1691.96,63
SH002922,PO004844,E103,V079,2026-03-22,2026-03-23,In-Transit,1,596.6,21
SH002923,PO003090,E091,V003,2026-06-01,2026-06-03,Delivered,1,1756.84,40
SH002924,PO000315,E017,V039,2024-10-06,2024-10-06,Delayed,1,241.06,9
SH002925,PO001141,E105,V047,2025-06-24,2025-06-26,Delivered,1,1600.61,36
SH002926,PO004340,E063,V004,2026-07-19,2026-07-21,Delivered,1,1174.21,40
SH002927,PO002687,E112,V075,2025-01-11,2025-01-13,Delivered,1,1578.8,43
SH002928,PO000632,E074,V044,2024-05-06,2024-05-08,Delivered,1,1552.66,44
SH002929,PO002374,E057,V025,2026-06-27,2026-06-28,Delivered,1,540.91,13
SH002930,PO000937,E043,V024,2026-06-10,2026-06-10,Delivered,1,395.41,9
SH002931,PO001987,E043,V021,2025-03-31,2025-04-01,Damaged,1,346.1,22
SH002932,PO002231,E112,V060,2024-02-25,2024-02-25,Delivered,1,119.39,2
SH002933,PO002527,E080,V069,2025-04-06,2025-04-07,Delivered,1,1470.89,33
SH002934,PO000625,E117,V038,2026-06-12,2026-06-12,Delivered,1,219.6,6
SH002935,PO004600,E002,V038,2024-03-03,2024-03-04,Delivered,1,885.43,15
SH002936,PO000821,E091,V076,2026-08-10,2026-08-11,Delivered,1,1532.23,35
SH002937,PO000118,E106,V008,2025-01-10,2025-01-10,Delivered,1,441.07,11
SH002938,PO004896,E012,V069,2025-08-01,2025-08-02,Delivered,1,1391.9,28
SH002939,PO000950,E054,V076,2025-09-02,2025-09-02,Delivered,1,46.2,2
SH002940,PO000948,E018,V010,2026-01-21,2026-01-22,Delivered,1,703.06,18
SH002941,PO001022,E008,V003,2025-02-14,2025-02-15,Delivered,1,465.3,15
SH002942,PO003525,E110,V054,2025-10-20,2025-10-20,Delivered,1,434.85,8
SH002943,PO000789,E087,V044,2024-05-14,2024-05-15,Delayed,1,495.95,14
SH002944,PO002984,E030,V027,2025-03-12,2025-03-13,Delivered,1,1066.66,30
SH002945,PO001323,E029,V078,2025-10-09,2025-10-10,Delivered,1,1050.48,25
SH002946,PO003824,E070,V018,2024-03-16,2024-03-17,Damaged,1,733.34,30
SH002947,PO004484,E004,V025,2025-09-16,2025-09-17,Delivered,1,420.27,16
SH002948,PO003950,E071,V018,2024-01-26,2024-01-27,Delivered,1,1139.89,28
SH002949,PO000296,E062,V074,2026-06-22,2026-06-22,Damaged,1,41.44,1
SH002950,PO001373,E100,V013,2025-07-11,2025-07-14,Damaged,1,1746.69,65
SH002951,PO001009,E029,V078,2024-09-12,2024-09-14,Delivered,1,1666.69,39
SH002952,PO002554,E049,V080,2024-09-01,2024-09-02,Delivered,1,1273.74,31
SH002953,PO000690,E067,V001,2024-05-23,2024-05-23,Delivered,1,405.65,6
SH002954,PO001148,E120,V069,2024-04-12,2024-04-13,Delivered,1,763.17,21
SH002955,PO002595,E021,V088,2024-02-11,2024-02-12,Delayed,1,428.76,26
SH002956,PO001366,E056,V037,2024-11-24,2024-11-24,Delivered,1,580.49,12
SH002957,PO004586,E110,V081,2024-11-26,2024-11-26,Damaged,1,119.23,3
SH002958,PO001945,E095,V004,2025-04-06,2025-04-07,Delivered,1,1245.54,18
SH002959,PO000781,E077,V089,2026-04-04,2026-04-05,In-Transit,1,1011.08,20
SH002960,PO004788,E102,V002,2024-08-31,2024-09-01,In-Transit,1,996.82,24
SH002961,PO000654,E050,V083,2026-05-16,2026-05-17,Delivered,1,1162.64,26
SH002962,PO001138,E117,V061,2025-02-17,2025-02-19,Delivered,1,1711.46,37
SH002963,PO001358,E074,V021,2024-07-03,2024-07-04,Damaged,1,572.83,21
SH002964,PO003413,E034,V047,2024-02-06,2024-02-07,Delivered,1,1324.08,30
SH002965,PO002015,E086,V072,2025-09-04,2025-09-05,Delivered,1,1169.31,29
SH002966,PO002904,E058,V056,2024-07-20,2024-07-22,Delivered,1,1761.61,43
SH002967,PO003940,E079,V070,2026-03-20,2026-03-21,Delivered,1,1284.34,24
SH002968,PO004596,E111,V072,2026-01-03,2026-01-03,Damaged,1,435.35,11
SH002969,PO000771,E021,V015,2024-10-22,2024-10-22,Delivered,1,642.15,12
SH002970,PO001490,E018,V030,2026-05-13,2026-05-15,Delivered,1,1203.64,41
SH002971,PO004439,E070,V084,2026-06-05,2026-06-06,In-Transit,1,1473.21,32
SH002972,PO003163,E085,V005,2026-08-12,2026-08-15,Delivered,1,1533.85,63
SH002973,PO000900,E061,V089,2025-06-30,2025-07-01,Delivered,1,668.85,17
SH002974,PO003680,E118,V063,2025-01-10,2025-01-12,Delayed,1,1644.07,58
SH002975,PO002338,E090,V024,2024-07-20,2024-07-21,Delivered,1,1631.05,35
SH002976,PO003885,E023,V019,2024-04-07,2024-04-08,Delivered,1,1673.37,30
SH002977,PO003609,E017,V085,2025-01-09,2025-01-11,Delivered,1,1285.18,44
SH002978,PO003221,E002,V052,2026-07-26,2026-07-26,Delivered,1,145.62,3
SH002979,PO002305,E075,V015,2026-07-06,2026-07-06,Delivered,1,467.4,9
SH002980,PO000876,E043,V077,2025-11-30,2025-11-30,Delivered,1,100.35,2
SH002981,PO004789,E109,V026,2024-06-12,2024-06-13,In-Transit,1,1321.99,26
SH002982,PO002328,E001,V087,2025-12-12,2025-12-13,Delivered,1,1193.28,27
SH002983,PO004666,E068,V081,2024-10-24,2024-10-24,Delivered,1,264.45,7
SH002984,PO000279,E115,V003,2025-07-15,2025-07-18,Delivered,1,1420.8,61
SH002985,PO004458,E027,V001,2025-09-06,2025-09-07,Delivered,1,821.62,19
SH002986,PO003003,E021,V063,2024-05-18,2024-05-19,Delayed,1,769.71,33
SH002987,PO000622,E094,V008,2025-05-11,2025-05-13,Delivered,1,1356.06,41
SH002988,PO000254,E083,V038,2024-06-29,2024-06-29,Delivered,1,337.6,7
SH002989,PO003574,E011,V060,2025-03-21,2025-03-24,Damaged,1,1589.64,71
SH002990,PO004354,E073,V010,2026-05-21,2026-05-22,Delivered,1,809.64,18
SH002991,PO000114,E005,V020,2025-04-23,2025-04-23,Delivered,1,234.34,4
SH002992,PO000157,E008,V078,2025-04-07,2025-04-09,Delayed,1,734.67,51
SH002993,PO004519,E038,V004,2026-02-02,2026-02-04,Delayed,1,1477.66,57
SH002994,PO001734,E067,V090,2025-06-01,2025-06-01,Delivered,1,51.0,1
SH002995,PO000892,E044,V018,2024-10-31,2024-11-01,Delivered,1,1212.36,28
SH002996,PO002612,E039,V042,2024-11-07,2024-11-08,Delivered,1,1332.83,34
SH002997,PO001266,E027,V054,2025-07-11,2025-07-12,Delivered,1,1277.9,35
SH002998,PO001540,E048,V003,2024-03-29,2024-03-30,Delivered,1,419.68,13
SH002999,PO004530,E094,V033,2025-07-27,2025-07-28,Delayed,1,483.77,17
SH003000,PO003411,E118,V084,2026-05-04,2026-05-04,Delivered,1,574.55,10
SH003001,PO003325,E060,V033,2026-06-19,2026-06-19,In-Transit,1,183.78,8
SH003002,PO000601,E107,V042,2026-06-27,2026-06-29,Delivered,1,1034.32,40
SH003003,PO004884,E106,V015,2024-03-21,2024-03-22,Delivered,1,679.18,22
SH003004,PO002603,E018,V018,2024-10-31,2024-11-02,Delivered,1,1658.6,43
SH003005,PO003154,E019,V064,2026-06-29,2026-06-30,Delivered,1,1285.72,31
SH003006,PO004087,E112,V053,2024-10-18,2024-10-18,Delivered,1,320.2,8
SH003007,PO004936,E118,V046,2025-03-03,2025-03-04,Delivered,1,775.09,26
SH003008,PO001201,E039,V036,2025-05-03,2025-05-05,Delivered,1,1667.14,40
SH003009,PO000316,E049,V003,2025-12-26,2025-12-26,In-Transit,1,172.57,3
SH003010,PO004132,E046,V005,2026-02-21,2026-02-21,Damaged,1,155.16,7
SH003011,PO004211,E001,V066,2024-11-19,2024-11-19,Delivered,1,574.53,12
SH003012,PO000894,E026,V015,2025-07-15,2025-07-16,Delivered,1,1119.03,35
SH003013,PO002510,E078,V067,2024-07-11,2024-07-12,Delivered,1,843.25,16
SH003014,PO001984,E068,V025,2025-11-10,2025-11-10,Delivered,1,606.13,12
SH003015,PO000653,E014,V082,2026-01-07,2026-01-08,Delivered,1,809.12,27
SH003016,PO000123,E092,V046,2025-10-26,2025-10-27,Delayed,1,516.88,34
SH003017,PO001450,E035,V059,2024-07-18,2024-07-18,Delivered,1,488.96,9
SH003018,PO002035,E064,V026,2026-08-12,2026-08-13,Delivered,1,874.36,26
SH003019,PO001048,E100,V021,2026-01-29,2026-01-31,Delivered,1,1581.73,58
SH003020,PO001590,E084,V038,2026-06-08,2026-06-09,Delivered,1,1181.38,26
SH003021,PO001316,E078,V064,2024-01-25,2024-01-28,Delivered,1,1566.86,65
SH003022,PO001054,E059,V015,2024-12-14,2024-12-15,Delivered,1,639.18,14
SH003023,PO000196,E005,V070,2025-02-17,2025-02-19,Delivered,1,1243.51,38
SH003024,PO001244,E063,V049,2024-12-01,2024-12-02,Delivered,1,1211.11,26
SH003025,PO004320,E016,V034,2025-08-16,2025-08-17,Delivered,1,518.29,19
SH003026,PO003134,E073,V011,2025-04-10,2025-04-12,Delivered,1,1759.65,37
SH003027,PO000091,E048,V016,2024-07-23,2024-07-24,Delivered,1,1459.46,33
SH003028,PO005000,E111,V010,2024-11-05,2024-11-06,Delayed,1,410.82,13
SH003029,PO002351,E044,V027,2024-12-16,2024-12-20,Delayed,1,1735.23,91
SH003030,PO000337,E016,V064,2025-03-02,2025-03-03,Delivered,1,1782.46,34
SH003031,PO001080,E031,V081,2024-06-14,2024-06-16,Delivered,1,1448.75,36
SH003032,PO000873,E086,V041,2024-09-30,2024-09-30,In-Transit,1,46.22,1
SH003033,PO002472,E058,V006,2024-01-27,2024-01-27,Delivered,1,84.58,3
SH003034,PO004766,E100,V030,2024-06-17,2024-06-18,Delivered,1,1028.61,33
SH003035,PO002909,E055,V011,2025-02-03,2025-02-05,Delivered,1,1796.46,45
SH003036,PO001308,E093,V085,2025-04-01,2025-04-03,Delivered,1,993.1,41
SH003037,PO001123,E074,V063,2024-07-16,2024-07-16,Damaged,1,321.46,11
SH003038,PO002155,E090,V049,2024-04-03,2024-04-04,Delivered,1,730.2,16
SH003039,PO001730,E027,V075,2026-01-18,2026-01-20,Delivered,1,1277.97,42
SH003040,PO001435,E071,V061,2024-06-24,2024-06-24,Delivered,1,71.64,2
SH003041,PO002915,E069,V080,2026-05-23,2026-05-24,Delivered,1,948.31,22
SH003042,PO004106,E101,V009,2024-08-07,2024-08-09,Delivered,1,1566.47,47
SH003043,PO004006,E060,V034,2024-11-18,2024-11-19,Delivered,1,985.86,30
SH003044,PO002098,E118,V011,2025-03-30,2025-03-31,Delivered,1,551.57,15
SH003045,PO003472,E040,V038,2024-08-09,2024-08-09,Delivered,1,225.84,6
SH003046,PO003022,E053,V014,2025-06-09,2025-06-11,Delivered,1,1335.08,45
SH003047,PO002030,E056,V057,2024-04-29,2024-04-30,Delivered,1,682.03,13
SH003048,PO004975,E079,V036,2025-08-18,2025-08-19,Delivered,1,996.55,15
SH003049,PO001090,E024,V007,2026-02-14,2026-02-15,Delivered,1,905.35,30
SH003050,PO000322,E028,V031,2026-07-16,2026-07-17,Delivered,1,1540.34,35
SH003051,PO001638,E075,V048,2026-05-21,2026-05-21,Delivered,1,615.03,12
SH003052,PO002302,E040,V016,2024-12-28,2024-12-30,Delayed,1,1256.15,58
SH003053,PO004143,E037,V026,2025-06-10,2025-06-12,Damaged,1,672.71,39
SH003054,PO004863,E028,V065,2025-09-03,2025-09-05,Damaged,1,1097.11,36
SH003055,PO000774,E012,V054,2025-12-11,2025-12-11,Delivered,1,507.2,10
SH003056,PO002694,E054,V064,2024-12-18,2024-12-18,Delivered,1,408.89,11
SH003057,PO001777,E079,V082,2026-05-16,2026-05-17,Delivered,1,1014.23,26
SH003058,PO000278,E115,V027,2025-05-10,2025-05-11,Delivered,1,614.71,13
SH003059,PO003915,E104,V030,2025-07-17,2025-07-17,Delivered,1,188.14,4
SH003060,PO000599,E035,V052,2026-05-07,2026-05-08,Delivered,1,1744.99,33
SH003061,PO001704,E019,V083,2025-04-17,2025-04-17,Delivered,1,83.41,2
SH003062,PO002508,E071,V071,2025-03-11,2025-03-12,Delivered,1,1360.49,32
SH003063,PO001371,E107,V059,2024-11-25,2024-11-26,Delivered,1,1252.46,34
SH003064,PO003667,E054,V086,2025-02-16,2025-02-18,Delivered,1,1362.14,37
SH003065,PO003398,E120,V081,2026-07-23,2026-07-25,Delivered,1,1714.94,57
SH003066,PO000393,E091,V077,2024-06-10,2024-06-11,Damaged,1,199.75,13
SH003067,PO002566,E061,V059,2024-04-01,2024-04-02,Delivered,1,932.96,21
SH003068,PO002577,E001,V032,2026-04-11,2026-04-13,Damaged,1,1501.95,39
SH003069,PO002999,E037,V080,2024-04-01,2024-04-01,Delivered,1,506.04,10
SH003070,PO002781,E106,V073,2026-07-03,2026-07-04,Delivered,1,698.3,25
SH003071,PO002589,E083,V050,2026-07-26,2026-07-26,Damaged,1,271.89,8
SH003072,PO004490,E032,V085,2024-10-13,2024-10-14,In-Transit,1,1472.18,30
SH003073,PO004993,E104,V007,2025-08-04,2025-08-05,Delayed,1,685.61,25
SH003074,PO001444,E028,V081,2024-09-21,2024-09-21,Delivered,1,311.38,6
SH003075,PO004253,E009,V032,2024-11-17,2024-11-18,Delivered,1,1220.92,30
SH003076,PO004779,E031,V073,2024-07-31,2024-07-31,Delivered,1,151.91,3
SH003077,PO001632,E093,V061,2025-03-18,2025-03-18,Delivered,1,389.56,10
SH003078,PO003342,E057,V080,2026-06-25,2026-06-27,Delivered,1,1436.2,45
SH003079,PO002286,E097,V059,2024-06-01,2024-06-01,Delivered,1,728.37,10
SH003080,PO000768,E078,V075,2025-04-02,2025-04-03,Delivered,1,453.71,16
SH003081,PO003596,E060,V081,2024-10-18,2024-10-19,Delivered,1,514.88,13
SH003082,PO003716,E036,V016,2024-10-18,2024-10-20,Damaged,1,799.73,38
SH003083,PO003810,E006,V075,2024-06-12,2024-06-13,Delivered,1,722.56,17
SH003084,PO003825,E065,V081,2025-11-22,2025-11-23,Delivered,1,1345.45,30
SH003085,PO002326,E103,V088,2026-06-14,2026-06-15,Delivered,1,1708.0,34
SH003086,PO003542,E114,V077,2025-03-26,2025-03-28,Delivered,1,1755.92,40
SH003087,PO001808,E006,V003,2025-07-12,2025-07-15,Damaged,1,1653.01,64
SH003088,PO003237,E048,V084,2026-04-04,2026-04-06,Delivered,1,1292.24,37
SH003089,PO001796,E039,V038,2025-08-30,2025-08-31,Damaged,1,1222.77,32
SH003090,PO002591,E093,V031,2026-07-13,2026-07-14,Delivered,1,1287.27,27
SH003091,PO004157,E090,V077,2026-02-20,2026-02-20,Delivered,1,218.64,5
SH003092,PO004155,E054,V079,2025-04-29,2025-04-29,Delivered,1,507.96,11
SH003093,PO002934,E071,V089,2025-09-11,2025-09-11,Damaged,1,202.55,8
SH003094,PO002285,E115,V073,2025-10-14,2025-10-15,Delivered,1,776.91,19
SH003095,PO004010,E099,V082,2025-08-02,2025-08-03,Delivered,1,571.73,18
SH003096,PO000627,E057,V022,2024-10-01,2024-10-02,In-Transit,1,1246.34,33
SH003097,PO002875,E039,V013,2025-05-18,2025-05-19,In-Transit,1,534.62,16
SH003098,PO004406,E087,V037,2026-05-15,2026-05-16,Delivered,1,1239.08,27
SH003099,PO001294,E096,V085,2025-07-23,2025-07-25,Delivered,1,1350.69,41
SH003100,PO003091,E081,V034,2024-09-12,2024-09-14,Delivered,1,1343.83,46
SH003101,PO004375,E114,V024,2026-02-01,2026-02-01,Delivered,1,315.24,8
SH003102,PO001550,E054,V070,2025-06-29,2025-06-30,Delivered,1,1626.89,30
SH003103,PO003503,E081,V028,2025-01-26,2025-01-26,Delivered,1,88.35,1
SH003104,PO004550,E100,V054,2025-12-25,2025-12-25,In-Transit,1,419.73,11
SH003105,PO004982,E031,V066,2025-03-15,2025-03-17,Delivered,1,1620.97,56
SH003106,PO004520,E062,V020,2025-08-09,2025-08-09,Delivered,1,118.75,2
SH003107,PO001320,E086,V045,2024-10-14,2024-10-15,Delivered,1,1117.52,28
SH003108,PO000401,E030,V003,2024-01-08,2024-01-08,Delivered,1,585.85,12
SH003109,PO003323,E071,V033,2024-08-02,2024-08-02,Delivered,1,338.42,7
SH003110,PO000161,E106,V034,2024-10-13,2024-10-15,Delivered,1,1728.58,42
SH003111,PO004095,E091,V003,2024-02-06,2024-02-07,Delivered,1,630.16,19
SH003112,PO004564,E021,V038,2025-02-21,2025-02-22,Delayed,1,466.73,17
SH003113,PO004918,E053,V004,2025-03-25,2025-03-26,Delivered,1,1498.24,34
SH003114,PO002178,E086,V084,2024-07-16,2024-07-17,Delayed,1,654.8,31
SH003115,PO002816,E072,V008,2025-05-02,2025-05-02,Delivered,1,538.16,10
SH003116,PO001106,E098,V059,2025-03-12,2025-03-13,Delayed,1,536.91,31
SH003117,PO000048,E059,V037,2026-05-07,2026-05-10,Damaged,1,1598.84,61
SH003118,PO001348,E086,V020,2026-05-12,2026-05-14,Delivered,1,1745.04,50
SH003119,PO001439,E095,V012,2024-12-04,2024-12-04,Delivered,1,556.47,10
SH003120,PO001568,E011,V024,2025-12-28,2026-01-01,Damaged,1,1745.42,92
SH003121,PO000274,E101,V060,2024-01-12,2024-01-12,Delivered,1,316.84,9
SH003122,PO003298,E006,V060,2024-04-08,2024-04-10,Delivered,1,1656.05,53
SH003123,PO000817,E060,V048,2024-08-06,2024-08-07,Delivered,1,1312.87,32
SH003124,PO002644,E002,V029,2026-01-12,2026-01-12,Delivered,1,213.23,5
SH003125,PO000602,E086,V009,2026-03-10,2026-03-11,Delivered,1,1331.52,29
SH003126,PO001670,E042,V002,2024-01-19,2024-01-21,Delivered,1,1456.92,39
SH003127,PO001703,E083,V054,2025-01-04,2025-01-04,Delayed,1,208.56,3
SH003128,PO000742,E115,V063,2025-12-18,2025-12-19,Delayed,1,344.56,13
SH003129,PO001309,E021,V030,2025-04-11,2025-04-11,Delivered,1,225.05,7
SH003130,PO004473,E119,V075,2024-09-04,2024-09-05,Damaged,1,945.9,34
SH003131,PO000674,E079,V006,2025-05-28,2025-05-29,Delivered,1,1415.03,28
SH003132,PO003619,E036,V022,2024-10-13,2024-10-13,Delivered,1,47.36,1
SH003133,PO003460,E057,V010,2025-12-10,2025-12-11,Delivered,1,1008.52,34
SH003134,PO001561,E096,V014,2025-05-06,2025-05-06,Delivered,1,444.5,9
SH003135,PO004677,E059,V027,2024-03-07,2024-03-09,Delivered,1,1501.46,53
SH003136,PO000288,E040,V087,2024-08-30,2024-08-30,Delayed,1,179.0,6
SH003137,PO000182,E096,V044,2025-03-18,2025-03-20,Delivered,1,1045.06,36
SH003138,PO003047,E053,V016,2025-11-06,2025-11-07,In-Transit,1,1088.74,20
SH003139,PO001461,E106,V089,2025-10-02,2025-10-04,Delivered,1,1173.51,40
SH003140,PO002017,E076,V088,2024-10-13,2024-10-14,Delivered,1,781.35,22
SH003141,PO001332,E107,V029,2026-07-10,2026-07-11,Delivered,1,1240.16,23
SH003142,PO003150,E111,V008,2025-04-20,2025-04-22,Delivered,1,1762.71,45
SH003143,PO000436,E048,V007,2025-11-20,2025-11-23,Delayed,1,1611.4,62
SH003144,PO003831,E043,V023,2025-12-05,2025-12-07,Delivered,1,1245.47,47
SH003145,PO004868,E113,V058,2026-07-14,2026-07-15,Damaged,1,799.09,30
SH003146,PO001851,E070,V026,2026-02-11,2026-02-12,Delivered,1,525.49,16
SH003147,PO002128,E009,V067,2025-10-23,2025-10-24,Damaged,1,777.96,33
SH003148,PO001935,E057,V011,2026-08-11,2026-08-13,Delivered,1,1536.54,42
SH003149,PO004903,E039,V054,2024-06-06,2024-06-07,Delayed,1,855.16,16
SH003150,PO000154,E099,V074,2025-04-22,2025-04-22,Delivered,1,343.13,8
SH003151,PO003739,E054,V070,2024-12-16,2024-12-17,Delivered,1,807.56,15
SH003152,PO000724,E073,V001,2025-09-25,2025-09-26,Delivered,1,1212.11,33
SH003153,PO003469,E002,V081,2026-02-25,2026-02-25,In-Transit,1,150.35,5
SH003154,PO001515,E021,V007,2026-01-14,2026-01-17,Damaged,1,1672.9,71
SH003155,PO003088,E090,V054,2024-06-03,2024-06-03,Delivered,1,196.38,4
SH003156,PO004825,E036,V071,2024-09-02,2024-09-04,Delivered,1,1319.8,51
SH003157,PO003359,E006,V037,2024-11-16,2024-11-17,Delayed,1,653.12,24
SH003158,PO003523,E108,V003,2024-07-07,2024-07-09,Delivered,1,1522.4,42
SH003159,PO001606,E024,V013,2025-04-16,2025-04-18,Delivered,1,1528.5,36
SH003160,PO000537,E023,V002,2024-08-20,2024-08-21,Delivered,1,1162.84,28
SH003161,PO003278,E061,V046,2024-08-06,2024-08-07,Delivered,1,1329.95,27
SH003162,PO001108,E093,V037,2024-01-25,2024-01-26,Damaged,1,374.18,13
SH003163,PO003623,E104,V079,2026-05-05,2026-05-06,Delivered,1,728.48,14
SH003164,PO004866,E050,V058,2025-04-08,2025-04-10,Delivered,1,1745.42,37
SH003165,PO001251,E006,V026,2026-08-12,2026-08-13,In-Transit,1,1345.57,22
SH003166,PO003833,E065,V083,2025-10-27,2025-10-29,Delivered,1,956.85,37
SH003167,PO004886,E108,V006,2024-12-21,2024-12-22,Delivered,1,1333.5,34
SH003168,PO002096,E027,V061,2026-04-23,2026-04-24,Delivered,1,997.58,30
SH003169,PO003785,E070,V067,2024-02-04,2024-02-05,Delivered,1,547.85,16
SH003170,PO000597,E057,V010,2024-05-27,2024-05-28,Delivered,1,721.84,16
SH003171,PO002638,E028,V022,2024-12-03,2024-12-05,Delivered,1,1271.63,42
SH003172,PO002267,E038,V071,2024-03-07,2024-03-07,Delayed,1,381.02,10
SH003173,PO001571,E028,V090,2024-02-14,2024-02-14,Delivered,1,708.14,11
SH003174,PO004258,E066,V024,2025-06-15,2025-06-15,Delivered,1,408.65,8
SH003175,PO001194,E009,V039,2025-04-16,2025-04-18,Delivered,1,1588.65,39
SH003176,PO004510,E010,V048,2025-12-17,2025-12-18,In-Transit,1,616.29,13
SH003177,PO002663,E074,V056,2025-01-11,2025-01-13,Delivered,1,1230.91,38
SH003178,PO000574,E059,V029,2025-05-04,2025-05-04,Delivered,1,335.6,9
SH003179,PO001793,E068,V057,2025-08-09,2025-08-09,Delivered,1,167.92,5
SH003180,PO004433,E079,V030,2026-04-29,2026-04-30,Delivered,1,1737.75,34
SH003181,PO000492,E108,V018,2025-07-11,2025-07-13,Delayed,1,678.99,41
SH003182,PO003768,E031,V024,2025-04-02,2025-04-02,Delivered,1,41.72,1
SH003183,PO003547,E048,V048,2024-06-18,2024-06-19,Delivered,1,713.67,25
SH003184,PO000456,E080,V078,2025-11-18,2025-11-18,In-Transit,1,290.04,7
SH003185,PO004536,E021,V082,2025-07-29,2025-07-29,Delivered,1,283.11,10
SH003186,PO004974,E044,V036,2026-07-16,2026-07-17,Delayed,1,675.91,22
SH003187,PO000525,E049,V052,2026-06-19,2026-06-20,Delivered,1,1096.86,34
SH003188,PO002205,E031,V054,2026-05-31,2026-05-31,Delivered,1,151.52,3
SH003189,PO003334,E011,V038,2024-12-01,2024-12-03,Delivered,1,1486.23,36
SH003190,PO000128,E016,V009,2024-07-08,2024-07-08,Delivered,1,592.27,8
SH003191,PO001818,E118,V016,2025-06-07,2025-06-08,Delivered,1,1253.89,24
SH003192,PO004498,E100,V088,2024-11-28,2024-11-29,Damaged,1,831.11,28
SH003193,PO000376,E026,V084,2024-10-14,2024-10-16,Delivered,1,1582.63,48
SH003194,PO001216,E018,V086,2024-05-20,2024-05-22,In-Transit,1,1703.77,50
SH003195,PO004836,E025,V050,2025-12-31,2026-01-01,Delivered,1,945.06,18
SH003196,PO003165,E052,V031,2024-07-12,2024-07-13,Delivered,1,731.97,16
SH003197,PO004019,E102,V006,2025-01-05,2025-01-06,Delivered,1,1061.79,34
SH003198,PO000193,E028,V010,2025-06-24,2025-06-25,Delivered,1,1234.02,23
SH003199,PO004369,E035,V049,2025-12-24,2025-12-26,Delivered,1,1500.34,36
SH003200,PO003544,E072,V001,2025-10-06,2025-10-07,Delivered,1,1107.34,23
SH003201,PO001498,E003,V026,2025-03-12,2025-03-12,Delivered,1,159.16,5
SH003202,PO001180,E039,V039,2026-07-12,2026-07-13,Delivered,1,1473.33,33
SH003203,PO002882,E086,V047,2026-03-01,2026-03-04,Delayed,1,1768.16,65
SH003204,PO001228,E040,V072,2024-10-10,2024-10-11,Delivered,1,1232.24,24
SH003205,PO003539,E037,V060,2024-09-10,2024-09-12,Delayed,1,777.57,42
SH003206,PO003259,E070,V043,2024-12-23,2024-12-24,Delivered,1,1403.82,35
SH003207,PO002123,E008,V087,2025-05-11,2025-05-12,Delivered,1,1465.7,27
SH003208,PO002917,E029,V073,2026-04-04,2026-04-04,Delivered,1,309.84,10
SH003209,PO000506,E087,V050,2026-07-02,2026-07-04,Damaged,1,1100.25,60
SH003210,PO001723,E082,V056,2025-08-10,2025-08-10,Delivered,1,296.84,8
SH003211,PO004180,E021,V053,2025-02-01,2025-02-03,Delivered,1,1696.77,42
SH003212,PO003862,E091,V033,2025-07-29,2025-07-31,Damaged,1,1063.55,36
SH003213,PO002120,E095,V035,2024-05-23,2024-05-23,Delivered,1,188.28,4
SH003214,PO001882,E034,V001,2025-05-01,2025-05-02,Delivered,1,1181.95,29
SH003215,PO000848,E075,V012,2024-07-27,2024-07-29,Delayed,1,1126.0,47
SH003216,PO002073,E091,V039,2025-02-13,2025-02-13,Delayed,1,193.05,6
SH003217,PO003401,E067,V061,2026-02-06,2026-02-07,Delivered,1,1439.6,33
SH003218,PO001906,E119,V087,2025-01-01,2025-01-02,Delivered,1,1145.46,19
SH003219,PO001512,E038,V043,2025-08-05,2025-08-06,Delivered,1,561.92,13
SH003220,PO001666,E076,V086,2026-02-22,2026-02-23,Delivered,1,793.11,26
SH003221,PO000659,E117,V086,2024-09-20,2024-09-20,Delivered,1,260.89,7
SH003222,PO004225,E080,V024,2025-08-30,2025-08-31,Delivered,1,578.61,16
SH003223,PO002224,E076,V080,2026-02-08,2026-02-10,Damaged,1,895.02,36
SH003224,PO004470,E042,V003,2026-03-18,2026-03-20,Delivered,1,1788.95,36
SH003225,PO001458,E017,V074,2025-05-30,2025-05-30,Delivered,1,264.69,8
SH003226,PO000016,E042,V034,2026-03-06,2026-03-07,Delivered,1,1248.41,23
SH003227,PO001107,E032,V086,2026-05-02,2026-05-05,In-Transit,1,1738.1,69
SH003228,PO004873,E021,V039,2026-05-08,2026-05-08,Delivered,1,236.97,6
SH003229,PO004734,E022,V019,2026-01-18,2026-01-19,Delivered,1,1186.15,35
SH003230,PO003612,E030,V040,2025-10-03,2025-10-04,Delivered,1,856.53,20
SH003231,PO000323,E058,V047,2024-07-30,2024-07-31,Delivered,1,920.02,22
SH003232,PO004888,E102,V022,2026-02-04,2026-02-05,Delivered,1,1489.48,25
SH003233,PO001384,E058,V035,2025-12-15,2025-12-18,Delayed,1,1291.41,72
SH003234,PO001992,E044,V070,2026-01-12,2026-01-12,Delayed,1,175.93,7
SH003235,PO002517,E109,V059,2025-12-08,2025-12-10,Delayed,1,1681.87,51
SH003236,PO001419,E114,V061,2024-02-04,2024-02-04,Delivered,1,80.84,2
SH003237,PO004751,E111,V072,2024-06-17,2024-06-18,Delivered,1,1753.57,30
SH003238,PO003590,E015,V079,2025-07-15,2025-07-16,Delivered,1,714.28,18
SH003239,PO004109,E081,V064,2026-08-03,2026-08-04,Delivered,1,1136.91,22
SH003240,PO001313,E066,V085,2024-08-08,2024-08-09,Damaged,1,654.56,27
SH003241,PO004013,E043,V041,2024-02-21,2024-02-21,Delivered,1,67.22,2
SH003242,PO001220,E098,V087,2024-12-08,2024-12-10,Delivered,1,1072.55,39
SH003243,PO000643,E002,V051,2025-11-21,2025-11-21,Delivered,1,494.76,11
SH003244,PO001016,E044,V034,2025-03-04,2025-03-05,Delivered,1,569.51,14
SH003245,PO004543,E031,V012,2025-05-28,2025-05-29,Delivered,1,1344.97,29
SH003246,PO003727,E004,V015,2024-05-07,2024-05-09,Delivered,1,1422.47,39
SH003247,PO001430,E120,V062,2024-12-03,2024-12-05,Delivered,1,1598.94,36
SH003248,PO003436,E019,V084,2024-03-24,2024-03-25,Delivered,1,1279.95,28
SH003249,PO000311,E094,V033,2025-01-14,2025-01-14,Delivered,1,307.68,6
SH003250,PO003638,E069,V070,2024-01-10,2024-01-11,Delayed,1,823.32,29
SH003251,PO001523,E033,V024,2025-01-21,2025-01-22,Delivered,1,800.4,20
SH003252,PO001509,E001,V042,2024-02-29,2024-03-03,Damaged,1,1220.88,67
SH003253,PO003314,E115,V078,2026-08-04,2026-08-05,Delayed,1,620.17,25
SH003254,PO000199,E051,V024,2026-07-14,2026-07-15,Delivered,1,807.32,19
SH003255,PO004850,E030,V025,2025-05-01,2025-05-02,Delayed,1,615.66,34
SH003256,PO000073,E120,V022,2024-11-21,2024-11-22,Delivered,1,1264.83,21
SH003257,PO004692,E011,V072,2026-04-18,2026-04-18,Delivered,1,615.04,11
SH003258,PO003740,E081,V071,2026-01-12,2026-01-15,Delayed,1,1459.64,65
SH003259,PO004976,E003,V019,2025-06-20,2025-06-20,Delivered,1,336.08,8
SH003260,PO002931,E084,V040,2026-02-10,2026-02-11,Delayed,1,695.67,16
SH003261,PO001786,E105,V071,2026-02-14,2026-02-14,Delivered,1,177.82,5
SH003262,PO004429,E101,V070,2025-07-29,2025-07-30,Delivered,1,677.52,23
SH003263,PO001504,E089,V048,2024-02-07,2024-02-08,Delivered,1,626.44,22
SH003264,PO001327,E102,V084,2026-03-16,2026-03-16,Delivered,1,299.34,5
SH003265,PO003878,E058,V087,2025-10-12,2025-10-12,Delayed,1,237.47,5
SH003266,PO001524,E016,V050,2024-05-17,2024-05-18,Delayed,1,545.57,25
SH003267,PO002844,E051,V063,2025-04-30,2025-04-30,Delivered,1,172.17,4
SH003268,PO001449,E030,V059,2026-01-03,2026-01-04,Delivered,1,743.97,18
SH003269,PO002263,E103,V059,2026-01-17,2026-01-18,Delayed,1,512.17,25
SH003270,PO002870,E087,V073,2025-03-30,2025-03-31,Delivered,1,481.31,16
SH003271,PO000658,E074,V072,2025-03-21,2025-03-22,Delivered,1,837.85,23
SH003272,PO003949,E108,V001,2025-07-11,2025-07-12,Delivered,1,612.17,15
SH003273,PO003085,E023,V073,2024-09-30,2024-09-30,Delivered,1,640.55,11
SH003274,PO000089,E045,V008,2025-03-16,2025-03-17,Delivered,1,871.04,22
SH003275,PO002021,E004,V001,2025-09-13,2025-09-14,Delivered,1,852.44,27
SH003276,PO001405,E054,V037,2024-12-04,2024-12-04,Damaged,1,286.17,10
SH003277,PO003773,E086,V055,2025-01-11,2025-01-11,Delivered,1,258.05,4
SH003278,PO000518,E090,V013,2025-10-11,2025-10-13,Delivered,1,1666.27,47
SH003279,PO001093,E115,V061,2025-03-24,2025-03-26,Delivered,1,1480.3,36
SH003280,PO000834,E078,V045,2024-10-03,2024-10-03,Delivered,1,497.84,10
SH003281,PO004730,E095,V089,2024-11-23,2024-11-23,Delivered,1,196.29,7
SH003282,PO003271,E065,V003,2025-04-20,2025-04-21,Delivered,1,1445.66,29
SH003283,PO001641,E080,V045,2024-10-08,2024-10-09,Delayed,1,303.5,13
SH003284,PO001075,E037,V068,2024-10-10,2024-10-11,Delayed,1,526.21,17
SH003285,PO000160,E029,V080,2025-06-09,2025-06-10,Delivered,1,675.95,19
SH003286,PO004675,E013,V055,2024-11-20,2024-11-20,Delivered,1,300.74,5
SH003287,PO004565,E015,V058,2026-05-19,2026-05-20,Delivered,1,776.3,22
SH003288,PO001392,E120,V074,2025-10-28,2025-10-28,Delivered,1,410.57,11
SH003289,PO002723,E062,V049,2025-01-08,2025-01-09,Delivered,1,638.02,13
SH003290,PO003849,E029,V026,2024-05-13,2024-05-15,Delivered,1,1066.03,42
SH003291,PO004096,E029,V020,2025-11-11,2025-11-12,Delivered,1,1320.86,33
SH003292,PO004299,E091,V047,2025-08-18,2025-08-20,Delivered,1,1072.05,36
SH003293,PO001904,E096,V087,2024-05-08,2024-05-09,Delivered,1,1008.95,18
SH003294,PO003793,E051,V030,2026-04-18,2026-04-20,Delivered,1,1618.72,40
SH003295,PO004219,E077,V018,2024-07-04,2024-07-04,Delivered,1,98.92,3
SH003296,PO003917,E095,V087,2024-11-30,2024-12-01,Delivered,1,737.37,13
SH003297,PO002627,E029,V084,2024-07-25,2024-07-25,Delivered,1,217.38,7
SH003298,PO000751,E024,V077,2024-12-15,2024-12-16,Delivered,1,613.03,20
SH003299,PO000961,E108,V003,2026-04-23,2026-04-23,Delivered,1,188.88,5
SH003300,PO001124,E075,V080,2024-06-01,2024-06-02,Delayed,1,580.05,24
SH003301,PO000172,E104,V054,2024-10-19,2024-10-20,Delivered,1,552.37,13
SH003302,PO000338,E084,V065,2025-09-08,2025-09-10,Delivered,1,1378.89,36
SH003303,PO000291,E118,V030,2024-05-10,2024-05-12,Delivered,1,1222.27,44
SH003304,PO000150,E084,V088,2026-05-30,2026-05-31,Delivered,1,1043.14,20
SH003305,PO002439,E076,V012,2024-01-28,2024-01-29,In-Transit,1,1333.08,34
SH003306,PO000359,E036,V030,2025-10-24,2025-10-27,Delivered,1,1752.06,67
SH003307,PO004310,E024,V036,2025-03-06,2025-03-07,Delivered,1,870.59,18
SH003308,PO004031,E103,V088,2025-08-14,2025-08-15,Delivered,1,718.13,20
SH003309,PO003855,E070,V005,2025-12-05,2025-12-05,Delivered,1,466.6,10
SH003310,PO004834,E008,V038,2025-12-24,2025-12-25,In-Transit,1,1355.73,26
SH003311,PO003966,E067,V020,2026-04-10,2026-04-12,In-Transit,1,1502.1,45
SH003312,PO004641,E116,V006,2024-05-28,2024-05-30,Delivered,1,1782.79,60
SH003313,PO000934,E083,V001,2024-11-26,2024-11-27,Delivered,1,1121.12,24
SH003314,PO001631,E086,V037,2026-05-09,2026-05-10,Delivered,1,1129.66,24
SH003315,PO000675,E113,V043,2026-06-28,2026-06-29,Delivered,1,1493.68,28
SH003316,PO002683,E116,V076,2025-12-10,2025-12-11,Delivered,1,859.69,26
SH003317,PO002118,E029,V086,2026-04-22,2026-04-24,Delivered,1,1334.58,38
SH003318,PO003026,E070,V016,2024-12-19,2024-12-20,Delayed,1,931.68,29
SH003319,PO003179,E037,V051,2024-04-03,2024-04-04,Delayed,1,778.04,35
SH003320,PO003960,E093,V020,2024-03-20,2024-03-21,Delivered,1,1236.19,31
SH003321,PO004704,E042,V002,2025-07-05,2025-07-07,Delivered,1,1777.09,56
SH003322,PO001496,E036,V040,2026-05-13,2026-05-14,Damaged,1,541.81,26
SH003323,PO000336,E066,V080,2025-03-02,2025-03-02,Delivered,1,147.11,5
SH003324,PO002562,E060,V066,2025-10-01,2025-10-04,Delayed,1,1317.85,74
SH003325,PO001757,E002,V085,2026-01-15,2026-01-16,Delivered,1,984.0,20
SH003326,PO003687,E015,V036,2025-08-08,2025-08-08,Delivered,1,467.08,11
SH003327,PO001049,E095,V022,2024-03-08,2024-03-09,Delayed,1,314.34,15
SH003328,PO000637,E009,V014,2024-12-03,2024-12-04,Delivered,1,1071.17,22
SH003329,PO002519,E021,V016,2026-08-12,2026-08-12,Delivered,1,213.98,6
SH003330,PO002599,E112,V019,2026-06-13,2026-06-15,Delivered,1,1424.0,38
SH003331,PO000825,E088,V081,2026-05-20,2026-05-22,In-Transit,1,1442.72,42
SH003332,PO001276,E072,V014,2025-08-29,2025-08-30,Delivered,1,435.87,15
SH003333,PO003958,E037,V047,2025-12-09,2025-12-09,Delivered,1,161.99,3
SH003334,PO002235,E062,V055,2026-07-04,2026-07-07,Damaged,1,1792.39,69
SH003335,PO002311,E058,V017,2026-02-16,2026-02-17,Delivered,1,843.71,22
SH003336,PO000144,E044,V082,2024-05-05,2024-05-06,Delivered,1,904.5,32
SH003337,PO000958,E034,V028,2024-06-21,2024-06-22,Delivered,1,1154.5,21
SH003338,PO001869,E094,V051,2025-09-03,2025-09-05,Delivered,1,1474.84,37
SH003339,PO003622,E111,V058,2024-02-13,2024-02-14,Delivered,1,829.73,22
SH003340,PO000306,E039,V034,2025-06-29,2025-06-30,Delivered,1,1578.72,29
SH003341,PO000682,E024,V027,2026-05-25,2026-05-26,Delivered,1,930.08,21
SH003342,PO004331,E021,V041,2026-08-12,2026-08-12,Delivered,1,324.51,9
SH003343,PO002348,E101,V065,2026-04-07,2026-04-09,Delivered,1,1533.46,55
SH003344,PO001939,E118,V064,2025-12-08,2025-12-08,Delivered,1,67.96,2
SH003345,PO000344,E111,V087,2025-05-12,2025-05-12,Delivered,1,352.48,8
SH003346,PO003116,E074,V073,2024-11-27,2024-11-28,Delivered,1,865.84,21
SH003347,PO000017,E120,V044,2024-03-09,2024-03-10,Delayed,1,788.13,24
SH003348,PO004205,E087,V059,2026-04-27,2026-04-29,Delivered,1,1734.79,59
SH003349,PO002228,E010,V031,2024-10-20,2024-10-21,Delivered,1,1159.83,29
SH003350,PO001502,E035,V028,2025-06-20,2025-06-21,Delivered,1,656.11,17
SH003351,PO002280,E037,V069,2026-07-23,2026-07-25,Delivered,1,1765.37,40
SH003352,PO001388,E077,V073,2026-06-12,2026-06-13,Delivered,1,650.12,22
SH003353,PO001390,E090,V028,2025-06-15,2025-06-16,In-Transit,1,1330.76,28
SH003354,PO001681,E080,V026,2024-07-17,2024-07-17,Delivered,1,140.8,5
SH003355,PO001722,E014,V003,2026-01-25,2026-01-25,Delivered,1,348.47,9
SH003356,PO001679,E032,V015,2025-05-27,2025-05-27,Delivered,1,380.34,8
SH003357,PO001113,E036,V040,2025-08-17,2025-08-19,Delivered,1,1333.52,42
SH003358,PO000479,E043,V031,2026-02-14,2026-02-16,Delivered,1,1633.27,58
SH003359,PO003101,E026,V009,2024-01-10,2024-01-11,Delivered,1,642.88,14
SH003360,PO002665,E057,V057,2025-07-30,2025-07-31,Delivered,1,1005.01,21
SH003361,PO002709,E027,V068,2026-03-24,2026-03-24,Delivered,1,121.14,3
SH003362,PO000938,E030,V057,2026-01-28,2026-01-29,Delivered,1,1044.42,27
SH003363,PO003728,E014,V006,2025-12-28,2025-12-29,Delivered,1,1414.04,21
SH003364,PO002819,E023,V041,2024-07-03,2024-07-04,Delivered,1,823.53,18
SH003365,PO002750,E091,V018,2024-05-13,2024-05-15,Delivered,1,1774.6,47
SH003366,PO004388,E016,V049,2025-06-09,2025-06-10,In-Transit,1,1598.1,35
SH003367,PO001087,E115,V031,2026-03-01,2026-03-02,Delivered,1,1510.7,29
SH003368,PO004136,E098,V033,2025-09-17,2025-09-19,Delivered,1,1161.71,36
SH003369,PO001910,E118,V047,2025-07-19,2025-07-21,Delivered,1,1181.73,40
SH003370,PO000700,E089,V012,2026-07-25,2026-07-25,Delivered,1,277.13,12
SH003371,PO004994,E083,V054,2025-11-06,2025-11-07,In-Transit,1,668.2,16
SH003372,PO002512,E042,V038,2026-06-24,2026-06-25,Delivered,1,1226.59,32
SH003373,PO004728,E114,V059,2026-05-19,2026-05-19,Delivered,1,226.29,5
SH003374,PO004235,E111,V061,2024-05-12,2024-05-13,In-Transit,1,718.31,25
SH003375,PO004033,E103,V077,2024-08-12,2024-08-14,Delivered,1,1709.32,53
SH003376,PO000618,E028,V068,2025-02-13,2025-02-14,Delivered,1,544.59,18
SH003377,PO004691,E109,V044,2025-06-02,2025-06-03,Damaged,1,914.42,23
SH003378,PO003268,E052,V051,2026-03-01,2026-03-01,Delivered,1,209.31,4
SH003379,PO004697,E106,V068,2026-01-17,2026-01-20,Delayed,1,1265.74,78
SH003380,PO002258,E052,V057,2024-07-15,2024-07-17,Delivered,1,1225.56,42
SH003381,PO000151,E102,V024,2025-01-01,2025-01-01,Delivered,1,69.02,2
SH003382,PO001226,E062,V011,2026-03-14,2026-03-16,Delivered,1,1325.96,45
SH003383,PO000011,E075,V045,2024-12-10,2024-12-11,Delayed,1,614.26,24
SH003384,PO001828,E039,V047,2026-04-30,2026-05-01,Delivered,1,392.46,13
SH003385,PO001143,E010,V063,2025-11-12,2025-11-12,Delayed,1,217.43,12
SH003386,PO002850,E074,V088,2025-05-24,2025-05-25,Delivered,1,945.31,25
SH003387,PO003649,E038,V044,2026-02-25,2026-02-27,Delivered,1,1412.3,41
SH003388,PO003652,E042,V002,2025-01-25,2025-01-26,Delivered,1,983.23,22
SH003389,PO002077,E102,V009,2025-11-24,2025-11-26,Delivered,1,1774.37,37
SH003390,PO004018,E065,V080,2026-03-02,2026-03-03,Delivered,1,1293.13,25
SH003391,PO001043,E027,V023,2024-04-29,2024-04-29,Delivered,1,505.55,11
SH003392,PO001352,E026,V016,2026-03-13,2026-03-14,Delivered,1,1140.16,24
SH003393,PO004819,E036,V047,2025-04-13,2025-04-14,Delivered,1,931.45,18
SH003394,PO001187,E004,V077,2025-04-10,2025-04-10,Damaged,1,209.87,8
SH003395,PO000973,E010,V015,2024-06-28,2024-07-01,Delayed,1,1251.73,72
SH003396,PO000775,E117,V039,2025-08-22,2025-08-23,Delivered,1,537.87,19
SH003397,PO004929,E066,V003,2025-12-14,2025-12-14,Delayed,1,85.95,3
SH003398,PO000220,E022,V032,2025-05-12,2025-05-13,Delivered,1,1076.97,34
SH003399,PO002868,E115,V056,2024-04-19,2024-04-20,Delivered,1,1519.12,34
SH003400,PO004690,E033,V021,2026-05-01,2026-05-01,Delivered,1,324.85,6
SH003401,PO003582,E109,V025,2025-05-07,2025-05-08,Delivered,1,1042.25,27
SH003402,PO004574,E076,V073,2024-02-26,2024-02-27,Delivered,1,1647.35,27
SH003403,PO002835,E008,V002,2025-10-10,2025-10-12,Delivered,1,1334.88,43
SH003404,PO004671,E043,V076,2026-08-12,2026-08-12,Delivered,1,121.38,4
SH003405,PO003348,E065,V002,2025-10-19,2025-10-21,Delivered,1,1717.14,36
SH003406,PO004724,E033,V018,2025-03-10,2025-03-11,Delivered,1,1050.73,25
SH003407,PO004000,E002,V035,2026-03-13,2026-03-14,Delayed,1,446.09,20
SH003408,PO000137,E092,V019,2026-07-12,2026-07-13,In-Transit,1,484.14,14
SH003409,PO002841,E017,V035,2025-07-29,2025-07-30,Delivered,1,885.3,18
SH003410,PO001931,E101,V081,2024-06-13,2024-06-14,Delayed,1,1210.83,32
SH003411,PO002830,E027,V055,2025-11-05,2025-11-05,Delivered,1,61.9,1
SH003412,PO000470,E097,V086,2026-02-19,2026-02-21,Delivered,1,1336.05,40
SH003413,PO004804,E013,V045,2026-06-04,2026-06-05,In-Transit,1,1370.18,34
SH003414,PO004898,E006,V067,2025-12-14,2025-12-14,Delivered,1,352.46,11
SH003415,PO002581,E114,V077,2026-07-11,2026-07-12,Delivered,1,1191.73,27
SH003416,PO003496,E008,V045,2024-03-26,2024-03-26,Delivered,1,125.81,3
SH003417,PO003776,E058,V040,2024-03-25,2024-03-25,Delivered,1,353.55,10
SH003418,PO000709,E079,V044,2025-01-30,2025-01-31,Delivered,1,1027.91,28
SH003419,PO000385,E005,V061,2025-07-18,2025-07-18,Delivered,1,371.05,8
SH003420,PO003266,E021,V031,2025-03-30,2025-03-30,Delivered,1,63.54,1
SH003421,PO002204,E097,V008,2025-10-17,2025-10-17,Delivered,1,458.61,10
SH003422,PO000524,E075,V047,2024-09-18,2024-09-19,Delivered,1,841.06,18
SH003423,PO000445,E077,V010,2024-11-03,2024-11-04,Delivered,1,510.68,15
SH003424,PO003004,E029,V001,2024-09-24,2024-09-25,In-Transit,1,1359.38,27
SH003425,PO002897,E005,V017,2025-01-27,2025-01-28,Delivered,1,939.02,24
SH003426,PO004028,E114,V084,2025-06-20,2025-06-22,Delivered,1,1565.74,38
SH003427,PO001057,E052,V035,2025-02-27,2025-02-28,Delivered,1,1274.81,24
SH003428,PO002746,E040,V088,2024-10-27,2024-10-27,Delivered,1,578.35,12
SH003429,PO004023,E074,V069,2024-07-10,2024-07-12,Delivered,1,1715.93,49
SH003430,PO001077,E005,V086,2024-03-24,2024-03-25,Delivered,1,711.7,13
SH003431,PO000591,E091,V017,2025-08-15,2025-08-16,Delivered,1,1157.93,31
SH003432,PO002896,E117,V044,2026-05-28,2026-05-29,Delayed,1,378.7,16
SH003433,PO002985,E033,V038,2025-02-12,2025-02-13,Delivered,1,920.16,22
SH003434,PO001982,E001,V071,2024-05-30,2024-05-30,Delivered,1,314.93,6
SH003435,PO001103,E120,V026,2025-06-15,2025-06-16,Delivered,1,783.83,21
SH003436,PO000714,E035,V052,2025-12-27,2025-12-28,Delivered,1,416.08,16
SH003437,PO000663,E099,V061,2025-01-31,2025-02-02,Delayed,1,1289.95,51
SH003438,PO000142,E090,V052,2025-12-30,2025-12-31,Delivered,1,743.24,21
SH003439,PO002033,E055,V052,2025-03-13,2025-03-14,Delivered,1,515.58,16
SH003440,PO000310,E082,V076,2026-07-13,2026-07-15,Damaged,1,1296.06,53
SH003441,PO003356,E102,V057,2024-02-08,2024-02-09,In-Transit,1,1152.49,27
SH003442,PO004358,E089,V034,2025-04-29,2025-04-30,Delivered,1,1621.23,24
SH003443,PO000283,E067,V090,2024-02-09,2024-02-11,Delivered,1,1591.54,40
SH003444,PO004581,E042,V028,2025-10-11,2025-10-12,Delivered,1,1340.42,32
SH003445,PO000267,E090,V070,2025-11-03,2025-11-04,Delivered,1,1264.15,28
SH003446,PO002809,E024,V068,2026-04-16,2026-04-17,Damaged,1,816.03,29
SH003447,PO001213,E035,V076,2026-06-12,2026-06-14,Delayed,1,765.73,38
SH003448,PO001954,E090,V039,2024-10-14,2024-10-15,In-Transit,1,1097.05,26
SH003449,PO004625,E077,V020,2026-06-02,2026-06-03,Delivered,1,1141.13,18
SH003450,PO003734,E052,V050,2024-03-07,2024-03-08,Delivered,1,775.46,31
SH003451,PO004050,E119,V024,2026-04-19,2026-04-21,Delivered,1,1758.22,39
SH003452,PO002373,E096,V014,2025-04-01,2025-04-02,Delivered,1,901.19,21
SH003453,PO000430,E117,V072,2024-07-29,2024-07-30,Delivered,1,943.8,27
SH003454,PO001083,E072,V050,2025-07-23,2025-07-25,Delivered,1,1592.56,55
SH003455,PO003217,E010,V012,2025-01-06,2025-01-06,Delivered,1,430.84,9
SH003456,PO001481,E115,V013,2025-10-30,2025-10-30,Delivered,1,41.27,1
SH003457,PO004259,E007,V080,2025-08-12,2025-08-13,Delivered,1,1412.11,30
SH003458,PO002724,E018,V043,2025-01-07,2025-01-08,Delivered,1,913.6,27
SH003459,PO002916,E064,V069,2025-06-05,2025-06-05,Delivered,1,210.91,7
SH003460,PO003674,E041,V041,2025-10-23,2025-10-24,Delivered,1,1162.37,23
SH003461,PO000286,E079,V017,2026-07-13,2026-07-14,Delivered,1,916.79,16
SH003462,PO002730,E042,V066,2025-02-14,2025-02-16,Delayed,1,595.89,37
SH003463,PO001247,E034,V068,2024-11-28,2024-11-29,Delivered,1,798.05,15
SH003464,PO002194,E033,V032,2024-12-15,2024-12-16,Delivered,1,713.42,14
SH003465,PO002043,E120,V028,2024-06-30,2024-07-01,Delivered,1,766.36,16
SH003466,PO001637,E081,V029,2026-07-30,2026-07-31,Delivered,1,1795.31,35
SH003467,PO000661,E074,V048,2026-08-06,2026-08-06,In-Transit,1,380.38,8
SH003468,PO002138,E089,V044,2024-06-12,2024-06-13,Delivered,1,1309.56,28
SH003469,PO002783,E067,V065,2024-11-18,2024-11-18,Delivered,1,162.27,5
SH003470,PO004963,E049,V067,2025-03-10,2025-03-11,Delivered,1,1228.68,33
SH003471,PO002151,E011,V026,2024-01-10,2024-01-11,Delivered,1,769.64,14
SH003472,PO001086,E120,V033,2025-12-19,2025-12-19,Delivered,1,268.71,10
SH003473,PO001085,E100,V069,2024-07-13,2024-07-13,Delivered,1,81.36,2
SH003474,PO000604,E043,V004,2025-01-18,2025-01-20,Delivered,1,1718.61,51
SH003475,PO004325,E017,V061,2024-05-27,2024-05-27,Delivered,1,97.59,3
SH003476,PO004538,E113,V041,2025-04-21,2025-04-23,Delivered,1,1322.94,44
SH003477,PO001236,E013,V047,2026-06-10,2026-06-12,Delivered,1,1318.11,37
SH003478,PO000905,E031,V017,2025-11-30,2025-12-01,Delivered,1,818.44,24
SH003479,PO001827,E057,V056,2025-10-26,2025-10-27,Delivered,1,728.49,18
SH003480,PO002440,E112,V043,2024-02-04,2024-02-04,Delivered,1,321.53,11
SH003481,PO002748,E018,V001,2024-10-15,2024-10-16,Delivered,1,867.34,22
SH003482,PO001142,E024,V008,2024-10-22,2024-10-24,Delayed,1,1502.9,40
SH003483,PO001095,E007,V068,2024-11-09,2024-11-10,Delivered,1,1527.61,34
SH003484,PO000796,E005,V042,2026-06-08,2026-06-10,Delivered,1,1091.42,37
SH003485,PO001483,E082,V059,2025-06-15,2025-06-15,Delivered,1,112.65,3
SH003486,PO002094,E077,V086,2026-06-17,2026-06-18,Delivered,1,628.51,22
SH003487,PO004370,E119,V078,2024-03-15,2024-03-16,Delivered,1,1091.78,28
SH003488,PO002198,E027,V042,2025-10-17,2025-10-19,Damaged,1,1777.56,55
SH003489,PO000119,E115,V031,2024-05-05,2024-05-07,Delayed,1,1228.08,54
SH003490,PO003055,E078,V065,2025-11-12,2025-11-13,Delivered,1,752.81,19
SH003491,PO001336,E015,V006,2026-01-22,2026-01-23,Delivered,1,1154.91,32
SH003492,PO000504,E112,V055,2025-04-17,2025-04-18,Delivered,1,891.82,18
SH003493,PO001167,E098,V054,2024-07-02,2024-07-03,Delayed,1,304.79,13
SH003494,PO002097,E099,V066,2026-08-02,2026-08-03,Delayed,1,553.16,19
SH003495,PO000350,E047,V058,2026-03-10,2026-03-11,Delivered,1,1200.34,30
SH003496,PO004459,E050,V019,2024-11-23,2024-11-23,Delivered,1,265.3,7
SH003497,PO000826,E062,V061,2025-07-05,2025-07-05,Delivered,1,316.41,8
SH003498,PO003283,E068,V079,2025-08-16,2025-08-17,Delivered,1,876.25,26
SH003499,PO002370,E105,V015,2024-12-03,2024-12-03,Delivered,1,132.76,3
SH003500,PO002946,E066,V003,2025-03-20,2025-03-22,Delivered,1,1524.46,36
SH003501,PO004880,E015,V014,2024-01-21,2024-01-22,Delivered,1,1210.06,26
SH003502,PO001928,E080,V016,2026-03-06,2026-03-07,Damaged,1,701.75,27
SH003503,PO001219,E112,V078,2024-10-08,2024-10-09,Delayed,1,405.56,15
SH003504,PO004853,E051,V043,2025-11-26,2025-11-27,Delivered,1,1150.35,29
SH003505,PO003543,E056,V024,2024-03-08,2024-03-09,Delivered,1,715.66,16
SH003506,PO004800,E026,V007,2026-01-02,2026-01-04,Damaged,1,1017.61,45
SH003507,PO000466,E013,V072,2024-05-14,2024-05-15,Delivered,1,839.83,17
SH003508,PO004387,E027,V030,2024-08-29,2024-08-30,Delivered,1,1768.5,32
SH003509,PO002560,E001,V024,2026-02-20,2026-02-22,Delayed,1,926.35,48
SH003510,PO002386,E038,V011,2025-10-22,2025-10-24,Damaged,1,755.2,44
SH003511,PO004390,E110,V043,2024-03-29,2024-03-29,Delivered,1,294.28,6
SH003512,PO003711,E062,V037,2026-01-27,2026-01-28,Delivered,1,1231.99,17
SH003513,PO000929,E024,V033,2025-06-30,2025-07-01,Delivered,1,643.83,13
SH003514,PO002734,E067,V012,2025-03-28,2025-03-30,Delivered,1,1653.39,40
SH003515,PO003132,E101,V032,2025-03-08,2025-03-10,Delivered,1,1525.34,40
SH003516,PO003905,E032,V089,2025-02-15,2025-02-16,Delivered,1,1292.54,24
SH003517,PO004568,E048,V023,2025-01-24,2025-01-25,Delivered,1,1572.91,33
SH003518,PO000282,E006,V040,2025-11-08,2025-11-08,Delivered,1,81.04,3
SH003519,PO000076,E070,V038,2025-04-11,2025-04-12,Delivered,1,847.9,23
SH003520,PO002775,E005,V034,2024-07-09,2024-07-10,Delivered,1,563.49,13
SH003521,PO000565,E112,V035,2026-01-25,2026-01-25,Delivered,1,254.04,5
SH003522,PO002325,E031,V052,2024-09-04,2024-09-05,Delivered,1,719.96,24
SH003523,PO002260,E074,V026,2024-09-18,2024-09-18,Delivered,1,262.74,5
SH003524,PO004130,E020,V022,2024-07-04,2024-07-05,Delivered,1,717.98,16
SH003525,PO002501,E018,V078,2026-02-07,2026-02-10,Damaged,1,1114.48,76
SH003526,PO001792,E019,V060,2024-09-03,2024-09-05,Delivered,1,1599.53,41
SH003527,PO003272,E098,V075,2026-04-22,2026-04-23,Delivered,1,982.15,21
SH003528,PO003598,E026,V010,2026-01-21,2026-01-22,Delivered,1,690.39,14
SH003529,PO003230,E006,V046,2025-12-29,2026-01-01,Damaged,1,1532.65,67
SH003530,PO004082,E099,V083,2024-09-05,2024-09-06,Delivered,1,1460.25,31
SH003531,PO000225,E010,V087,2025-08-06,2025-08-06,Delayed,1,126.82,3
SH003532,PO003082,E114,V063,2024-12-19,2024-12-21,Delivered,1,1106.31,38
SH003533,PO004773,E050,V083,2025-05-10,2025-05-11,Delivered,1,426.09,14
SH003534,PO004272,E071,V037,2025-11-13,2025-11-14,Delivered,1,1106.37,22
SH003535,PO001700,E066,V007,2025-06-11,2025-06-12,Delayed,1,542.51,19
SH003536,PO001137,E007,V083,2025-06-01,2025-06-01,Delivered,1,154.0,3
SH003537,PO004584,E044,V079,2025-12-28,2025-12-30,Damaged,1,1528.08,59
SH003538,PO002754,E089,V035,2025-02-23,2025-02-24,Delayed,1,922.37,25
SH003539,PO002866,E113,V085,2024-03-06,2024-03-06,Delivered,1,310.07,7
SH003540,PO001105,E112,V025,2025-10-10,2025-10-12,In-Transit,1,1267.98,52
SH003541,PO000327,E030,V077,2024-11-19,2024-11-20,Delivered,1,705.07,14
SH003542,PO000927,E105,V017,2026-06-21,2026-06-22,Delivered,1,845.39,19
SH003543,PO001393,E054,V016,2024-01-21,2024-01-21,Delayed,1,128.93,4
SH003544,PO000914,E067,V020,2024-12-02,2024-12-03,Delivered,1,1648.07,34
SH003545,PO001812,E081,V068,2026-05-09,2026-05-10,Delivered,1,550.02,13
SH003546,PO003560,E119,V090,2026-05-28,2026-05-28,Delivered,1,280.19,9
SH003547,PO004150,E071,V012,2024-01-29,2024-01-31,Delivered,1,1773.91,41
SH003548,PO002221,E083,V025,2025-08-28,2025-08-29,Delivered,1,482.14,15
SH003549,PO001893,E037,V049,2025-04-12,2025-04-14,In-Transit,1,1212.17,45
SH003550,PO000745,E010,V066,2025-01-20,2025-01-22,Delivered,1,1717.74,59
SH003551,PO003387,E093,V053,2026-01-07,2026-01-10,Delayed,1,1344.72,79
SH003552,PO000109,E120,V017,2025-06-26,2025-06-27,Delayed,1,660.71,25
SH003553,PO001820,E118,V056,2025-03-21,2025-03-21,Delivered,1,100.71,3
SH003554,PO002625,E061,V076,2025-10-23,2025-10-24,Damaged,1,1344.74,29
SH003555,PO000222,E072,V061,2025-01-13,2025-01-14,Delivered,1,635.22,14
SH003556,PO003922,E090,V014,2026-04-20,2026-04-20,Delivered,1,205.38,7
SH003557,PO000461,E037,V040,2025-07-27,2025-07-29,Damaged,1,1523.8,52
SH003558,PO004958,E028,V017,2026-07-04,2026-07-04,In-Transit,1,403.9,11
SH003559,PO004255,E058,V040,2025-09-03,2025-09-04,Delivered,1,1471.28,33
SH003560,PO002046,E110,V078,2025-09-13,2025-09-13,Delivered,1,197.53,4
SH003561,PO003766,E089,V026,2024-09-30,2024-10-01,Delivered,1,757.85,23
SH003562,PO002951,E045,V056,2025-01-31,2025-02-01,Delivered,1,1010.11,25
SH003563,PO004874,E112,V056,2025-09-22,2025-09-23,Delayed,1,313.55,13
SH003564,PO004518,E031,V077,2025-11-20,2025-11-22,Damaged,1,1379.24,44
SH003565,PO003105,E034,V040,2024-03-07,2024-03-10,Damaged,1,1542.06,77
SH003566,PO002275,E055,V025,2024-03-08,2024-03-08,Delivered,1,218.51,8
SH003567,PO001552,E025,V059,2025-08-20,2025-08-21,Delivered,1,1079.54,27
SH003568,PO000395,E085,V036,2026-01-01,2026-01-02,Delivered,1,1041.05,28
SH003569,PO001880,E060,V016,2024-09-14,2024-09-15,Delivered,1,823.48,25
SH003570,PO001288,E015,V028,2024-09-13,2024-09-14,Delivered,1,608.56,14
SH003571,PO002482,E040,V089,2024-05-15,2024-05-15,Delivered,1,42.49,1
SH003572,PO003600,E023,V079,2025-04-05,2025-04-07,Delivered,1,1478.32,58
SH003573,PO003953,E093,V010,2025-04-14,2025-04-15,Delivered,1,1401.81,30
SH003574,PO001338,E077,V040,2026-06-19,2026-06-19,Delivered,1,179.04,5
SH003575,PO002455,E083,V057,2024-05-02,2024-05-03,Delayed,1,1074.02,35
SH003576,PO000806,E044,V057,2025-05-09,2025-05-11,Delivered,1,1167.74,39
SH003577,PO000241,E030,V071,2025-12-12,2025-12-12,Delayed,1,64.99,1
SH003578,PO000510,E002,V042,2026-01-01,2026-01-02,In-Transit,1,602.85,15
SH003579,PO002968,E101,V041,2024-07-05,2024-07-05,Damaged,1,194.12,7
SH003580,PO000112,E002,V049,2025-10-02,2025-10-03,Delivered,1,597.08,14
SH003581,PO004762,E115,V012,2024-07-05,2024-07-06,Delivered,1,954.54,25
SH003582,PO003675,E071,V066,2025-10-04,2025-10-06,Delivered,1,1453.43,39
SH003583,PO001258,E111,V017,2026-01-28,2026-01-30,Delivered,1,1359.22,38
SH003584,PO002085,E100,V038,2026-03-14,2026-03-15,In-Transit,1,611.41,15
SH003585,PO000272,E110,V062,2024-07-01,2024-07-02,Delayed,1,779.56,22
SH003586,PO000010,E074,V061,2025-10-11,2025-10-11,Delivered,1,163.68,3
SH003587,PO001217,E007,V003,2025-09-11,2025-09-12,In-Transit,1,1236.51,26
SH003588,PO003174,E030,V041,2025-08-02,2025-08-02,In-Transit,1,220.24,5
SH003589,PO002315,E112,V057,2025-08-29,2025-08-31,Delivered,1,1736.13,52
SH003590,PO003787,E030,V068,2024-12-27,2024-12-29,Delivered,1,1681.45,41
SH003591,PO000750,E091,V018,2025-10-22,2025-10-24,Delivered,1,1275.39,36
SH003592,PO004326,E050,V011,2024-11-04,2024-11-05,In-Transit,1,1058.56,25
SH003593,PO004172,E031,V056,2025-03-29,2025-03-29,Delivered,1,663.43,9
SH003594,PO002994,E051,V057,2024-06-04,2024-06-05,Delivered,1,1079.12,22
SH003595,PO002456,E050,V030,2026-02-15,2026-02-15,Delivered,1,312.92,8
SH003596,PO000949,E037,V017,2026-01-11,2026-01-12,In-Transit,1,941.07,27
SH003597,PO002910,E086,V011,2024-07-05,2024-07-06,Delivered,1,1398.29,31
SH003598,PO000944,E094,V036,2024-03-16,2024-03-16,Delivered,1,300.67,8
SH003599,PO004630,E043,V014,2025-10-29,2025-10-31,Damaged,1,1227.98,43
SH003600,PO004585,E039,V034,2024-07-29,2024-07-29,Delivered,1,338.35,8
SH003601,PO003153,E087,V037,2025-09-03,2025-09-04,Delivered,1,1328.04,25
SH003602,PO000408,E095,V018,2026-06-03,2026-06-05,Delayed,1,913.13,39
SH003603,PO000722,E038,V023,2025-05-20,2025-05-21,Delivered,1,545.67,13
SH003604,PO002961,E064,V031,2026-05-11,2026-05-12,Delivered,1,1072.25,22
SH003605,PO003025,E033,V046,2025-10-05,2025-10-05,Delivered,1,530.24,9
SH003606,PO000880,E109,V056,2024-03-26,2024-03-27,Delivered,1,783.47,21
SH003607,PO004301,E036,V015,2025-04-24,2025-04-26,Delayed,1,908.93,36
SH003608,PO002307,E101,V047,2025-10-22,2025-10-23,Delivered,1,1407.88,30
SH003609,PO001688,E086,V089,2024-04-10,2024-04-12,Delayed,1,916.68,38
SH003610,PO001204,E015,V050,2025-08-15,2025-08-16,Delayed,1,822.15,31
SH003611,PO003355,E112,V058,2026-08-02,2026-08-02,Delivered,1,289.66,7
SH003612,PO003089,E074,V001,2026-07-20,2026-07-22,Delivered,1,1523.7,43
SH003613,PO003754,E111,V069,2026-02-09,2026-02-10,Damaged,1,844.18,33
SH003614,PO004814,E021,V058,2025-07-31,2025-08-01,Delivered,1,1395.66,33
SH003615,PO001675,E034,V057,2024-08-08,2024-08-08,In-Transit,1,143.38,3
SH003616,PO000840,E048,V079,2026-06-16,2026-06-16,Delivered,1,316.16,10
SH003617,PO003813,E044,V056,2025-01-22,2025-01-23,Delivered,1,1360.02,26
SH003618,PO003755,E043,V014,2025-06-05,2025-06-07,Delivered,1,1751.97,41
SH003619,PO001913,E009,V090,2026-02-20,2026-02-21,Delivered,1,823.3,28
SH003620,PO001272,E092,V079,2025-04-29,2025-05-01,Delivered,1,1726.92,45
SH003621,PO000839,E092,V004,2025-12-15,2025-12-16,Delivered,1,878.88,26
SH003622,PO002849,E061,V003,2024-12-14,2024-12-15,Delivered,1,1277.94,26
SH003623,PO001629,E065,V019,2026-02-25,2026-02-26,Delivered,1,866.98,21
SH003624,PO004727,E097,V050,2025-03-26,2025-03-28,Delivered,1,1554.02,40
SH003625,PO002392,E049,V006,2025-08-31,2025-08-31,Delivered,1,412.66,9
SH003626,PO002427,E028,V034,2026-07-12,2026-07-14,Delivered,1,1734.72,41
SH003627,PO000034,E037,V026,2026-07-16,2026-07-18,Delivered,1,1515.87,37
SH003628,PO003955,E033,V033,2024-10-20,2024-10-21,Delivered,1,838.49,19
SH003629,PO002774,E038,V025,2025-04-29,2025-05-01,Delivered,1,1463.88,37
SH003630,PO003042,E052,V067,2025-06-13,2025-06-15,Delivered,1,1368.34,55
SH003631,PO004805,E027,V089,2026-07-13,2026-07-14,Delivered,1,850.47,22
SH003632,PO004067,E024,V040,2024-01-17,2024-01-18,Delivered,1,636.14,15
SH003633,PO003358,E010,V050,2026-02-06,2026-02-07,Delivered,1,584.18,17
SH003634,PO002700,E025,V006,2025-08-13,2025-08-16,Delayed,1,1770.27,70
SH003635,PO003286,E061,V016,2025-05-27,2025-05-28,Delivered,1,870.51,21
SH003636,PO004419,E004,V066,2024-04-07,2024-04-07,Damaged,1,182.49,8
SH003637,PO000389,E104,V007,2026-03-28,2026-03-30,Damaged,1,979.28,36
SH003638,PO000042,E061,V059,2025-12-01,2025-12-02,Delayed,1,883.25,19
SH003639,PO003865,E074,V068,2025-09-09,2025-09-09,Delivered,1,387.39,9
SH003640,PO003017,E077,V077,2024-06-04,2024-06-06,In-Transit,1,1072.13,36
SH003641,PO004372,E085,V015,2025-07-15,2025-07-17,Delivered,1,1565.66,39
SH003642,PO002773,E054,V082,2025-10-14,2025-10-15,Damaged,1,988.72,29
SH003643,PO001186,E095,V048,2025-08-03,2025-08-04,Delivered,1,1073.35,21
SH003644,PO000738,E119,V063,2025-01-16,2025-01-17,Delivered,1,1707.82,35
SH003645,PO000963,E051,V005,2026-04-08,2026-04-08,Delivered,1,143.79,3
SH003646,PO001918,E093,V047,2025-10-05,2025-10-05,Delivered,1,214.89,4
SH003647,PO000689,E057,V015,2024-10-03,2024-10-04,Delivered,1,1644.55,34
SH003648,PO004395,E041,V035,2025-01-20,2025-01-20,Damaged,1,497.92,12
SH003649,PO003479,E008,V031,2025-12-19,2025-12-20,Delivered,1,609.51,14
SH003650,PO002209,E009,V053,2024-01-25,2024-01-27,Delivered,1,1614.45,40
SH003651,PO001340,E026,V068,2025-05-23,2025-05-23,Damaged,1,257.02,10
SH003652,PO002815,E017,V089,2025-03-17,2025-03-17,Delivered,1,504.11,12
SH003653,PO001154,E080,V049,2024-03-02,2024-03-03,In-Transit,1,1774.79,30
SH003654,PO000451,E107,V024,2024-09-20,2024-09-22,In-Transit,1,1770.84,42
SH003655,PO000111,E081,V027,2024-09-23,2024-09-24,Delivered,1,1550.94,29
SH003656,PO002067,E088,V029,2024-06-26,2024-06-27,Delivered,1,1266.75,20
SH003657,PO002940,E011,V076,2025-07-22,2025-07-23,Delayed,1,878.31,30
SH003658,PO003254,E001,V076,2026-06-28,2026-06-29,Delayed,1,865.37,27
SH003659,PO000384,E120,V039,2024-02-27,2024-02-28,Delivered,1,845.66,16
SH003660,PO002506,E090,V034,2024-03-12,2024-03-13,Delivered,1,1194.01,29
SH003661,PO001948,E083,V012,2026-08-10,2026-08-10,Delivered,1,358.15,9
SH003662,PO000314,E086,V066,2026-01-25,2026-01-26,Delivered,1,1354.15,28
SH003663,PO003491,E108,V054,2026-04-16,2026-04-18,Delayed,1,1393.44,36
SH003664,PO001189,E041,V029,2025-11-01,2025-11-02,Delivered,1,720.41,14
SH003665,PO002609,E109,V030,2025-07-22,2025-07-22,In-Transit,1,234.82,6
SH003666,PO000713,E048,V017,2026-02-27,2026-02-28,Delayed,1,1182.92,35
SH003667,PO004416,E013,V004,2025-04-17,2025-04-18,Delivered,1,814.13,14
SH003668,PO004871,E017,V090,2024-11-24,2024-11-26,Delivered,1,1562.08,36
SH003669,PO001434,E054,V062,2025-09-09,2025-09-11,Delivered,1,1785.45,46
SH003670,PO003275,E006,V077,2024-08-12,2024-08-14,Delivered,1,1476.06,45
SH003671,PO002320,E114,V039,2024-04-04,2024-04-05,Delivered,1,864.02,33
SH003672,PO003215,E093,V045,2024-06-29,2024-06-29,Delivered,1,110.58,3
SH003673,PO003456,E103,V046,2026-04-12,2026-04-13,Delivered,1,735.21,15
SH003674,PO002052,E012,V034,2025-11-22,2025-11-22,Delivered,1,590.81,12
SH003675,PO003310,E080,V015,2025-11-15,2025-11-15,Delivered,1,113.83,2
SH003676,PO002244,E119,V070,2024-09-28,2024-09-29,Delivered,1,1222.17,23
SH003677,PO003466,E061,V009,2025-03-28,2025-03-30,Delayed,1,1369.39,59
SH003678,PO004856,E010,V011,2024-07-22,2024-07-22,Delivered,1,40.46,1
SH003679,PO001445,E101,V046,2026-08-03,2026-08-04,Delivered,1,1785.22,29
SH003680,PO002952,E096,V054,2024-08-02,2024-08-03,Delivered,1,1528.77,32
SH003681,PO000321,E054,V022,2026-06-09,2026-06-10,Delivered,1,1015.4,31
SH003682,PO002049,E017,V024,2024-02-07,2024-02-09,Delayed,1,1028.8,42
SH003683,PO000564,E024,V041,2026-07-08,2026-07-09,Delivered,1,1416.86,35
SH003684,PO001707,E085,V019,2024-03-16,2024-03-17,Delivered,1,1218.84,24
SH003685,PO000941,E028,V023,2025-01-18,2025-01-18,Delivered,1,230.5,5
SH003686,PO002829,E030,V023,2024-01-17,2024-01-19,Delayed,1,1431.52,41
SH003687,PO004167,E019,V080,2025-08-19,2025-08-20,Delivered,1,1169.49,30
SH003688,PO004383,E104,V079,2026-06-04,2026-06-04,Delivered,1,800.77,12
SH003689,PO003508,E120,V018,2024-11-26,2024-11-28,Delayed,1,1747.75,57
SH003690,PO003160,E061,V003,2025-08-29,2025-08-29,Delivered,1,248.52,10
SH003691,PO001467,E034,V039,2024-01-18,2024-01-20,Delayed,1,1724.57,51
SH003692,PO002836,E003,V018,2024-08-16,2024-08-17,Delivered,1,961.39,23
SH003693,PO002732,E052,V054,2024-03-02,2024-03-02,Delivered,1,198.93,4
SH003694,PO003536,E079,V081,2024-05-06,2024-05-07,Delivered,1,694.01,13
SH003695,PO002972,E063,V012,2024-05-19,2024-05-21,Delivered,1,1396.03,45
SH003696,PO004930,E061,V036,2024-12-22,2024-12-23,Delivered,1,993.33,33
SH003697,PO001710,E024,V029,2026-02-13,2026-02-13,Delivered,1,184.59,3
SH003698,PO002490,E028,V037,2026-04-18,2026-04-19,Delayed,1,1226.97,35
SH003699,PO004115,E074,V038,2025-10-19,2025-10-19,Delivered,1,336.36,7
SH003700,PO001053,E028,V088,2025-06-05,2025-06-05,Delivered,1,254.59,5
SH003701,PO001844,E095,V088,2026-02-22,2026-02-22,Delayed,1,335.29,8
SH003702,PO001844,E039,V088,2026-03-02,2026-03-04,Damaged,2,903.01,57
SH003703,PO004601,E001,V075,2026-05-20,2026-05-20,Delayed,1,136.73,4
SH003704,PO004601,E033,V011,2026-05-22,2026-05-23,Delivered,2,999.31,21
SH003705,PO002847,E092,V064,2026-05-21,2026-05-21,Delayed,1,140.27,5
SH003706,PO002847,E010,V063,2026-05-28,2026-05-30,Damaged,2,965.11,39
SH003707,PO002137,E082,V055,2025-06-23,2025-06-24,Delayed,1,510.4,23
SH003708,PO002137,E075,V085,2025-07-01,2025-07-01,Delivered,2,132.08,5
SH003709,PO003113,E033,V046,2024-02-13,2024-02-14,Damaged,1,281.47,13
SH003710,PO003113,E072,V052,2024-02-15,2024-02-17,Delivered,2,1295.68,40
SH003711,PO001339,E115,V029,2025-06-12,2025-06-13,Damaged,1,476.82,23
SH003712,PO001339,E005,V088,2025-06-22,2025-06-23,Delivered,2,374.53,14
SH003713,PO003718,E109,V066,2024-02-28,2024-03-01,Damaged,1,1304.7,44
SH003714,PO003718,E075,V066,2024-03-09,2024-03-09,Delivered,2,241.43,6
SH003715,PO001166,E113,V072,2025-11-13,2025-11-15,Damaged,1,1729.62,60
SH003716,PO001166,E007,V005,2025-11-21,2025-11-22,Delivered,2,1371.09,33
SH003717,PO001807,E043,V085,2024-04-16,2024-04-17,Delayed,1,264.09,14
SH003718,PO001807,E099,V054,2024-04-23,2024-04-24,Delivered,2,1094.84,27
SH003719,PO002368,E056,V050,2025-10-05,2025-10-06,Delayed,1,1267.46,35
SH003720,PO002368,E001,V062,2025-10-08,2025-10-09,Delivered,2,949.8,17
SH003721,PO002655,E050,V085,2024-08-05,2024-08-07,Delayed,1,949.52,51
SH003722,PO002655,E019,V012,2024-08-14,2024-08-16,Delivered,2,1460.73,39
SH003723,PO004529,E041,V082,2025-07-02,2025-07-05,Delayed,1,1302.28,63
SH003724,PO004529,E116,V016,2025-07-07,2025-07-07,Delivered,2,146.58,5
SH003725,PO002540,E021,V074,2026-01-30,2026-01-30,Damaged,1,112.53,3
SH003726,PO002540,E015,V041,2026-02-02,2026-02-04,Delivered,2,1765.77,43
SH003727,PO004327,E119,V013,2024-10-21,2024-10-25,Delayed,1,1367.73,89
SH003728,PO004327,E111,V006,2024-10-27,2024-10-28,Delivered,2,1240.01,32
SH003729,PO000497,E002,V025,2024-09-21,2024-09-24,Delayed,1,1623.2,70
SH003730,PO000497,E040,V070,2024-10-01,2024-10-03,Delivered,2,1415.94,44
SH003731,PO003561,E041,V056,2026-08-12,2026-08-14,Damaged,1,811.13,52
SH003732,PO003561,E019,V009,2026-08-12,2026-08-13,Delivered,2,574.86,14
SH003733,PO004413,E111,V073,2025-07-03,2025-07-05,Damaged,1,1545.78,56
SH003734,PO004413,E101,V011,2025-07-14,2025-07-15,Delivered,2,758.73,17
SH003735,PO001788,E110,V033,2025-08-09,2025-08-11,Damaged,1,1226.63,46
SH003736,PO001788,E038,V035,2025-08-11,2025-08-13,Delivered,2,1765.69,43
SH003737,PO000036,E029,V016,2025-12-15,2025-12-15,Damaged,1,388.54,10
SH003738,PO000036,E089,V039,2025-12-17,2025-12-18,Delivered,2,976.84,23
SH003739,PO001937,E024,V085,2024-08-26,2024-08-28,Damaged,1,1193.73,59
SH003740,PO001937,E076,V055,2024-08-28,2024-08-29,Delivered,2,451.33,15
SH003741,PO001745,E091,V060,2024-04-18,2024-04-20,Delayed,1,1151.34,45
SH003742,PO001745,E101,V027,2024-04-27,2024-04-27,Delivered,2,615.99,12
SH003743,PO000454,E076,V049,2024-02-18,2024-02-19,Delayed,1,310.47,13
SH003744,PO000454,E042,V003,2024-02-26,2024-02-26,Delivered,2,323.01,6
SH003745,PO003249,E068,V002,2026-03-02,2026-03-03,Delayed,1,504.43,21
SH003746,PO003249,E039,V014,2026-03-08,2026-03-09,Delivered,2,532.48,14
SH003747,PO004731,E033,V053,2024-07-23,2024-07-26,Damaged,1,1211.55,66
SH003748,PO004731,E055,V060,2024-08-04,2024-08-06,Delivered,2,1366.27,46
SH003749,PO002140,E002,V050,2025-01-07,2025-01-09,Damaged,1,1181.29,49
SH003750,PO002140,E111,V004,2025-01-14,2025-01-14,Delivered,2,212.36,5
SH003751,PO002474,E120,V061,2026-01-23,2026-01-23,Damaged,1,213.46,10
SH003752,PO002474,E018,V016,2026-02-02,2026-02-02,Delivered,2,55.62,2
SH003753,PO001547,E029,V062,2024-05-18,2024-05-20,Delayed,1,1299.39,52
SH003754,PO001547,E001,V025,2024-05-28,2024-05-28,Delivered,2,200.88,4
SH003755,PO001239,E041,V075,2025-02-08,2025-02-09,Damaged,1,918.11,25
SH003756,PO001239,E053,V025,2025-02-11,2025-02-13,Damaged,2,1767.61,55
SH003757,PO001150,E097,V075,2025-10-10,2025-10-11,Delayed,1,907.69,21
SH003758,PO001150,E071,V056,2025-10-21,2025-10-21,Delivered,2,294.12,9
SH003759,PO002245,E106,V052,2025-12-13,2025-12-14,Damaged,1,556.36,25
SH003760,PO002245,E088,V063,2025-12-15,2025-12-15,Damaged,2,333.43,9
SH003761,PO004908,E049,V011,2025-07-14,2025-07-18,Delayed,1,1491.88,93
SH003762,PO004908,E012,V058,2025-07-17,2025-07-17,Delivered,2,43.67,1
SH003763,PO002832,E109,V006,2024-05-24,2024-05-26,Delayed,1,1013.94,45
SH003764,PO002832,E042,V027,2024-06-05,2024-06-07,Damaged,2,1019.43,50
SH003765,PO004707,E091,V019,2025-09-02,2025-09-03,Delayed,1,365.99,14
SH003766,PO004707,E083,V004,2025-09-05,2025-09-07,Delivered,2,1481.66,45
SH003767,PO001899,E072,V015,2024-08-19,2024-08-21,Delayed,1,1582.58,55
SH003768,PO001899,E011,V076,2024-08-31,2024-09-01,Delivered,2,865.32,28
SH003769,PO002377,E005,V066,2026-08-07,2026-08-09,Damaged,1,861.65,38
SH003770,PO002377,E071,V035,2026-08-09,2026-08-11,Delivered,2,1768.66,51
SH003771,PO002658,E026,V005,2026-02-20,2026-02-23,Delayed,1,1622.35,65
SH003772,PO002658,E029,V017,2026-02-23,2026-02-24,Delivered,2,1106.22,29
SH003773,PO004736,E119,V065,2026-01-29,2026-01-30,Damaged,1,660.03,34
SH003774,PO004736,E034,V081,2026-02-08,2026-02-09,Delivered,2,1513.09,33
SH003775,PO002582,E079,V065,2025-12-11,2025-12-12,Damaged,1,533.81,23
SH003776,PO002582,E077,V025,2025-12-15,2025-12-15,Delivered,2,122.44,3
SH003777,PO004589,E068,V039,2024-04-07,2024-04-08,Damaged,1,966.67,34
SH003778,PO004589,E064,V077,2024-04-18,2024-04-19,Delivered,2,746.47,16
SH003779,PO000546,E118,V084,2025-10-13,2025-10-14,Damaged,1,1067.55,33
SH003780,PO000546,E058,V007,2025-10-24,2025-10-26,Delivered,2,1720.64,55
SH003781,PO004260,E118,V009,2024-07-22,2024-07-23,Delayed,1,758.33,16
SH003782,PO004260,E007,V058,2024-08-03,2024-08-04,Delivered,2,1319.63,23
SH003783,PO000107,E078,V010,2024-05-29,2024-06-01,Delayed,1,1566.44,62
SH003784,PO000107,E091,V081,2024-06-02,2024-06-02,Delivered,2,134.03,4
SH003785,PO003289,E040,V079,2024-08-28,2024-08-30,Delayed,1,1541.33,43
SH003786,PO003289,E013,V009,2024-09-04,2024-09-06,Delivered,2,1733.47,36
SH003787,PO001581,E043,V025,2026-01-22,2026-01-23,Damaged,1,415.7,15
SH003788,PO001581,E010,V085,2026-01-29,2026-01-30,Damaged,2,756.08,26
SH003789,PO002340,E029,V069,2026-03-31,2026-04-02,Damaged,1,1703.96,55
SH003790,PO002340,E046,V082,2026-04-08,2026-04-08,Damaged,2,90.39,2
SH003791,PO004471,E079,V058,2024-09-14,2024-09-15,Damaged,1,449.01,17
SH003792,PO004471,E032,V024,2024-09-24,2024-09-25,Delivered,2,1562.3,27
SH003793,PO004553,E064,V067,2026-03-23,2026-03-25,Delayed,1,1487.08,54
SH003794,PO004553,E087,V054,2026-03-29,2026-03-30,Delivered,2,1132.64,33
SH003795,PO000195,E086,V055,2025-08-18,2025-08-19,Delayed,1,518.91,17
SH003796,PO000195,E103,V044,2025-08-30,2025-08-31,Delivered,2,949.53,15
SH003797,PO001527,E018,V058,2025-01-24,2025-01-24,Damaged,1,92.33,3
SH003798,PO001527,E062,V024,2025-01-28,2025-01-30,Delivered,2,1674.16,56
SH003799,PO000448,E042,V079,2026-07-12,2026-07-14,Delayed,1,1249.87,52
SH003800,PO000448,E048,V005,2026-07-17,2026-07-19,Delivered,2,1556.57,49
SH003801,PO002526,E006,V022,2025-01-23,2025-01-27,Delayed,1,1447.24,93
SH003802,PO002526,E094,V074,2025-01-25,2025-01-27,Delivered,2,1140.21,42
SH003803,PO002558,E021,V033,2024-12-05,2024-12-05,Damaged,1,156.12,4
SH003804,PO002558,E075,V015,2024-12-14,2024-12-14,Delivered,2,513.73,12
SH003805,PO004504,E029,V035,2025-07-22,2025-07-22,Delayed,1,205.78,8
SH003806,PO004504,E046,V081,2025-08-01,2025-08-02,Delivered,2,837.91,16
SH003807,PO004084,E078,V052,2025-06-28,2025-06-30,Damaged,1,1025.92,58
SH003808,PO004084,E074,V007,2025-07-10,2025-07-11,Damaged,2,811.41,26
SH003809,PO002111,E008,V030,2024-08-16,2024-08-19,Delayed,1,1431.81,83
SH003810,PO002111,E027,V052,2024-08-19,2024-08-21,Delivered,2,1310.19,44
SH003811,PO004428,E005,V087,2026-01-15,2026-01-17,Damaged,1,888.82,44
SH003812,PO004428,E062,V022,2026-01-19,2026-01-20,Delivered,2,589.67,15
SH003813,PO003703,E040,V019,2024-05-30,2024-06-01,Delayed,1,1220.06,42
SH003814,PO003703,E016,V056,2024-06-11,2024-06-14,Damaged,2,1774.6,63
SH003815,PO001747,E099,V080,2025-01-25,2025-01-25,Delayed,1,142.94,6
SH003816,PO001747,E064,V085,2025-02-03,2025-02-04,Delivered,2,694.6,22
SH003817,PO000994,E057,V062,2026-01-19,2026-01-22,Damaged,1,1610.65,73
SH003818,PO000994,E080,V024,2026-01-24,2026-01-25,Delivered,2,694.37,17
SH003819,PO002259,E007,V085,2026-07-21,2026-07-23,Damaged,1,893.84,51
SH003820,PO002259,E045,V012,2026-07-30,2026-07-31,Delivered,2,1377.21,34
SH003821,PO000244,E118,V004,2025-03-16,2025-03-17,Damaged,1,751.15,26
SH003822,PO000244,E052,V018,2025-03-20,2025-03-21,Delivered,2,1639.94,33
SH003823,PO002148,E027,V068,2024-10-12,2024-10-15,Delayed,1,1034.38,61
SH003824,PO002148,E025,V017,2024-10-23,2024-10-23,Delivered,2,537.55,12
SH003825,PO004454,E102,V002,2025-07-05,2025-07-07,Damaged,1,1626.03,54
SH003826,PO004454,E115,V031,2025-07-11,2025-07-12,Delivered,2,511.08,15
SH003827,PO000865,E051,V014,2024-06-20,2024-06-20,Delayed,1,129.11,7
SH003828,PO000865,E051,V033,2024-06-23,2024-06-23,Delivered,2,433.18,8
SH003829,PO001164,E004,V069,2025-12-09,2025-12-12,Damaged,1,1291.1,72
SH003830,PO001164,E053,V032,2025-12-13,2025-12-14,Damaged,2,707.57,21
SH003831,PO000472,E098,V049,2024-06-08,2024-06-09,Damaged,1,1120.52,26
SH003832,PO000472,E106,V016,2024-06-10,2024-06-10,Delivered,2,177.66,5
SH003833,PO002973,E118,V067,2024-03-27,2024-03-29,Damaged,1,1580.03,57
SH003834,PO002973,E067,V008,2024-03-30,2024-04-01,Delivered,2,1286.61,38
SH003835,PO004422,E088,V076,2025-11-09,2025-11-09,Delayed,1,263.65,11
SH003836,PO004422,E106,V044,2025-11-17,2025-11-17,Delivered,2,572.08,10
SH003837,PO002753,E114,V043,2025-04-28,2025-04-30,Damaged,1,817.52,56
SH003838,PO002753,E049,V004,2025-05-06,2025-05-07,Damaged,2,873.52,27
SH003839,PO000843,E100,V051,2025-06-14,2025-06-14,Damaged,1,122.14,4
SH003840,PO000843,E066,V042,2025-06-17,2025-06-18,Delivered,2,1533.89,31
SH003841,PO003250,E060,V061,2024-11-02,2024-11-05,Delayed,1,1139.06,72
SH003842,PO003250,E085,V063,2024-11-12,2024-11-14,Damaged,2,1395.75,52
SH003843,PO001302,E068,V078,2026-02-06,2026-02-06,Delayed,1,134.29,5
SH003844,PO001302,E059,V027,2026-02-13,2026-02-13,Delivered,2,315.87,7
SH003845,PO000130,E047,V063,2025-06-25,2025-06-27,Delayed,1,1307.34,48
SH003846,PO000130,E036,V044,2025-07-07,2025-07-07,Delivered,2,181.89,3
SH003847,PO002675,E013,V083,2024-07-28,2024-07-30,Damaged,1,925.83,39
SH003848,PO002675,E077,V023,2024-08-03,2024-08-03,Delivered,2,512.82,8
SH003849,PO003664,E001,V010,2025-06-15,2025-06-16,Delayed,1,997.28,35
SH003850,PO003664,E066,V032,2025-06-17,2025-06-17,Delivered,2,150.26,3
SH003851,PO001836,E011,V007,2025-08-16,2025-08-17,Damaged,1,793.67,22
SH003852,PO001836,E075,V022,2025-08-25,2025-08-27,Delivered,2,1523.57,53
SH003853,PO002964,E076,V052,2026-04-12,2026-04-15,Delayed,1,1434.97,81
SH003854,PO002964,E093,V009,2026-04-18,2026-04-20,Delivered,2,1384.25,36
SH003855,PO001139,E067,V042,2024-07-20,2024-07-21,Delayed,1,524.45,22
SH003856,PO001139,E048,V062,2024-07-23,2024-07-24,Delivered,2,1091.47,28
SH003857,PO000707,E018,V032,2025-05-12,2025-05-16,Damaged,1,1534.66,107
SH003858,PO000707,E033,V045,2025-05-24,2025-05-26,Delivered,2,1264.69,40
SH003859,PO000158,E029,V019,2025-01-04,2025-01-08,Delayed,1,1453.11,101
SH003860,PO000158,E022,V001,2025-01-06,2025-01-07,Delivered,2,1430.92,34
SH003861,PO001865,E024,V031,2024-08-11,2024-08-14,Delayed,1,810.62,69
SH003862,PO001865,E062,V024,2024-08-21,2024-08-21,Delivered,2,224.48,8
SH003863,PO000794,E040,V072,2026-01-03,2026-01-04,Delayed,1,416.64,13
SH003864,PO000794,E043,V057,2026-01-09,2026-01-10,Delivered,2,948.41,19
SH003865,PO002241,E104,V080,2025-09-15,2025-09-19,Damaged,1,1555.16,85
SH003866,PO002241,E040,V061,2025-09-24,2025-09-25,Delivered,2,1047.16,33
SH003867,PO000978,E112,V056,2024-09-13,2024-09-15,Damaged,1,1204.9,39
SH003868,PO000978,E055,V062,2024-09-25,2024-09-26,Damaged,2,712.06,32
SH003869,PO003270,E022,V082,2026-04-03,2026-04-06,Damaged,1,1444.23,71
SH003870,PO003270,E027,V044,2026-04-13,2026-04-14,Delivered,2,839.37,23
SH003871,PO004872,E061,V040,2024-09-10,2024-09-11,Delayed,1,654.48,17
SH003872,PO004872,E049,V004,2024-09-22,2024-09-23,Delivered,2,442.27,14
SH003873,PO004323,E102,V086,2025-01-09,2025-01-10,Damaged,1,404.4,13
SH003874,PO004323,E051,V040,2025-01-16,2025-01-16,Delivered,2,333.92,12
SH003875,PO001798,E041,V007,2025-09-11,2025-09-15,Damaged,1,1794.88,103
SH003876,PO001798,E120,V025,2025-09-16,2025-09-16,Delivered,2,492.24,11
SH003877,PO004772,E077,V025,2026-05-29,2026-05-31,Delayed,1,1036.46,42
SH003878,PO004772,E030,V060,2026-05-31,2026-06-01,Delivered,2,605.58,18
SH003879,PO001902,E053,V036,2024-03-12,2024-03-14,Damaged,1,1268.37,51
SH003880,PO001902,E119,V075,2024-03-23,2024-03-25,Damaged,2,1788.34,45
SH003881,PO001762,E012,V044,2025-09-16,2025-09-16,Damaged,1,415.13,10
SH003882,PO001762,E096,V062,2025-09-24,2025-09-25,Delivered,2,991.01,20
SH003883,PO004135,E029,V023,2025-08-25,2025-08-29,Damaged,1,1778.0,89
SH003884,PO004135,E011,V073,2025-09-04,2025-09-06,Damaged,2,1058.4,41
SH003885,PO001214,E109,V048,2025-03-19,2025-03-21,Delayed,1,1239.99,36
SH003886,PO001214,E062,V073,2025-03-30,2025-03-31,Delivered,2,1029.25,31
SH003887,PO003982,E039,V078,2025-02-26,2025-03-01,Damaged,1,1315.94,78
SH003888,PO003982,E102,V076,2025-02-28,2025-03-02,Delivered,2,1664.23,51
SH003889,PO004964,E043,V043,2025-07-29,2025-07-30,Delayed,1,465.84,14
SH003890,PO004964,E031,V077,2025-08-05,2025-08-07,Delivered,2,1749.45,41
SH003891,PO004705,E057,V047,2025-12-21,2025-12-23,Damaged,1,1676.31,60
SH003892,PO004705,E094,V034,2025-12-26,2025-12-27,Delivered,2,1573.34,28
SH003893,PO004212,E019,V061,2024-10-04,2024-10-07,Damaged,1,1784.73,62
SH003894,PO004212,E091,V049,2024-10-10,2024-10-11,Delivered,2,1444.84,31
SH003895,PO003925,E010,V003,2024-08-05,2024-08-07,Damaged,1,1215.0,59
SH003896,PO003925,E019,V081,2024-08-16,2024-08-18,Delivered,2,1587.65,43
SH003897,PO000404,E068,V072,2025-03-24,2025-03-26,Damaged,1,1254.52,39
SH003898,PO000404,E046,V086,2025-03-31,2025-04-01,Delivered,2,1518.77,29
SH003899,PO004319,E037,V086,2025-11-25,2025-11-28,Delayed,1,1651.7,67
SH003900,PO004319,E112,V084,2025-12-07,2025-12-08,Delivered,2,1720.36,33
SH003901,PO004924,E111,V045,2024-08-20,2024-08-21,Delayed,1,801.89,31
SH003902,PO004924,E017,V001,2024-08-29,2024-08-29,Delivered,2,294.89,7
SH003903,PO001824,E091,V036,2024-04-25,2024-04-28,Delayed,1,1734.38,69
SH003904,PO001824,E092,V044,2024-05-04,2024-05-05,Damaged,2,408.15,13
SH003905,PO004609,E060,V005,2025-05-03,2025-05-04,Damaged,1,632.86,24
SH003906,PO004609,E109,V067,2025-05-05,2025-05-06,Delivered,2,1354.33,31
SH003907,PO000916,E107,V071,2024-01-19,2024-01-19,Delayed,1,210.13,7
SH003908,PO000916,E045,V085,2024-01-23,2024-01-24,Delivered,2,1588.43,35
SH003909,PO003454,E078,V030,2024-04-27,2024-04-29,Damaged,1,897.64,41
SH003910,PO003454,E043,V057,2024-05-01,2024-05-03,Delivered,2,1743.77,51
SH003911,PO001223,E066,V078,2025-10-09,2025-10-11,Damaged,1,1666.01,52
SH003912,PO001223,E003,V058,2025-10-14,2025-10-14,Delivered,2,87.12,2
SH003913,PO004216,E032,V048,2026-06-10,2026-06-13,Damaged,1,1687.02,64
SH003914,PO004216,E085,V050,2026-06-18,2026-06-18,Delivered,2,63.55,2
SH003915,PO004480,E030,V057,2024-09-22,2024-09-22,Damaged,1,119.28,4
SH003916,PO004480,E071,V084,2024-10-01,2024-10-03,Delivered,2,1666.37,43
SH003917,PO001694,E087,V087,2025-05-01,2025-05-02,Delayed,1,818.83,29
SH003918,PO001694,E069,V019,2025-05-04,2025-05-06,Damaged,2,1485.08,43
SH003919,PO000303,E027,V041,2026-04-09,2026-04-11,Delayed,1,1156.78,51
SH003920,PO000303,E036,V027,2026-04-13,2026-04-15,Delivered,2,1620.93,43
SH003921,PO000391,E114,V057,2025-08-15,2025-08-16,Damaged,1,621.18,25
SH003922,PO000391,E050,V020,2025-08-17,2025-08-18,Damaged,2,658.44,21
SH003923,PO000584,E073,V013,2025-10-02,2025-10-03,Damaged,1,809.38,35
SH003924,PO000584,E048,V038,2025-10-04,2025-10-05,Delivered,2,335.51,14
SH003925,PO003994,E059,V019,2026-07-27,2026-07-27,Delayed,1,286.84,9
SH003926,PO003994,E011,V073,2026-08-05,2026-08-06,Damaged,2,789.84,24
SH003927,PO004931,E037,V078,2025-10-18,2025-10-20,Delayed,1,1535.76,50
SH003928,PO004931,E014,V046,2025-10-29,2025-10-31,Delivered,2,1798.35,42
SH003929,PO003515,E019,V034,2026-07-28,2026-07-30,Damaged,1,1343.07,59
SH003930,PO003515,E087,V082,2026-08-09,2026-08-11,Delivered,2,1642.96,45
SH003931,PO001911,E102,V075,2025-08-11,2025-08-13,Delayed,1,854.11,40
SH003932,PO001911,E031,V004,2025-08-21,2025-08-23,Delivered,2,1582.14,42
SH003933,PO004371,E111,V030,2025-02-23,2025-02-25,Delayed,1,1143.31,58
SH003934,PO004371,E002,V062,2025-03-03,2025-03-05,Delivered,2,1587.47,52
SH003935,PO003058,E051,V053,2025-12-02,2025-12-04,Delayed,1,1638.03,47
SH003936,PO003058,E104,V005,2025-12-13,2025-12-14,Delivered,2,809.47,21
SH003937,PO001665,E040,V073,2025-08-19,2025-08-21,Delayed,1,1006.04,42
SH003938,PO001665,E021,V060,2025-08-30,2025-08-31,Delivered,2,386.43,14
SH003939,PO002672,E054,V034,2024-03-12,2024-03-13,Delayed,1,323.2,17
SH003940,PO002672,E032,V017,2024-03-19,2024-03-19,Delivered,2,629.39,12
SH003941,PO001513,E009,V058,2026-04-02,2026-04-03,Damaged,1,861.33,27
SH003942,PO001513,E046,V034,2026-04-11,2026-04-13,Delivered,2,1472.03,60
SH003943,PO003921,E098,V057,2024-05-29,2024-05-31,Delayed,1,937.9,55
SH003944,PO003921,E030,V060,2024-06-09,2024-06-09,Delivered,2,641.34,12
SH003945,PO001741,E003,V034,2024-10-28,2024-10-30,Delayed,1,875.27,41
SH003946,PO001741,E102,V017,2024-11-08,2024-11-11,Delivered,2,1529.02,62
SH003947,PO001162,E023,V040,2026-02-07,2026-02-08,Delayed,1,476.98,22
SH003948,PO001162,E051,V044,2026-02-13,2026-02-15,Delivered,2,1346.54,42
SH003949,PO003439,E114,V081,2025-07-02,2025-07-05,Damaged,1,1662.72,78
SH003950,PO003439,E100,V001,2025-07-13,2025-07-13,Delivered,2,608.2,12
SH003951,PO000548,E007,V043,2025-11-08,2025-11-09,Damaged,1,230.22,14
SH003952,PO000548,E098,V086,2025-11-12,2025-11-12,Delivered,2,335.96,8
SH003953,PO004842,E002,V044,2024-04-08,2024-04-08,Damaged,1,122.41,5
SH003954,PO004842,E098,V018,2024-04-12,2024-04-12,Delivered,2,422.98,6
SH003955,PO004229,E037,V073,2026-07-11,2026-07-12,Delayed,1,500.43,15
SH003956,PO004229,E069,V028,2026-07-14,2026-07-14,Delivered,2,104.43,3
SH003957,PO004085,E066,V031,2025-10-12,2025-10-15,Delayed,1,1792.77,76
SH003958,PO004085,E070,V042,2025-10-20,2025-10-22,Delivered,2,1606.97,45
SH003959,PO003441,E118,V074,2026-07-10,2026-07-10,Damaged,1,206.12,8
SH003960,PO003441,E008,V058,2026-07-19,2026-07-19,Delivered,2,128.72,5
SH003961,PO000614,E051,V036,2025-01-13,2025-01-14,Delayed,1,853.0,16
SH003962,PO000614,E050,V044,2025-01-15,2025-01-16,Delivered,2,970.18,23
SH003963,PO000415,E120,V059,2026-08-07,2026-08-07,Damaged,1,174.04,7
SH003964,PO000415,E043,V074,2026-08-12,2026-08-12,Delivered,2,191.53,3
SH003965,PO003879,E001,V042,2024-05-18,2024-05-19,Delayed,1,1057.0,28
SH003966,PO003879,E068,V078,2024-05-20,2024-05-21,Delivered,2,1377.16,28
SH003967,PO004118,E111,V086,2026-07-06,2026-07-09,Delayed,1,1600.0,75
SH003968,PO004118,E104,V073,2026-07-10,2026-07-11,Delivered,2,654.18,16
SH003969,PO001556,E041,V063,2025-06-12,2025-06-12,Damaged,1,223.77,5
SH003970,PO001556,E117,V037,2025-06-22,2025-06-23,Delivered,2,1160.64,22
SH003971,PO002300,E054,V041,2025-08-14,2025-08-15,Damaged,1,558.58,20
SH003972,PO002300,E099,V089,2025-08-16,2025-08-17,Delivered,2,605.95,14
SH003973,PO003538,E077,V027,2025-09-05,2025-09-06,Damaged,1,1092.11,35
SH003974,PO003538,E087,V022,2025-09-16,2025-09-17,Damaged,2,265.65,13
SH003975,PO001370,E055,V013,2025-01-05,2025-01-05,Delayed,1,54.99,1
SH003976,PO001370,E084,V059,2025-01-17,2025-01-18,Delivered,2,936.49,15
SH003977,PO001731,E084,V077,2024-08-10,2024-08-11,Delayed,1,849.5,23
SH003978,PO001731,E006,V067,2024-08-18,2024-08-19,Delivered,2,1641.39,32
SH003979,PO003678,E025,V062,2026-01-08,2026-01-10,Damaged,1,1248.13,49
SH003980,PO003678,E120,V017,2026-01-17,2026-01-18,Delivered,2,993.46,26
SH003981,PO001934,E034,V042,2026-03-08,2026-03-08,Damaged,1,484.1,12
SH003982,PO001934,E078,V082,2026-03-15,2026-03-15,Damaged,2,45.76,1
SH003983,PO003701,E080,V048,2025-03-03,2025-03-04,Delayed,1,1250.52,30
SH003984,PO003701,E016,V054,2025-03-08,2025-03-10,Damaged,2,1510.72,42
SH003985,PO001791,E023,V085,2025-09-14,2025-09-15,Damaged,1,815.32,29
SH003986,PO001791,E065,V014,2025-09-24,2025-09-26,Damaged,2,1629.76,53
SH003987,PO002776,E054,V016,2025-10-07,2025-10-09,Damaged,1,1446.18,45
SH003988,PO002776,E087,V074,2025-10-12,2025-10-12,Delivered,2,789.0,12
SH003989,PO002478,E009,V073,2026-06-19,2026-06-21,Delayed,1,1186.28,42
SH003990,PO002478,E117,V044,2026-06-21,2026-06-23,Delivered,2,1383.73,48
SH003991,PO002677,E040,V005,2025-04-18,2025-04-19,Damaged,1,643.52,17
SH003992,PO002677,E075,V080,2025-04-26,2025-04-27,Delivered,2,1449.25,30
SH003993,PO002026,E009,V083,2026-07-18,2026-07-18,Delayed,1,76.47,3
SH003994,PO002026,E084,V084,2026-07-23,2026-07-23,Delivered,2,339.1,8
SH003995,PO000374,E042,V069,2024-05-05,2024-05-07,Damaged,1,1097.15,44
SH003996,PO000374,E110,V054,2024-05-16,2024-05-16,Delivered,2,434.05,11
SH003997,PO000147,E019,V079,2025-09-05,2025-09-06,Damaged,1,750.34,27
SH003998,PO000147,E099,V027,2025-09-08,2025-09-10,Damaged,2,1114.58,43
SH003999,PO000609,E020,V027,2026-01-21,2026-01-22,Delayed,1,890.58,35
SH004000,PO000609,E019,V053,2026-02-02,2026-02-02,Delivered,2,561.69,10
SH004001,PO003579,E114,V026,2026-01-08,2026-01-08,Delayed,1,148.92,7
SH004002,PO003579,E033,V059,2026-01-20,2026-01-21,Delivered,2,683.26,16
SH004003,PO001915,E015,V029,2026-03-21,2026-03-21,Damaged,1,127.65,4
SH004004,PO001915,E079,V090,2026-03-27,2026-03-27,Delivered,2,61.79,1
SH004005,PO004457,E074,V007,2024-05-02,2024-05-03,Damaged,1,633.35,26
SH004006,PO004457,E105,V074,2024-05-13,2024-05-14,Delivered,2,1040.8,30
SH004007,PO002165,E054,V069,2026-07-30,2026-07-30,Damaged,1,204.0,11
SH004008,PO002165,E109,V053,2026-08-09,2026-08-11,Delivered,2,1560.73,52
SH004009,PO002629,E096,V022,2026-07-27,2026-07-29,Delayed,1,1235.11,49
SH004010,PO002629,E111,V076,2026-07-29,2026-07-30,Damaged,2,968.49,25
SH004011,PO002752,E006,V079,2025-05-20,2025-05-21,Damaged,1,476.14,13
SH004012,PO002752,E051,V031,2025-06-01,2025-06-01,Delivered,2,554.4,11
SH004013,PO004961,E066,V083,2025-12-07,2025-12-07,Delayed,1,110.57,6
SH004014,PO004961,E107,V041,2025-12-13,2025-12-15,Delivered,2,1283.9,40
SH004015,PO000552,E061,V060,2026-03-22,2026-03-23,Damaged,1,740.17,31
SH004016,PO000552,E119,V080,2026-04-01,2026-04-01,Delivered,2,329.45,6
SH004017,PO000594,E036,V022,2026-01-22,2026-01-23,Damaged,1,677.77,27
SH004018,PO000594,E106,V028,2026-01-29,2026-01-30,Delivered,2,614.47,13
SH004019,PO004716,E054,V074,2024-08-25,2024-08-26,Damaged,1,489.14,15
SH004020,PO004716,E114,V014,2024-08-28,2024-08-28,Delivered,2,251.71,5
SH004021,PO000166,E062,V060,2025-01-03,2025-01-03,Damaged,1,263.08,11
SH004022,PO000166,E050,V001,2025-01-08,2025-01-10,Delivered,2,1197.03,51
SH004023,PO002215,E031,V080,2024-09-11,2024-09-12,Damaged,1,742.17,27
SH004024,PO002215,E046,V070,2024-09-17,2024-09-18,Delivered,2,906.85,21
SH004025,PO004102,E032,V045,2024-04-10,2024-04-12,Damaged,1,1582.27,44
SH004026,PO004102,E060,V059,2024-04-16,2024-04-16,Delivered,2,396.06,9
SH004027,PO000533,E052,V073,2025-12-02,2025-12-04,Damaged,1,1534.79,59
SH004028,PO000533,E110,V056,2025-12-08,2025-12-09,Delivered,2,1599.9,31
SH004029,PO003253,E016,V002,2025-03-01,2025-03-01,Delayed,1,155.56,9
SH004030,PO003253,E120,V056,2025-03-08,2025-03-09,Delivered,2,1218.38,29
SH004031,PO000044,E091,V018,2024-04-17,2024-04-19,Delayed,1,1096.2,39
SH004032,PO000044,E022,V048,2024-04-29,2024-04-29,Delivered,2,72.8,1
SH004033,PO002935,E049,V023,2026-04-28,2026-04-29,Damaged,1,544.81,21
SH004034,PO002935,E062,V050,2026-04-30,2026-05-02,Delivered,2,1671.29,52
SH004035,PO002787,E106,V035,2026-04-30,2026-05-01,Damaged,1,510.96,21
SH004036,PO002787,E120,V065,2026-05-09,2026-05-11,Delivered,2,1707.5,42
SH004037,PO001878,E106,V075,2026-02-09,2026-02-11,Damaged,1,1621.8,56
SH004038,PO001878,E056,V075,2026-02-16,2026-02-17,Delivered,2,931.36,23
SH004039,PO003204,E093,V023,2025-11-18,2025-11-19,Damaged,1,947.35,20
SH004040,PO003204,E001,V017,2025-11-21,2025-11-21,Delivered,2,583.72,10
SH004041,PO003457,E059,V063,2024-08-31,2024-09-01,Delayed,1,554.2,16
SH004042,PO003457,E013,V042,2024-09-11,2024-09-11,Delivered,2,847.9,11
SH004043,PO004485,E095,V060,2026-04-06,2026-04-07,Delayed,1,923.78,32
SH004044,PO004485,E081,V058,2026-04-17,2026-04-17,Delivered,2,442.51,12
SH004045,PO001429,E020,V032,2025-10-12,2025-10-14,Damaged,1,1489.0,40
SH004046,PO001429,E059,V042,2025-10-22,2025-10-22,Delivered,2,285.95,7
SH004047,PO001488,E095,V089,2024-10-31,2024-11-02,Delayed,1,838.47,44
SH004048,PO001488,E046,V029,2024-11-10,2024-11-11,Delivered,2,971.41,19
SH004049,PO003019,E111,V074,2026-02-04,2026-02-04,Delayed,1,293.13,9
SH004050,PO003019,E089,V030,2026-02-11,2026-02-11,Delivered,2,162.01,3
SH004051,PO000390,E048,V018,2026-05-16,2026-05-17,Delayed,1,971.77,32
SH004052,PO000390,E120,V086,2026-05-27,2026-05-27,Delivered,2,525.13,12
SH004053,PO000066,E107,V070,2025-12-16,2025-12-16,Delayed,1,348.71,11
SH004054,PO000066,E034,V022,2025-12-24,2025-12-24,Delivered,2,211.95,6
SH004055,PO002236,E099,V030,2024-08-08,2024-08-10,Delayed,1,1472.83,47
SH004056,PO002236,E013,V070,2024-08-20,2024-08-22,Delivered,2,1170.46,39
SH004057,PO000328,E016,V031,2025-12-17,2025-12-20,Damaged,1,968.89,71
SH004058,PO000328,E048,V034,2025-12-29,2025-12-30,Delivered,2,1104.73,32
SH004059,PO003148,E112,V077,2026-05-25,2026-05-27,Damaged,1,828.82,47
SH004060,PO003148,E056,V049,2026-05-27,2026-05-29,Damaged,2,1577.61,56
SH004061,PO000184,E085,V016,2025-07-18,2025-07-20,Delayed,1,1394.06,53
SH004062,PO000184,E061,V084,2025-07-27,2025-07-27,Delivered,2,194.74,5
SH004063,PO003737,E023,V053,2025-08-13,2025-08-13,Damaged,1,43.64,1
SH004064,PO003737,E036,V037,2025-08-23,2025-08-26,Damaged,2,1533.44,67
SH004065,PO003616,E085,V029,2025-09-24,2025-09-27,Damaged,1,1661.27,68
SH004066,PO003616,E065,V033,2025-10-02,2025-10-02,Delivered,2,70.05,2
SH004067,PO002779,E056,V038,2024-02-12,2024-02-14,Damaged,1,1710.59,48
SH004068,PO002779,E115,V014,2024-02-22,2024-02-23,Delivered,2,708.3,18
SH004069,PO003187,E104,V069,2026-05-22,2026-05-25,Damaged,1,1248.43,73
SH004070,PO003187,E004,V044,2026-05-26,2026-05-27,Delivered,2,1719.44,27
SH004071,PO003924,E105,V059,2024-04-25,2024-04-26,Damaged,1,412.27,21
SH004072,PO003924,E085,V014,2024-04-29,2024-04-29,Delivered,2,352.18,8
SH004073,PO004062,E004,V025,2025-10-09,2025-10-12,Damaged,1,1031.55,63
SH004074,PO004062,E054,V063,2025-10-13,2025-10-14,Delivered,2,1319.2,31
SH004075,PO004634,E049,V070,2025-07-15,2025-07-20,Delayed,1,1672.84,125
SH004076,PO004634,E009,V027,2025-07-24,2025-07-24,Delivered,2,269.8,7
SH004077,PO000406,E113,V085,2025-03-29,2025-04-01,Damaged,1,1356.46,67
SH004078,PO000406,E015,V016,2025-04-08,2025-04-09,Delivered,2,1523.11,31
SH004079,PO002569,E061,V075,2025-04-13,2025-04-14,Damaged,1,962.5,27
SH004080,PO002569,E118,V032,2025-04-17,2025-04-17,Delivered,2,180.73,6
SH004081,PO004075,E066,V071,2025-08-10,2025-08-11,Delayed,1,1047.8,23
SH004082,PO004075,E036,V086,2025-08-12,2025-08-13,Delivered,2,1697.76,34
SH004083,PO001654,E054,V027,2024-04-29,2024-05-02,Damaged,1,1735.72,66
SH004084,PO001654,E084,V022,2024-05-07,2024-05-07,Delivered,2,202.44,6
SH004085,PO002389,E082,V046,2026-01-10,2026-01-10,Delayed,1,360.44,11
SH004086,PO002389,E012,V001,2026-01-12,2026-01-12,Delivered,2,229.79,5
SH004087,PO003288,E005,V087,2024-06-24,2024-06-25,Damaged,1,610.94,28
SH004088,PO003288,E062,V042,2024-06-27,2024-06-27,Delivered,2,595.11,11
SH004089,PO000102,E028,V013,2025-08-04,2025-08-05,Delayed,1,409.55,19
SH004090,PO000102,E045,V071,2025-08-07,2025-08-08,Delivered,2,814.5,18
SH004091,PO001663,E118,V023,2025-10-27,2025-10-28,Delayed,1,871.83,33
SH004092,PO001663,E032,V013,2025-11-05,2025-11-06,Delivered,2,1773.74,33
SH004093,PO000433,E008,V025,2025-11-26,2025-11-26,Damaged,1,326.73,10
SH004094,PO000433,E081,V066,2025-11-29,2025-11-30,Delivered,2,1104.97,19
SH004095,PO001482,E065,V038,2024-12-09,2024-12-11,Damaged,1,1044.22,52
SH004096,PO001482,E006,V047,2024-12-17,2024-12-18,Delivered,2,1077.23,31
SH004097,PO001487,E059,V027,2025-04-23,2025-04-24,Delayed,1,818.15,30
SH004098,PO001487,E003,V027,2025-04-30,2025-05-01,Delivered,2,1642.74,34
SH004099,PO003281,E043,V025,2025-08-06,2025-08-06,Delayed,1,115.79,5
SH004100,PO003281,E065,V022,2025-08-12,2025-08-13,Delivered,2,1766.11,30
SH004101,PO004835,E009,V057,2024-09-09,2024-09-09,Damaged,1,72.42,1
SH004102,PO004835,E099,V016,2024-09-12,2024-09-12,Delivered,2,250.02,5
SH004103,PO004952,E086,V020,2025-04-04,2025-04-06,Delayed,1,690.22,40
SH004104,PO004952,E101,V055,2025-04-07,2025-04-08,Delivered,2,1312.85,30
SH004105,PO000410,E079,V086,2025-06-04,2025-06-06,Damaged,1,1528.42,55
SH004106,PO000410,E024,V080,2025-06-11,2025-06-11,Delivered,2,686.94,10
SH004107,PO001656,E032,V045,2025-01-24,2025-01-24,Damaged,1,193.43,8
SH004108,PO001656,E040,V086,2025-02-05,2025-02-05,Delivered,2,253.37,6
SH004109,PO001721,E069,V071,2025-09-24,2025-09-26,Damaged,1,1539.41,57
SH004110,PO001721,E042,V022,2025-09-29,2025-09-30,Delivered,2,1035.98,25
SH004111,PO003973,E058,V044,2026-03-24,2026-03-25,Damaged,1,951.48,28
SH004112,PO003973,E110,V008,2026-03-31,2026-04-01,Delivered,2,965.41,18
SH004113,PO000352,E091,V058,2025-01-07,2025-01-08,Damaged,1,566.98,15
SH004114,PO000352,E018,V050,2025-01-10,2025-01-12,Delivered,2,1498.47,43
SH004115,PO002948,E119,V005,2024-07-02,2024-07-03,Delayed,1,320.06,14
SH004116,PO002948,E066,V035,2024-07-06,2024-07-08,Delivered,2,1634.38,45
SH004117,PO001055,E002,V004,2026-05-31,2026-06-01,Delayed,1,690.65,28
SH004118,PO001055,E108,V033,2026-06-04,2026-06-04,Delivered,2,265.67,5
SH004119,PO003433,E042,V057,2025-08-09,2025-08-09,Damaged,1,286.32,9
SH004120,PO003433,E082,V052,2025-08-20,2025-08-21,Damaged,2,430.32,17
SH004121,PO001955,E096,V023,2026-02-24,2026-02-24,Delayed,1,306.71,8
SH004122,PO001955,E001,V005,2026-03-04,2026-03-05,Delivered,2,1294.62,30
SH004123,PO002246,E102,V055,2024-06-02,2024-06-05,Delayed,1,1753.8,62
SH004124,PO002246,E076,V044,2024-06-04,2024-06-06,Damaged,2,1515.59,37
SH004125,PO002733,E026,V015,2024-12-06,2024-12-10,Delayed,1,1625.37,99
SH004126,PO002733,E046,V022,2024-12-18,2024-12-20,Delivered,2,1694.57,51
SH004127,PO001160,E094,V050,2024-12-22,2024-12-22,Delayed,1,234.91,6
SH004128,PO001160,E044,V051,2025-01-01,2025-01-01,Delivered,2,277.73,7
SH004129,PO001418,E032,V084,2025-08-27,2025-08-27,Delayed,1,390.78,10
SH004130,PO001418,E034,V076,2025-09-02,2025-09-03,Damaged,2,441.87,18
SH004131,PO000367,E008,V036,2025-05-28,2025-05-29,Damaged,1,574.16,26
SH004132,PO000367,E071,V043,2025-06-03,2025-06-03,Delivered,2,516.91,9
SH004133,PO000980,E043,V084,2025-05-28,2025-05-29,Damaged,1,509.25,25
SH004134,PO000980,E071,V011,2025-06-07,2025-06-07,Damaged,2,299.92,12
SH004135,PO000866,E106,V006,2025-03-24,2025-03-24,Delayed,1,294.58,6
SH004136,PO000866,E005,V086,2025-04-05,2025-04-07,Delivered,2,1677.65,42
SH004137,PO002238,E071,V020,2026-08-07,2026-08-08,Delayed,1,974.0,31
SH004138,PO002238,E006,V029,2026-08-12,2026-08-14,Delivered,2,1678.75,36
SH004139,PO003390,E043,V057,2025-04-09,2025-04-10,Damaged,1,790.85,27
SH004140,PO003390,E006,V069,2025-04-11,2025-04-13,Delivered,2,1079.86,41
SH004141,PO004792,E084,V036,2024-10-31,2024-11-02,Damaged,1,1116.19,46
SH004142,PO004792,E011,V080,2024-11-06,2024-11-09,Damaged,2,1446.12,64
SH004143,PO004158,E083,V077,2025-11-29,2025-11-30,Delayed,1,609.95,21
SH004144,PO004158,E062,V069,2025-12-11,2025-12-13,Delivered,2,1417.78,40
SH004145,PO000275,E022,V055,2024-10-28,2024-10-29,Delayed,1,486.49,18
SH004146,PO000275,E106,V023,2024-11-05,2024-11-05,Delivered,2,108.09,3
SH004147,PO001245,E063,V043,2025-01-25,2025-01-26,Delayed,1,1259.17,33
SH004148,PO001245,E045,V066,2025-02-04,2025-02-04,Delivered,2,96.81,1
SH004149,PO000810,E066,V034,2026-06-11,2026-06-13,Delayed,1,1651.06,52
SH004150,PO000810,E120,V087,2026-06-20,2026-06-20,Delivered,2,173.51,7
SH004151,PO001901,E047,V022,2025-07-21,2025-07-21,Delayed,1,109.44,4
SH004152,PO001901,E100,V038,2025-07-27,2025-07-27,Delivered,2,475.98,9
SH004153,PO004316,E031,V085,2024-04-01,2024-04-01,Delayed,1,74.4,3
SH004154,PO004316,E025,V008,2024-04-12,2024-04-13,Delivered,2,896.03,15
SH004155,PO004685,E068,V040,2024-08-22,2024-08-22,Delayed,1,242.63,12
SH004156,PO004685,E095,V007,2024-09-03,2024-09-04,Delivered,2,694.35,15
SH004157,PO000413,E098,V008,2025-06-21,2025-06-22,Damaged,1,675.38,26
SH004158,PO000413,E029,V006,2025-06-24,2025-06-25,Delivered,2,1385.99,27
SH004159,PO002108,E058,V028,2025-09-05,2025-09-08,Damaged,1,1047.59,72
SH004160,PO002108,E119,V085,2025-09-17,2025-09-19,Delivered,2,1489.98,42
SH004161,PO004453,E068,V012,2026-06-15,2026-06-18,Delayed,1,1654.6,79
SH004162,PO004453,E026,V074,2026-06-18,2026-06-18,Delivered,2,414.01,10
SH004163,PO002055,E041,V046,2025-10-02,2025-10-04,Damaged,1,1334.24,44
SH004164,PO002055,E114,V012,2025-10-07,2025-10-08,Delivered,2,1237.92,27
SH004165,PO002967,E053,V007,2024-10-20,2024-10-22,Damaged,1,1342.12,54
SH004166,PO002967,E004,V042,2024-10-30,2024-11-01,Delivered,2,1554.86,54
SH004167,PO002051,E009,V027,2025-10-01,2025-10-02,Damaged,1,420.08,28
SH004168,PO002051,E020,V027,2025-10-03,2025-10-04,Delivered,2,1312.08,27
SH004169,PO001881,E036,V002,2024-07-08,2024-07-10,Damaged,1,1478.22,42
SH004170,PO001881,E010,V086,2024-07-20,2024-07-20,Delivered,2,46.59,1
SH004171,PO000960,E109,V060,2025-06-10,2025-06-12,Delayed,1,985.25,53
SH004172,PO000960,E065,V090,2025-06-13,2025-06-14,Delivered,2,349.31,14
SH004173,PO004153,E044,V089,2024-03-07,2024-03-10,Delayed,1,1703.3,64
SH004174,PO004153,E094,V054,2024-03-19,2024-03-21,Damaged,2,1411.46,48
SH004175,PO002688,E002,V006,2024-03-25,2024-03-28,Delayed,1,1593.98,83
SH004176,PO002688,E096,V088,2024-03-31,2024-04-03,Delivered,2,1430.27,66
SH004177,PO002657,E102,V034,2025-01-23,2025-01-24,Delayed,1,561.4,18
SH004178,PO002657,E055,V089,2025-01-30,2025-02-01,Damaged,2,1440.47,52
SH004179,PO002922,E087,V083,2024-08-20,2024-08-21,Damaged,1,1182.33,35
SH004180,PO002922,E057,V062,2024-08-28,2024-08-31,Damaged,2,1081.28,71
SH004181,PO001310,E084,V030,2025-05-14,2025-05-15,Damaged,1,412.38,21
SH004182,PO001310,E052,V067,2025-05-16,2025-05-18,Delivered,2,1323.22,41
SH004183,PO001920,E044,V017,2025-04-06,2025-04-08,Delayed,1,1312.33,60
SH004184,PO001920,E105,V043,2025-04-08,2025-04-09,Delivered,2,354.36,14
SH004185,PO003051,E031,V015,2025-08-03,2025-08-04,Delayed,1,714.61,20
SH004186,PO003051,E082,V089,2025-08-12,2025-08-12,Damaged,2,611.14,12
SH004187,PO001921,E096,V076,2026-02-16,2026-02-17,Damaged,1,916.28,35
SH004188,PO001921,E119,V060,2026-02-25,2026-02-27,Delivered,2,1414.74,46
SH004189,PO001751,E101,V033,2025-07-30,2025-08-02,Damaged,1,1605.91,74
SH004190,PO001751,E014,V057,2025-08-02,2025-08-02,Delivered,2,122.52,3
SH004191,PO004651,E022,V033,2024-06-18,2024-06-19,Damaged,1,548.26,23
SH004192,PO004651,E117,V008,2024-06-22,2024-06-23,Delivered,2,862.62,16
SH004193,PO003036,E022,V073,2025-05-11,2025-05-12,Delayed,1,1152.83,32
SH004194,PO003036,E088,V033,2025-05-13,2025-05-14,Delivered,2,1693.76,31
SH004195,PO003783,E092,V033,2024-12-23,2024-12-25,Damaged,1,1305.19,57
SH004196,PO003783,E106,V001,2025-01-03,2025-01-04,Delivered,2,784.16,25
SH004197,PO001698,E032,V018,2025-09-14,2025-09-16,Damaged,1,1387.09,44
SH004198,PO001698,E055,V009,2025-09-21,2025-09-22,Delivered,2,504.28,14
SH004199,PO003694,E099,V012,2026-04-15,2026-04-15,Delayed,1,270.67,8
SH004200,PO003694,E112,V056,2026-04-22,2026-04-23,Delivered,2,619.35,21
SH004201,PO001680,E050,V089,2025-03-07,2025-03-07,Damaged,1,40.48,1
SH004202,PO001680,E100,V005,2025-03-09,2025-03-10,Delivered,2,1281.23,24
SH004203,PO000739,E063,V015,2026-07-14,2026-07-16,Damaged,1,1189.24,43
SH004204,PO000739,E083,V037,2026-07-16,2026-07-16,Damaged,2,412.91,10
SH004205,PO004295,E042,V053,2025-11-09,2025-11-10,Delayed,1,920.72,33
SH004206,PO004295,E007,V013,2025-11-16,2025-11-17,Delivered,2,1297.48,26
SH004207,PO004374,E023,V075,2026-04-28,2026-04-29,Delayed,1,941.31,35
SH004208,PO004374,E099,V083,2026-05-04,2026-05-06,Delivered,2,1728.98,54
SH004209,PO000511,E023,V019,2025-08-19,2025-08-21,Delayed,1,1155.45,48
SH004210,PO000511,E115,V074,2025-08-26,2025-08-26,Delivered,2,289.11,8
SH004211,PO001971,E034,V087,2026-03-04,2026-03-06,Damaged,1,1472.36,58
SH004212,PO001971,E102,V012,2026-03-11,2026-03-12,Delivered,2,870.31,23
SH004213,PO000452,E111,V052,2025-05-26,2025-05-28,Damaged,1,1226.31,54
SH004214,PO000452,E016,V085,2025-06-06,2025-06-07,Delivered,2,746.73,21
SH004215,PO002573,E025,V069,2026-01-22,2026-01-24,Damaged,1,1769.67,59
SH004216,PO002573,E071,V027,2026-02-01,2026-02-02,Delivered,2,834.61,21
SH004217,PO001555,E046,V070,2026-04-29,2026-04-30,Damaged,1,1062.25,27
SH004218,PO001555,E091,V013,2026-05-05,2026-05-05,Delivered,2,385.57,6
SH004219,PO001298,E083,V030,2024-08-26,2024-08-28,Damaged,1,1188.2,56
SH004220,PO001298,E008,V030,2024-08-29,2024-08-29,Delivered,2,260.82,5
SH004221,PO000086,E076,V066,2026-02-20,2026-02-20,Delayed,1,223.48,12
SH004222,PO000086,E098,V063,2026-02-27,2026-02-27,Delivered,2,402.8,8
SH004223,PO001398,E072,V008,2024-12-03,2024-12-05,Delayed,1,1375.57,53
SH004224,PO001398,E113,V081,2024-12-09,2024-12-10,Delivered,2,949.67,29
SH004225,PO000773,E077,V010,2025-02-19,2025-02-19,Damaged,1,146.62,5
SH004226,PO000773,E011,V068,2025-02-22,2025-02-23,Delivered,2,1485.57,34
SH004227,PO003635,E073,V047,2025-06-05,2025-06-07,Damaged,1,975.8,38
SH004228,PO003635,E116,V061,2025-06-16,2025-06-16,Delivered,2,189.13,4
SH004229,PO000173,E082,V060,2025-10-17,2025-10-18,Damaged,1,457.81,20
SH004230,PO000173,E033,V021,2025-10-20,2025-10-20,Delivered,2,381.03,12
SH004231,PO000379,E038,V063,2024-10-26,2024-10-29,Damaged,1,1743.06,65
SH004232,PO000379,E017,V052,2024-11-01,2024-11-02,Damaged,2,526.78,29
SH004233,PO000152,E045,V019,2025-07-11,2025-07-13,Delayed,1,923.99,47
SH004234,PO000152,E091,V043,2025-07-18,2025-07-19,Delivered,2,809.43,17
SH004235,PO002548,E012,V025,2024-02-03,2024-02-04,Delayed,1,405.13,15
SH004236,PO002548,E024,V039,2024-02-06,2024-02-08,Delivered,2,1526.18,36
SH004237,PO001076,E044,V030,2026-05-22,2026-05-25,Damaged,1,1526.18,67
SH004238,PO001076,E041,V027,2026-06-02,2026-06-05,Delivered,2,1622.99,69
SH004239,PO001044,E061,V019,2025-03-29,2025-03-31,Delayed,1,993.41,41
SH004240,PO001044,E115,V066,2025-04-03,2025-04-04,Delivered,2,530.53,15
SH004241,PO000403,E024,V023,2025-04-08,2025-04-09,Delayed,1,1061.96,31
SH004242,PO000403,E013,V060,2025-04-19,2025-04-20,Delivered,2,851.49,13
SH004243,PO003010,E010,V081,2024-07-21,2024-07-22,Damaged,1,395.17,15
SH004244,PO003010,E028,V069,2024-07-31,2024-07-31,Delivered,2,219.81,5
SH004245,PO002888,E098,V067,2025-06-22,2025-06-22,Damaged,1,199.33,10
SH004246,PO002888,E099,V078,2025-06-29,2025-06-30,Delivered,2,1188.69,33
SH004247,PO004877,E072,V040,2024-10-13,2024-10-14,Delayed,1,998.62,35
SH004248,PO004877,E093,V050,2024-10-19,2024-10-22,Damaged,2,1415.34,70
SH004249,PO000300,E041,V005,2025-07-31,2025-08-02,Delayed,1,1088.77,39
SH004250,PO000300,E029,V088,2025-08-12,2025-08-13,Delivered,2,1623.39,30
SH004251,PO001507,E024,V089,2026-01-11,2026-01-13,Delayed,1,1782.48,60
SH004252,PO001507,E015,V055,2026-01-15,2026-01-16,Delivered,2,1451.27,33
SH004253,PO002281,E049,V083,2025-07-04,2025-07-06,Delayed,1,1616.54,46
SH004254,PO002281,E038,V022,2025-07-11,2025-07-11,Damaged,2,291.89,11
SH004255,PO001094,E105,V071,2026-06-03,2026-06-05,Delayed,1,1465.12,58
SH004256,PO001094,E054,V068,2026-06-08,2026-06-09,Delivered,2,1078.8,29
SH004257,PO001528,E013,V084,2025-12-18,2025-12-18,Damaged,1,166.39,8
SH004258,PO001528,E105,V046,2025-12-26,2025-12-27,Delivered,2,649.75,23
SH004259,PO001375,E034,V045,2024-12-06,2024-12-07,Delayed,1,568.56,20
SH004260,PO001375,E089,V035,2024-12-16,2024-12-17,Delivered,2,794.99,28
SH004261,PO004637,E103,V053,2025-09-13,2025-09-15,Damaged,1,1504.84,43
SH004262,PO004637,E110,V074,2025-09-21,2025-09-22,Delivered,2,943.59,18
SH004263,PO000991,E026,V001,2024-09-09,2024-09-11,Damaged,1,1061.64,51
SH004264,PO000991,E035,V015,2024-09-21,2024-09-22,Delivered,2,1011.01,20
SH004265,PO001382,E043,V065,2024-10-16,2024-10-18,Damaged,1,1142.5,41
SH004266,PO001382,E072,V077,2024-10-25,2024-10-26,Delivered,2,1554.9,25
SH004267,PO000992,E036,V026,2026-04-02,2026-04-03,Damaged,1,515.44,25
SH004268,PO000992,E086,V028,2026-04-06,2026-04-07,Delivered,2,1036.03,32
SH004269,PO004362,E042,V085,2026-06-26,2026-06-27,Delayed,1,368.54,17
SH004270,PO004362,E099,V065,2026-06-30,2026-07-02,Delivered,2,1758.43,51
SH004271,PO000860,E107,V047,2025-03-23,2025-03-25,Delayed,1,671.78,47
SH004272,PO000860,E066,V064,2025-03-26,2025-03-26,Delivered,2,580.77,12
SH004273,PO004069,E008,V063,2024-05-04,2024-05-06,Delayed,1,1121.76,44
SH004274,PO004069,E081,V067,2024-05-12,2024-05-14,Delivered,2,1577.91,50
SH004275,PO001279,E075,V070,2026-01-31,2026-02-01,Damaged,1,929.12,28
SH004276,PO001279,E089,V067,2026-02-02,2026-02-03,Delivered,2,1230.12,27
SH004277,PO000242,E037,V040,2024-12-22,2024-12-23,Damaged,1,439.96,15
SH004278,PO000242,E077,V038,2024-12-29,2024-12-30,Delivered,2,794.36,25
SH004279,PO001640,E056,V006,2024-06-12,2024-06-12,Damaged,1,124.44,2
SH004280,PO001640,E032,V028,2024-06-17,2024-06-17,Delivered,2,55.7,1
SH004281,PO003884,E072,V033,2025-01-06,2025-01-06,Delayed,1,388.25,11
SH004282,PO003884,E059,V048,2025-01-11,2025-01-12,Delivered,2,1291.64,26
SH004283,PO004862,E087,V077,2024-09-26,2024-09-27,Damaged,1,441.41,19
SH004284,PO004862,E119,V014,2024-10-06,2024-10-07,Delivered,2,1331.91,28
SH004285,PO004117,E092,V030,2025-04-03,2025-04-05,Damaged,1,854.71,39
SH004286,PO004117,E097,V069,2025-04-12,2025-04-13,Delivered,2,853.26,19
SH004287,PO004297,E073,V077,2024-05-02,2024-05-02,Damaged,1,275.08,7
SH004288,PO004297,E113,V060,2024-05-12,2024-05-12,Delivered,2,207.98,5
SH004289,PO002355,E116,V073,2024-04-08,2024-04-10,Delayed,1,1088.16,48
SH004290,PO002355,E017,V087,2024-04-10,2024-04-10,Delivered,2,105.57,3
SH004291,PO003177,E088,V007,2026-01-25,2026-01-26,Delayed,1,421.58,24
SH004292,PO003177,E120,V061,2026-01-29,2026-01-30,Delivered,2,1372.99,29
SH004293,PO004049,E056,V052,2024-06-12,2024-06-14,Delayed,1,1646.86,51
SH004294,PO004049,E067,V045,2024-06-24,2024-06-25,Delivered,2,1111.75,24
SH004295,PO001300,E050,V085,2024-06-24,2024-06-24,Delayed,1,329.8,12
SH004296,PO001300,E086,V039,2024-06-27,2024-06-28,Delivered,2,894.59,21
SH004297,PO000488,E083,V062,2025-09-24,2025-09-26,Delayed,1,1361.26,44
SH004298,PO000488,E116,V066,2025-10-03,2025-10-03,Delivered,2,230.52,5
SH004299,PO004436,E024,V027,2024-09-30,2024-10-02,Delayed,1,1143.65,46
SH004300,PO004436,E048,V048,2024-10-11,2024-10-12,Delivered,2,980.44,32
SH004301,PO002765,E070,V054,2026-07-12,2026-07-14,Damaged,1,1715.75,58
SH004302,PO002765,E047,V087,2026-07-18,2026-07-19,Delivered,2,1582.07,34
SH004303,PO000895,E022,V013,2025-05-22,2025-05-22,Delayed,1,166.78,5
SH004304,PO000895,E100,V080,2025-05-24,2025-05-25,Damaged,2,577.44,16
SH004305,PO001003,E026,V027,2025-04-05,2025-04-05,Delayed,1,110.52,6
SH004306,PO001003,E015,V042,2025-04-10,2025-04-13,Delivered,2,1655.08,63
SH004307,PO001912,E096,V027,2025-10-25,2025-10-25,Damaged,1,228.97,8
SH004308,PO001912,E052,V030,2025-11-01,2025-11-03,Damaged,2,1613.56,58
SH004309,PO000012,E014,V068,2024-04-29,2024-05-01,Delayed,1,1043.14,45
SH004310,PO000012,E003,V005,2024-05-08,2024-05-08,Delivered,2,129.37,2
SH004311,PO001268,E005,V003,2026-08-09,2026-08-10,Damaged,1,639.93,26
SH004312,PO001268,E066,V064,2026-08-12,2026-08-14,Delivered,2,1750.57,39
SH004313,PO004478,E120,V045,2024-10-18,2024-10-22,Delayed,1,1541.59,89
SH004314,PO004478,E084,V056,2024-10-29,2024-10-31,Damaged,2,637.54,41
SH004315,PO004801,E069,V023,2025-07-18,2025-07-19,Damaged,1,394.23,19
SH004316,PO004801,E061,V045,2025-07-22,2025-07-24,Delivered,2,1336.68,45
SH004317,PO001177,E103,V063,2024-05-28,2024-05-30,Damaged,1,1082.43,40
SH004318,PO001177,E042,V005,2024-06-06,2024-06-09,Damaged,2,1391.81,65
SH004319,PO003365,E002,V059,2025-03-01,2025-03-02,Damaged,1,367.66,15
SH004320,PO003365,E072,V061,2025-03-13,2025-03-14,Delivered,2,408.56,13
SH004321,PO003247,E097,V058,2024-09-23,2024-09-25,Damaged,1,1344.55,51
SH004322,PO003247,E061,V042,2024-10-02,2024-10-03,Delivered,2,730.7,24
SH004323,PO004560,E091,V009,2024-08-31,2024-08-31,Damaged,1,175.31,9
SH004324,PO004560,E019,V074,2024-09-05,2024-09-07,Delivered,2,1442.01,45
SH004325,PO000997,E025,V082,2024-09-05,2024-09-07,Damaged,1,1338.28,40
SH004326,PO000997,E107,V003,2024-09-08,2024-09-10,Delivered,2,1386.17,46
SH004327,PO000058,E002,V051,2025-11-09,2025-11-10,Damaged,1,608.06,28
SH004328,PO000058,E010,V066,2025-11-11,2025-11-11,Delivered,2,71.43,2
SH004329,PO000928,E080,V079,2024-03-29,2024-03-31,Delayed,1,1422.34,39
SH004330,PO000928,E114,V074,2024-04-07,2024-04-08,Delivered,2,1440.01,24
SH004331,PO003983,E008,V014,2026-01-10,2026-01-11,Damaged,1,279.73,15
SH004332,PO003983,E106,V012,2026-01-21,2026-01-21,Delivered,2,419.75,10
SH004333,PO000369,E019,V082,2026-07-18,2026-07-19,Delayed,1,1042.21,32
SH004334,PO000369,E082,V057,2026-07-25,2026-07-26,Delivered,2,1624.42,31
SH004335,PO004169,E105,V056,2025-10-09,2025-10-11,Delayed,1,1586.08,58
SH004336,PO004169,E059,V071,2025-10-11,2025-10-11,Delivered,2,138.74,3
SH004337,PO004617,E010,V089,2026-03-23,2026-03-27,Damaged,1,1764.9,84
SH004338,PO004617,E004,V036,2026-03-25,2026-03-26,Delivered,2,1453.64,27
SH004339,PO003929,E105,V071,2025-08-30,2025-09-01,Damaged,1,1272.36,46
SH004340,PO003929,E085,V028,2025-09-09,2025-09-11,Delivered,2,1797.34,54
SH004341,PO001198,E066,V067,2024-05-11,2024-05-16,Damaged,1,1675.25,121
SH004342,PO001198,E086,V086,2024-05-19,2024-05-19,Delivered,2,138.81,5
SH004343,PO002206,E087,V090,2025-01-30,2025-02-01,Damaged,1,1488.01,60
SH004344,PO002206,E058,V089,2025-02-01,2025-02-01,Delivered,2,202.89,4
SH004345,PO004700,E087,V049,2025-12-17,2025-12-19,Delayed,1,967.42,57
SH004346,PO004700,E106,V023,2025-12-21,2025-12-22,Delivered,2,1120.3,21
SH004347,PO001867,E111,V065,2025-10-24,2025-10-26,Delayed,1,996.0,46
SH004348,PO001867,E006,V060,2025-10-27,2025-10-28,Delivered,2,1317.23,24
SH004349,PO000153,E025,V066,2024-01-24,2024-01-26,Damaged,1,886.84,48
SH004350,PO000153,E076,V045,2024-02-01,2024-02-02,Delivered,2,1090.68,21
SH004351,PO000636,E015,V015,2025-03-30,2025-03-30,Damaged,1,127.99,6
SH004352,PO000636,E012,V025,2025-04-11,2025-04-13,Delivered,2,1673.31,54
SH004353,PO001114,E050,V057,2025-03-16,2025-03-18,Damaged,1,1537.09,52
SH004354,PO001114,E098,V048,2025-03-27,2025-03-28,Delivered,2,437.94,13
SH004355,PO004746,E012,V002,2024-11-03,2024-11-06,Delayed,1,1300.78,68
SH004356,PO004746,E063,V012,2024-11-12,2024-11-13,Damaged,2,524.48,20
SH004357,PO000056,E111,V039,2025-11-22,2025-11-23,Damaged,1,707.98,18
SH004358,PO000056,E110,V006,2025-11-27,2025-11-28,Delivered,2,728.89,14
SH004359,PO003971,E109,V037,2024-11-26,2024-11-27,Damaged,1,703.66,23
SH004360,PO003971,E107,V038,2024-11-30,2024-12-01,Delivered,2,980.5,29
SH004361,PO004438,E082,V071,2024-05-22,2024-05-25,Delayed,1,1266.93,67
SH004362,PO004438,E071,V047,2024-05-29,2024-05-31,Delivered,2,1360.64,44
SH004363,PO004236,E059,V083,2024-12-09,2024-12-13,Damaged,1,1633.32,87
SH004364,PO004236,E085,V005,2024-12-20,2024-12-22,Damaged,2,1306.12,55
SH004365,PO004638,E001,V081,2024-03-11,2024-03-13,Damaged,1,1304.31,49
SH004366,PO004638,E060,V069,2024-03-15,2024-03-15,Delivered,2,142.46,4
SH004367,PO003597,E013,V061,2025-10-20,2025-10-22,Delayed,1,1004.48,40
SH004368,PO003597,E051,V066,2025-10-27,2025-10-29,Delivered,2,1541.65,58
SH004369,PO004231,E041,V080,2026-05-22,2026-05-23,Damaged,1,680.54,19
SH004370,PO004231,E019,V082,2026-06-01,2026-06-02,Delivered,2,1340.46,35
SH004371,PO002661,E088,V075,2025-12-20,2025-12-21,Delayed,1,1218.55,34
SH004372,PO002661,E112,V075,2025-12-30,2025-12-31,Delivered,2,984.68,18
SH004373,PO003488,E019,V074,2024-07-26,2024-07-27,Damaged,1,1343.29,32
SH004374,PO003488,E085,V002,2024-08-01,2024-08-02,Delivered,2,1230.91,31
SH004375,PO004061,E085,V048,2024-02-12,2024-02-14,Damaged,1,1400.48,53
SH004376,PO004061,E052,V017,2024-02-21,2024-02-22,Delivered,2,1365.6,35
SH004377,PO004573,E099,V016,2024-05-06,2024-05-10,Delayed,1,1792.18,88
SH004378,PO004573,E095,V005,2024-05-09,2024-05-10,Delivered,2,968.89,33
SH004379,PO004464,E047,V047,2024-07-29,2024-08-01,Damaged,1,1786.36,63
SH004380,PO004464,E059,V020,2024-08-04,2024-08-06,Delivered,2,1070.88,38
SH004381,PO002522,E057,V078,2024-12-29,2024-12-31,Delayed,1,1520.41,57
SH004382,PO002522,E050,V077,2025-01-09,2025-01-10,Delivered,2,1226.14,23
SH004383,PO002855,E079,V034,2024-06-07,2024-06-10,Delayed,1,1340.46,66
SH004384,PO002855,E006,V005,2024-06-18,2024-06-18,Delivered,2,442.09,12
SH004385,PO004244,E008,V022,2026-01-19,2026-01-20,Damaged,1,834.27,27
SH004386,PO004244,E102,V048,2026-01-22,2026-01-24,Damaged,2,1162.79,56
SH004387,PO003446,E020,V060,2026-03-08,2026-03-10,Delayed,1,920.6,44
SH004388,PO003446,E095,V086,2026-03-17,2026-03-18,Damaged,2,782.17,28
SH004389,PO000094,E068,V043,2025-04-21,2025-04-23,Damaged,1,750.04,47
SH004390,PO000094,E084,V055,2025-04-26,2025-04-30,Damaged,2,1489.2,102
SH004391,PO000903,E020,V074,2026-07-06,2026-07-09,Damaged,1,1188.75,67
SH004392,PO000903,E034,V027,2026-07-18,2026-07-19,Delivered,2,1127.05,35
SH004393,PO003533,E020,V070,2024-05-29,2024-05-31,Damaged,1,984.0,41
SH004394,PO003533,E040,V020,2024-06-02,2024-06-02,Delivered,2,98.5,3
SH004395,PO002842,E104,V074,2025-05-29,2025-06-02,Damaged,1,1783.24,87
SH004396,PO002842,E006,V017,2025-06-01,2025-06-01,Delivered,2,225.39,8
SH004397,PO002714,E050,V087,2026-06-21,2026-06-21,Damaged,1,194.55,8
SH004398,PO002714,E089,V020,2026-06-23,2026-06-24,Delivered,2,1312.47,29
SH004399,PO003640,E023,V054,2026-03-18,2026-03-20,Damaged,1,1546.42,56
SH004400,PO003640,E100,V006,2026-03-30,2026-03-31,Damaged,2,572.38,26
SH004401,PO003822,E034,V035,2026-01-16,2026-01-20,Damaged,1,1705.02,101
SH004402,PO003822,E039,V036,2026-01-24,2026-01-24,Delivered,2,144.42,6
SH004403,PO001176,E058,V068,2025-09-01,2025-09-03,Delayed,1,1509.16,45
SH004404,PO001176,E045,V070,2025-09-04,2025-09-04,Delivered,2,473.38,9
SH004405,PO001161,E024,V031,2025-07-21,2025-07-22,Damaged,1,359.85,15
SH004406,PO001161,E011,V014,2025-07-31,2025-07-31,Delivered,2,297.57,7
SH004407,PO002537,E085,V003,2025-09-22,2025-09-23,Delayed,1,348.89,13
SH004408,PO002537,E093,V028,2025-09-24,2025-09-26,Delivered,2,1734.82,39
SH004409,PO003558,E068,V024,2024-02-22,2024-02-24,Delayed,1,1469.43,42
SH004410,PO003558,E031,V018,2024-03-04,2024-03-05,Delivered,2,660.9,14
SH004411,PO003964,E043,V019,2026-01-22,2026-01-23,Delayed,1,647.13,33
SH004412,PO003964,E007,V035,2026-02-01,2026-02-01,Delivered,2,404.32,9
SH004413,PO004332,E089,V066,2026-05-30,2026-05-31,Delayed,1,475.82,18
SH004414,PO004332,E025,V089,2026-06-08,2026-06-09,Delivered,2,1190.2,33
SH004415,PO004057,E091,V053,2024-02-21,2024-02-24,Delayed,1,1553.03,83
SH004416,PO004057,E026,V055,2024-02-23,2024-02-24,Delivered,2,1626.62,35
SH004417,PO003746,E113,V005,2026-05-19,2026-05-20,Damaged,1,576.97,18
SH004418,PO003746,E028,V068,2026-05-30,2026-05-31,Delivered,2,1383.89,19
SH004419,PO002778,E090,V048,2026-01-18,2026-01-18,Damaged,1,307.76,12
SH004420,PO002778,E086,V044,2026-01-30,2026-01-31,Delivered,2,1054.27,21
SH004421,PO002727,E038,V032,2025-02-04,2025-02-06,Delayed,1,1307.1,47
SH004422,PO002727,E004,V016,2025-02-06,2025-02-06,Delivered,2,273.36,6
SH004423,PO002091,E066,V021,2025-05-23,2025-05-25,Damaged,1,1528.49,57
SH004424,PO002091,E108,V085,2025-06-02,2025-06-02,Delivered,2,98.15,3
SH004425,PO002874,E063,V019,2026-06-06,2026-06-09,Delayed,1,1447.3,75
SH004426,PO002874,E091,V047,2026-06-10,2026-06-12,Damaged,2,1607.34,54
SH004427,PO000711,E100,V021,2026-06-09,2026-06-13,Delayed,1,1558.93,89
SH004428,PO000711,E043,V075,2026-06-12,2026-06-12,Delivered,2,238.5,5
SH004429,PO003914,E057,V077,2025-02-10,2025-02-11,Delayed,1,1216.9,22
SH004430,PO003914,E055,V082,2025-02-21,2025-02-22,Delivered,2,986.13,18
SH004431,PO003719,E026,V001,2026-07-11,2026-07-12,Delayed,1,989.05,34
SH004432,PO003719,E059,V061,2026-07-23,2026-07-25,Damaged,2,1163.18,56
SH004433,PO004389,E084,V083,2025-06-30,2025-07-03,Delayed,1,1135.89,73
SH004434,PO004389,E046,V001,2025-07-08,2025-07-08,Delivered,2,442.91,11
SH004435,PO002110,E079,V015,2024-06-17,2024-06-18,Damaged,1,893.17,31
SH004436,PO002110,E095,V083,2024-06-29,2024-06-29,Delivered,2,81.97,2
SH004437,PO001784,E060,V060,2026-08-05,2026-08-07,Delayed,1,1088.05,58
SH004438,PO001784,E115,V072,2026-08-12,2026-08-12,Delivered,2,515.03,12
SH004439,PO002334,E007,V060,2025-03-29,2025-04-02,Damaged,1,1637.45,91
SH004440,PO002334,E024,V011,2025-04-07,2025-04-08,Delivered,2,968.43,23
SH004441,PO003316,E008,V087,2026-02-13,2026-02-17,Damaged,1,1657.2,89
SH004442,PO003316,E025,V045,2026-02-22,2026-02-23,Damaged,2,323.52,13
SH004443,PO004129,E080,V033,2025-12-27,2025-12-27,Delayed,1,181.93,5
SH004444,PO004129,E075,V060,2025-12-30,2026-01-01,Delivered,2,1026.6,37
SH004445,PO001100,E071,V071,2024-07-22,2024-07-24,Damaged,1,1553.04,44
SH004446,PO001100,E104,V019,2024-08-03,2024-08-05,Damaged,2,1115.9,57
SH004447,PO003443,E069,V029,2026-03-12,2026-03-14,Damaged,1,1323.12,59
SH004448,PO003443,E087,V022,2026-03-24,2026-03-25,Delivered,2,505.31,14
SH004449,PO003581,E051,V083,2024-07-07,2024-07-10,Delayed,1,1625.98,62
SH004450,PO003581,E057,V013,2024-07-15,2024-07-16,Delivered,2,1596.96,27
SH004451,PO001411,E103,V015,2026-08-06,2026-08-10,Delayed,1,1219.02,86
SH004452,PO001411,E069,V075,2026-08-12,2026-08-14,Delivered,2,1700.14,44
SH004453,PO004879,E096,V011,2024-09-12,2024-09-12,Damaged,1,119.75,3
SH004454,PO004879,E081,V036,2024-09-19,2024-09-20,Delivered,2,711.04,20
SH004455,PO001959,E048,V072,2025-01-21,2025-01-22,Damaged,1,471.68,19
SH004456,PO001959,E096,V037,2025-01-31,2025-02-01,Delivered,2,971.75,18
SH004457,PO001110,E014,V064,2024-08-08,2024-08-09,Damaged,1,864.3,20
SH004458,PO001110,E061,V074,2024-08-16,2024-08-18,Delivered,2,1465.83,38
SH004459,PO000201,E062,V009,2024-04-17,2024-04-19,Damaged,1,1100.0,40
SH004460,PO000201,E101,V034,2024-04-22,2024-04-24,Delivered,2,1617.62,45
SH004461,PO002484,E007,V025,2026-01-09,2026-01-10,Delayed,1,514.93,22
SH004462,PO002484,E087,V014,2026-01-13,2026-01-14,Delivered,2,1187.69,20
SH004463,PO001136,E021,V033,2025-04-08,2025-04-10,Damaged,1,1586.84,52
SH004464,PO001136,E024,V062,2025-04-17,2025-04-18,Delivered,2,1459.12,22
SH004465,PO004640,E069,V033,2024-02-07,2024-02-07,Delayed,1,277.57,7
SH004466,PO004640,E051,V062,2024-02-16,2024-02-18,Delivered,2,1347.72,39
SH004467,PO002954,E042,V018,2026-04-13,2026-04-15,Damaged,1,1429.74,46
SH004468,PO002954,E069,V043,2026-04-21,2026-04-22,Damaged,2,1000.37,32
SH004469,PO000353,E014,V066,2026-07-28,2026-07-29,Delayed,1,442.76,20
SH004470,PO000353,E088,V036,2026-08-08,2026-08-10,Delivered,2,1429.43,39
SH004471,PO000475,E095,V049,2026-03-19,2026-03-19,Damaged,1,84.76,3
SH004472,PO000475,E095,V012,2026-03-29,2026-03-30,Delivered,2,722.67,18
SH004473,PO002706,E064,V068,2026-03-10,2026-03-13,Delayed,1,1595.72,79
SH004474,PO002706,E065,V087,2026-03-16,2026-03-18,Delivered,2,1638.64,43
SH004475,PO002136,E096,V052,2024-10-30,2024-10-31,Damaged,1,715.57,20
SH004476,PO002136,E103,V089,2024-11-08,2024-11-10,Delivered,2,1769.36,39
SH004477,PO001598,E004,V062,2025-10-26,2025-10-29,Damaged,1,1289.67,66
SH004478,PO001598,E009,V068,2025-11-07,2025-11-09,Delivered,2,1229.28,43
SH004479,PO004183,E004,V065,2024-06-11,2024-06-13,Delayed,1,1294.42,60
SH004480,PO004183,E011,V010,2024-06-18,2024-06-20,Delivered,2,1571.8,38
SH004481,PO002651,E011,V001,2025-12-12,2025-12-15,Delayed,1,1641.27,61
SH004482,PO002651,E113,V066,2025-12-20,2025-12-21,Delivered,2,877.24,16
SH004483,PO002084,E042,V085,2024-10-27,2024-10-28,Damaged,1,434.16,19
SH004484,PO002084,E059,V013,2024-11-03,2024-11-03,Damaged,2,63.14,2
SH004485,PO001763,E097,V026,2025-11-26,2025-11-27,Delayed,1,569.62,33
SH004486,PO001763,E039,V066,2025-12-08,2025-12-08,Delivered,2,392.85,10
SH004487,PO002018,E051,V032,2026-05-17,2026-05-18,Damaged,1,666.04,22
SH004488,PO002018,E047,V008,2026-05-25,2026-05-25,Delivered,2,379.65,8
SH004489,PO004992,E010,V087,2024-06-08,2024-06-09,Delayed,1,646.73,32
SH004490,PO004992,E012,V079,2024-06-11,2024-06-12,Delivered,2,896.78,21
SH004491,PO001377,E098,V021,2026-02-17,2026-02-18,Delayed,1,652.12,31
SH004492,PO001377,E034,V012,2026-02-19,2026-02-21,Damaged,2,1638.74,46
SH004493,PO004904,E100,V028,2026-02-14,2026-02-14,Damaged,1,260.95,12
SH004494,PO004904,E013,V010,2026-02-17,2026-02-18,Delivered,2,1520.28,34
SH004495,PO002230,E061,V044,2025-07-07,2025-07-08,Delayed,1,789.88,34
SH004496,PO002230,E020,V081,2025-07-16,2025-07-18,Delivered,2,1788.47,45
SH004497,PO004042,E036,V069,2024-07-31,2024-07-31,Delayed,1,344.88,10
SH004498,PO004042,E008,V088,2024-08-03,2024-08-04,Delivered,2,1152.53,25
SH004499,PO000665,E073,V023,2025-01-16,2025-01-16,Damaged,1,54.82,3
SH004500,PO000665,E105,V076,2025-01-18,2025-01-19,Delivered,2,604.01,15
SH004501,PO001451,E036,V062,2024-04-28,2024-04-30,Delayed,1,769.78,38
SH004502,PO001451,E052,V024,2024-05-02,2024-05-04,Damaged,2,1702.28,48
SH004503,PO004427,E104,V082,2026-04-07,2026-04-09,Damaged,1,1559.17,37
SH004504,PO004427,E070,V085,2026-04-13,2026-04-15,Delivered,2,1567.78,45
SH004505,PO002279,E060,V065,2026-06-24,2026-06-25,Delayed,1,281.37,15
SH004506,PO002279,E093,V050,2026-06-29,2026-07-01,Delivered,2,1101.81,37
SH004507,PO000647,E013,V071,2024-05-30,2024-05-31,Damaged,1,881.45,33
SH004508,PO000647,E016,V008,2024-06-05,2024-06-06,Delivered,2,804.37,27
SH004509,PO000766,E074,V018,2025-10-18,2025-10-20,Delayed,1,1660.54,53
SH004510,PO000766,E016,V002,2025-10-26,2025-10-27,Delivered,2,1776.08,35
SH004511,PO003308,E066,V062,2024-09-07,2024-09-08,Damaged,1,590.69,18
SH004512,PO003308,E040,V076,2024-09-11,2024-09-12,Delivered,2,654.32,19
SH004513,PO004111,E067,V032,2024-01-18,2024-01-18,Damaged,1,279.09,12
SH004514,PO004111,E067,V029,2024-01-28,2024-01-28,Delivered,2,174.56,4
SH004515,PO002345,E087,V069,2026-07-13,2026-07-15,Damaged,1,1651.02,57
SH004516,PO002345,E047,V062,2026-07-24,2026-07-25,Delivered,2,625.71,21
SH004517,PO003920,E082,V018,2025-04-09,2025-04-10,Delayed,1,771.44,19
SH004518,PO003920,E087,V059,2025-04-12,2025-04-13,Delivered,2,1284.53,21
SH004519,PO002452,E021,V025,2025-08-17,2025-08-20,Damaged,1,1130.14,61
SH004520,PO002452,E011,V032,2025-08-25,2025-08-25,Delivered,2,438.72,9
SH004521,PO000737,E042,V058,2025-04-25,2025-04-27,Damaged,1,937.91,37
SH004522,PO000737,E084,V018,2025-04-28,2025-04-29,Delivered,2,926.91,21
SH004523,PO004037,E072,V046,2025-06-28,2025-06-29,Damaged,1,453.83,24
SH004524,PO004037,E089,V034,2025-07-06,2025-07-07,Delivered,2,1284.97,32
SH004525,PO001372,E004,V080,2024-07-04,2024-07-06,Delayed,1,860.62,41
SH004526,PO001372,E040,V014,2024-07-07,2024-07-08,Delivered,2,765.73,15
SH004527,PO003317,E111,V068,2026-01-23,2026-01-23,Delayed,1,332.31,10
SH004528,PO003317,E031,V085,2026-01-30,2026-01-31,Delivered,2,1019.74,27
SH004529,PO000188,E079,V025,2024-07-16,2024-07-18,Damaged,1,1369.05,38
SH004530,PO000188,E044,V023,2024-07-20,2024-07-20,Delivered,2,227.19,4
SH004531,PO003844,E115,V056,2024-12-17,2024-12-20,Delayed,1,1047.28,63
SH004532,PO003844,E004,V070,2024-12-19,2024-12-20,Delivered,2,764.49,14
SH004533,PO001729,E021,V043,2025-09-25,2025-09-27,Damaged,1,870.04,37
SH004534,PO001729,E043,V066,2025-10-06,2025-10-08,Delivered,2,1503.96,56
SH004535,PO004128,E047,V074,2026-04-29,2026-04-30,Delayed,1,382.96,15
SH004536,PO004128,E102,V049,2026-05-04,2026-05-04,Delivered,2,496.43,8
SH004537,PO001459,E072,V027,2025-01-07,2025-01-09,Delayed,1,743.96,50
SH004538,PO001459,E092,V023,2025-01-17,2025-01-18,Delivered,2,1067.35,26
SH004539,PO000232,E035,V039,2024-02-06,2024-02-07,Damaged,1,1735.86,34
SH004540,PO000232,E117,V083,2024-02-09,2024-02-10,Delivered,2,1292.45,27
SH004541,PO001587,E002,V046,2025-02-22,2025-02-24,Damaged,1,1582.07,60
SH004542,PO001587,E081,V052,2025-02-25,2025-02-26,Delivered,2,1146.68,33
SH004543,PO000813,E005,V060,2026-03-07,2026-03-09,Delayed,1,1576.76,57
SH004544,PO000813,E084,V074,2026-03-14,2026-03-16,Delivered,2,1521.73,45
SH004545,PO001805,E031,V052,2026-02-05,2026-02-05,Delayed,1,42.85,3
SH004546,PO001805,E027,V060,2026-02-17,2026-02-17,Damaged,2,141.12,5
SH004547,PO001046,E111,V005,2024-09-24,2024-09-24,Damaged,1,154.27,5
SH004548,PO001046,E102,V009,2024-10-04,2024-10-04,Delivered,2,118.65,2
SH004549,PO003738,E100,V022,2026-08-08,2026-08-09,Damaged,1,1182.68,35
SH004550,PO003738,E016,V060,2026-08-12,2026-08-12,Delivered,2,138.27,3
SH004551,PO001573,E064,V087,2025-07-21,2025-07-23,Damaged,1,1551.98,45
SH004552,PO001573,E102,V064,2025-07-27,2025-07-29,Delivered,2,1758.43,55
SH004553,PO000407,E072,V082,2026-05-23,2026-05-24,Delayed,1,970.01,34
SH004554,PO000407,E056,V041,2026-06-01,2026-06-01,Delivered,2,134.47,5
SH004555,PO001096,E048,V038,2024-07-18,2024-07-22,Damaged,1,1758.21,102
SH004556,PO001096,E093,V054,2024-07-20,2024-07-20,Delivered,2,264.24,4
SH004557,PO001360,E033,V035,2024-03-13,2024-03-15,Damaged,1,1452.09,47
SH004558,PO001360,E084,V071,2024-03-19,2024-03-19,Delivered,2,590.5,12
SH004559,PO002942,E018,V043,2025-05-22,2025-05-24,Delayed,1,1427.04,60
SH004560,PO002942,E048,V012,2025-05-28,2025-05-29,Damaged,2,1059.83,32
SH004561,PO004646,E101,V072,2025-09-29,2025-09-30,Damaged,1,515.91,28
SH004562,PO004646,E012,V011,2025-10-03,2025-10-04,Delivered,2,325.41,13
SH004563,PO002862,E108,V044,2024-12-19,2024-12-19,Delayed,1,289.2,10
SH004564,PO002862,E115,V084,2024-12-22,2024-12-24,Delivered,2,1719.27,39
SH004565,PO000743,E052,V085,2025-01-04,2025-01-04,Damaged,1,343.94,10
SH004566,PO000743,E106,V082,2025-01-14,2025-01-15,Delivered,2,619.02,20
SH004567,PO001476,E105,V084,2024-03-16,2024-03-17,Delayed,1,324.53,14
SH004568,PO001476,E044,V036,2024-03-18,2024-03-19,Damaged,2,859.48,23
SH004569,PO001585,E048,V036,2026-05-30,2026-05-31,Delayed,1,608.61,18
SH004570,PO001585,E068,V080,2026-06-03,2026-06-04,Damaged,2,485.67,15
SH004571,PO004186,E087,V085,2024-04-12,2024-04-12,Delayed,1,53.66,1
SH004572,PO004186,E003,V015,2024-04-20,2024-04-20,Delivered,2,552.82,12
SH004573,PO003928,E006,V010,2025-12-28,2025-12-29,Damaged,1,692.68,27
SH004574,PO003928,E118,V059,2026-01-08,2026-01-09,Delivered,2,1065.69,23
SH004575,PO000022,E012,V034,2025-08-03,2025-08-06,Damaged,1,1599.49,71
SH004576,PO000022,E011,V090,2025-08-08,2025-08-08,Delivered,2,117.16,3
SH004577,PO004505,E061,V072,2025-06-12,2025-06-14,Damaged,1,918.68,57
SH004578,PO004505,E016,V011,2025-06-19,2025-06-20,Damaged,2,826.64,27
SH004579,PO004742,E046,V014,2026-07-06,2026-07-08,Damaged,1,1107.37,41
SH004580,PO004742,E082,V054,2026-07-09,2026-07-11,Delivered,2,1401.56,45
SH004581,PO004914,E060,V060,2024-03-23,2024-03-23,Delayed,1,202.03,7
SH004582,PO004914,E078,V088,2024-03-28,2024-03-30,Delivered,2,1280.52,38
SH004583,PO002375,E022,V040,2025-03-02,2025-03-03,Damaged,1,361.35,21
SH004584,PO002375,E069,V078,2025-03-12,2025-03-13,Delivered,2,1104.26,26
SH004585,PO002217,E022,V001,2025-12-21,2025-12-22,Delayed,1,390.37,19
SH004586,PO002217,E027,V022,2025-12-27,2025-12-28,Delivered,2,998.12,23
SH004587,PO002222,E077,V057,2025-12-02,2025-12-03,Delayed,1,482.02,18
SH004588,PO002222,E045,V061,2025-12-07,2025-12-07,Delivered,2,366.74,11
SH004589,PO000551,E011,V004,2024-03-29,2024-04-01,Damaged,1,1725.99,77
SH004590,PO000551,E005,V022,2024-04-09,2024-04-11,Damaged,2,1359.27,36
SH004591,PO002278,E116,V007,2024-07-18,2024-07-20,Delayed,1,1063.8,40
SH004592,PO002278,E035,V056,2024-07-27,2024-07-28,Delivered,2,1290.11,33
SH004593,PO003046,E116,V023,2025-07-06,2025-07-08,Delayed,1,1542.41,49
SH004594,PO003046,E089,V020,2025-07-09,2025-07-10,Delivered,2,1196.33,28
SH004595,PO002404,E091,V063,2024-10-31,2024-11-02,Delayed,1,1722.86,56
SH004596,PO002404,E084,V009,2024-11-12,2024-11-14,Delivered,2,1334.61,41
SH004597,PO004099,E072,V034,2024-11-02,2024-11-02,Delayed,1,319.43,9
SH004598,PO004099,E020,V084,2024-11-07,2024-11-09,Delivered,2,1694.64,36
SH004599,PO004572,E096,V047,2025-01-25,2025-01-28,Delayed,1,1557.77,65
SH004600,PO004572,E060,V066,2025-02-06,2025-02-07,Delivered,2,330.89,13
SH004601,PO002405,E023,V021,2024-11-20,2024-11-21,Damaged,1,1398.04,34
SH004602,PO002405,E006,V083,2024-11-26,2024-11-27,Delivered,2,848.05,16
SH004603,PO004710,E028,V002,2025-08-17,2025-08-19,Delayed,1,906.68,38
SH004604,PO004710,E003,V080,2025-08-27,2025-08-28,Delivered,2,1530.02,22
SH004605,PO003715,E050,V016,2025-02-27,2025-03-01,Damaged,1,850.5,43
SH004606,PO003715,E104,V087,2025-03-01,2025-03-04,Delivered,2,1748.25,74
SH004607,PO003935,E117,V030,2024-09-09,2024-09-10,Delayed,1,1036.01,24
SH004608,PO003935,E044,V005,2024-09-14,2024-09-16,Delivered,2,1658.09,46
SH004609,PO000431,E048,V054,2026-06-03,2026-06-05,Delayed,1,982.81,40
SH004610,PO000431,E085,V015,2026-06-10,2026-06-13,Delivered,2,1763.3,69
SH004611,PO004895,E085,V002,2024-03-09,2024-03-09,Delayed,1,271.93,12
SH004612,PO004895,E014,V027,2024-03-13,2024-03-15,Delivered,2,1008.22,40
SH004613,PO003984,E067,V002,2025-10-29,2025-11-01,Damaged,1,1314.05,67
SH004614,PO003984,E111,V042,2025-11-03,2025-11-03,Delivered,2,427.56,9
SH004615,PO003566,E049,V061,2024-03-27,2024-03-30,Damaged,1,1506.08,76
SH004616,PO003566,E048,V024,2024-03-29,2024-03-30,Damaged,2,402.6,17
SH004617,PO002099,E028,V015,2026-02-09,2026-02-11,Delayed,1,720.1,45
SH004618,PO002099,E110,V027,2026-02-14,2026-02-16,Delivered,2,1662.64,51
SH004619,PO000842,E051,V083,2024-03-21,2024-03-23,Damaged,1,1378.36,50
SH004620,PO000842,E030,V090,2024-03-28,2024-03-30,Delivered,2,1288.99,36
SH004621,PO004125,E020,V025,2025-04-02,2025-04-03,Delayed,1,870.84,30
SH004622,PO004125,E043,V060,2025-04-04,2025-04-04,Delivered,2,528.93,12
SH004623,PO002104,E093,V081,2026-02-16,2026-02-17,Damaged,1,868.94,23
SH004624,PO002104,E113,V042,2026-02-19,2026-02-20,Delivered,2,919.03,15
SH004625,PO002596,E077,V049,2025-05-03,2025-05-03,Delayed,1,260.37,7
SH004626,PO002596,E086,V022,2025-05-07,2025-05-10,Damaged,2,1708.49,69
SH004627,PO002180,E011,V028,2025-04-24,2025-04-24,Delayed,1,54.68,3
SH004628,PO002180,E119,V053,2025-04-28,2025-04-29,Delivered,2,942.41,24
SH004629,PO004740,E097,V045,2026-01-21,2026-01-23,Delayed,1,1413.65,48
SH004630,PO004740,E035,V062,2026-01-27,2026-01-28,Delivered,2,1544.0,25
SH004631,PO003951,E083,V066,2024-07-01,2024-07-02,Delayed,1,607.7,20
SH004632,PO003951,E011,V089,2024-07-08,2024-07-10,Delivered,2,1312.41,39
SH004633,PO004689,E086,V088,2024-08-15,2024-08-17,Damaged,1,1194.39,39
SH004634,PO004689,E023,V038,2024-08-19,2024-08-19,Damaged,2,114.49,6
SH004635,PO004678,E097,V029,2025-02-06,2025-02-07,Damaged,1,1043.03,31
SH004636,PO004678,E032,V085,2025-02-08,2025-02-10,Damaged,2,1388.44,55
SH004637,PO001249,E083,V013,2024-10-15,2024-10-19,Damaged,1,1759.99,84
SH004638,PO001249,E045,V087,2024-10-18,2024-10-20,Damaged,2,1277.79,44
SH004639,PO001006,E067,V017,2025-05-06,2025-05-07,Delayed,1,530.84,26
SH004640,PO001006,E033,V089,2025-05-13,2025-05-13,Delivered,2,316.54,8
SH004641,PO001319,E100,V073,2024-02-18,2024-02-19,Damaged,1,728.05,25
SH004642,PO001319,E083,V066,2024-02-23,2024-02-24,Delivered,2,920.33,21
SH004643,PO000041,E017,V068,2025-05-25,2025-05-26,Delayed,1,226.41,13
SH004644,PO000041,E107,V026,2025-05-29,2025-05-30,Delivered,2,914.64,30
SH004645,PO002473,E010,V082,2024-10-15,2024-10-16,Delayed,1,727.81,24
SH004646,PO002473,E081,V036,2024-10-17,2024-10-19,Damaged,2,1028.57,39
SH004647,PO004348,E114,V007,2025-11-01,2025-11-03,Delayed,1,1080.3,55
SH004648,PO004348,E083,V039,2025-11-12,2025-11-12,Delivered,2,223.31,3
SH004649,PO004859,E018,V005,2025-03-21,2025-03-23,Damaged,1,1180.11,41
SH004650,PO004859,E039,V064,2025-03-26,2025-03-27,Delivered,2,628.17,21
SH004651,PO000849,E008,V047,2026-08-12,2026-08-13,Damaged,1,812.64,16
SH004652,PO000849,E072,V008,2026-08-12,2026-08-15,Damaged,2,1678.62,79
SH004653,PO004063,E051,V003,2026-07-10,2026-07-12,Delayed,1,1353.53,38
SH004654,PO004063,E041,V076,2026-07-20,2026-07-21,Delivered,2,1359.61,29
SH004655,PO001647,E115,V087,2024-07-05,2024-07-07,Damaged,1,983.38,38
SH004656,PO001647,E046,V031,2024-07-11,2024-07-12,Delivered,2,571.75,17
SH004657,PO002270,E021,V070,2026-01-28,2026-01-29,Damaged,1,996.17,23
SH004658,PO002270,E107,V058,2026-01-31,2026-02-01,Delivered,2,694.66,13
SH004659,PO001905,E077,V016,2025-07-02,2025-07-04,Damaged,1,1768.38,54
SH004660,PO001905,E014,V064,2025-07-10,2025-07-12,Damaged,2,1258.54,47
SH004661,PO004397,E057,V087,2026-08-08,2026-08-10,Delayed,1,1273.13,51
SH004662,PO004397,E022,V059,2026-08-12,2026-08-13,Delivered,2,784.32,27
SH004663,PO000287,E104,V047,2024-09-23,2024-09-23,Damaged,1,133.46,7
SH004664,PO000287,E093,V021,2024-10-01,2024-10-03,Delivered,2,1574.83,41
SH004665,PO001708,E023,V086,2024-05-23,2024-05-26,Damaged,1,1537.22,63
SH004666,PO001708,E078,V008,2024-06-04,2024-06-05,Delivered,2,951.34,28
SH004667,PO000442,E051,V022,2025-07-23,2025-07-24,Delayed,1,996.47,27
SH004668,PO000442,E066,V071,2025-07-27,2025-07-29,Delivered,2,1620.18,36
SH004669,PO003423,E032,V043,2026-03-14,2026-03-15,Damaged,1,399.37,14
SH004670,PO003423,E098,V003,2026-03-24,2026-03-25,Delivered,2,750.3,24
SH004671,PO002395,E013,V074,2025-11-06,2025-11-07,Delayed,1,657.48,30
SH004672,PO002395,E033,V087,2025-11-18,2025-11-19,Delivered,2,1602.18,35
SH004673,PO003648,E008,V026,2024-04-28,2024-05-01,Damaged,1,1676.6,72
SH004674,PO003648,E077,V042,2024-05-03,2024-05-03,Delivered,2,212.38,4
SH004675,PO004793,E067,V027,2025-06-07,2025-06-08,Damaged,1,469.98,14
SH004676,PO004793,E016,V089,2025-06-15,2025-06-16,Delivered,2,1005.19,27
SH004677,PO004816,E104,V035,2025-08-31,2025-09-01,Damaged,1,476.42,19
SH004678,PO004816,E110,V037,2025-09-04,2025-09-04,Delivered,2,93.22,2
SH004679,PO001553,E120,V061,2025-06-04,2025-06-05,Delayed,1,783.28,25
SH004680,PO001553,E005,V080,2025-06-12,2025-06-14,Delivered,2,1477.39,49
SH004681,PO004649,E014,V073,2025-11-15,2025-11-16,Delayed,1,401.98,17
SH004682,PO004649,E025,V046,2025-11-20,2025-11-21,Delivered,2,1182.51,33
SH004683,PO002820,E086,V066,2024-04-07,2024-04-08,Delayed,1,580.84,21
SH004684,PO002820,E100,V049,2024-04-15,2024-04-16,Delivered,2,476.68,16
SH004685,PO001711,E088,V001,2025-04-06,2025-04-07,Damaged,1,392.9,15
SH004686,PO001711,E032,V071,2025-04-12,2025-04-14,Damaged,2,831.64,49
SH004687,PO004923,E045,V077,2025-04-09,2025-04-11,Delayed,1,1076.42,53
SH004688,PO004923,E103,V058,2025-04-16,2025-04-18,Delivered,2,1343.46,36
SH004689,PO001353,E043,V069,2026-06-05,2026-06-05,Damaged,1,186.41,9
SH004690,PO001353,E012,V062,2026-06-15,2026-06-17,Delivered,2,1741.72,47
SH004691,PO001326,E020,V057,2025-12-07,2025-12-08,Damaged,1,823.47,26
SH004692,PO001326,E071,V018,2025-12-09,2025-12-10,Damaged,2,821.31,29
SH004693,PO004241,E031,V065,2026-06-19,2026-06-19,Damaged,1,86.35,3
SH004694,PO004241,E004,V044,2026-06-27,2026-06-28,Damaged,2,386.65,14
SH004695,PO001520,E042,V039,2024-10-31,2024-11-01,Damaged,1,630.06,15
SH004696,PO001520,E085,V035,2024-11-06,2024-11-07,Damaged,2,688.14,19
SH004697,PO000559,E030,V065,2026-05-30,2026-06-03,Delayed,1,1412.92,91
SH004698,PO000559,E090,V003,2026-06-02,2026-06-03,Delivered,2,682.13,25
SH004699,PO002761,E028,V047,2024-06-27,2024-06-29,Damaged,1,1399.28,45
SH004700,PO002761,E069,V065,2024-07-04,2024-07-05,Delivered,2,1218.25,23
SH004701,PO004376,E003,V058,2026-05-27,2026-05-28,Delayed,1,426.91,31
SH004702,PO004376,E044,V086,2026-06-06,2026-06-06,Delivered,2,305.46,10
SH004703,PO002332,E036,V021,2024-04-25,2024-04-26,Damaged,1,391.04,19
SH004704,PO002332,E105,V051,2024-04-30,2024-05-01,Delivered,2,787.86,29
SH004705,PO000790,E118,V027,2025-07-27,2025-07-30,Delayed,1,1250.85,65
SH004706,PO000790,E105,V043,2025-08-07,2025-08-08,Delivered,2,844.0,31
SH004707,PO002574,E027,V086,2025-04-16,2025-04-18,Damaged,1,1236.48,46
SH004708,PO002574,E003,V014,2025-04-19,2025-04-19,Delivered,2,591.37,12
SH004709,PO003117,E042,V081,2025-12-12,2025-12-16,Damaged,1,1063.06,89
SH004710,PO003117,E101,V018,2025-12-22,2025-12-23,Delivered,2,537.54,20
SH004711,PO004794,E055,V018,2024-02-11,2024-02-12,Damaged,1,849.47,24
SH004712,PO004794,E117,V059,2024-02-23,2024-02-23,Delivered,2,223.39,6
SH004713,PO001575,E117,V045,2025-10-19,2025-10-21,Damaged,1,1204.49,43
SH004714,PO001575,E102,V083,2025-10-30,2025-10-30,Delivered,2,196.01,4
SH004715,PO000186,E038,V002,2024-01-19,2024-01-22,Delayed,1,1674.19,61
SH004716,PO000186,E114,V075,2024-01-22,2024-01-23,Delivered,2,749.02,22
SH004717,PO000064,E090,V086,2025-05-02,2025-05-04,Delayed,1,1064.7,43
SH004718,PO000064,E052,V016,2025-05-13,2025-05-14,Delivered,2,810.72,25
SH004719,PO004423,E012,V077,2024-10-17,2024-10-18,Damaged,1,886.04,23
SH004720,PO004423,E101,V039,2024-10-29,2024-10-29,Delivered,2,301.26,6
SH004721,PO000312,E031,V075,2025-01-06,2025-01-09,Delayed,1,1125.9,61
SH004722,PO000312,E102,V042,2025-01-13,2025-01-14,Delivered,2,1402.52,35
SH004723,PO003588,E112,V003,2025-09-02,2025-09-04,Damaged,1,1084.89,59
SH004724,PO003588,E093,V027,2025-09-11,2025-09-11,Damaged,2,135.26,6
SH004725,PO004729,E035,V054,2024-06-01,2024-06-01,Delayed,1,49.39,1
SH004726,PO004729,E100,V068,2024-06-10,2024-06-11,Delivered,2,525.4,15
SH004727,PO001278,E089,V073,2024-06-04,2024-06-04,Delayed,1,247.67,11
SH004728,PO001278,E075,V045,2024-06-08,2024-06-08,Delivered,2,361.49,8
SH004729,PO003912,E054,V040,2024-09-30,2024-10-01,Delayed,1,496.29,22
SH004730,PO003912,E105,V027,2024-10-12,2024-10-13,Delivered,2,477.88,14
SH004731,PO001018,E117,V068,2025-06-21,2025-06-21,Delayed,1,380.95,10
SH004732,PO001018,E103,V059,2025-06-29,2025-06-29,Delivered,2,278.26,7
SH004733,PO000318,E103,V033,2024-10-22,2024-10-24,Damaged,1,958.52,40
SH004734,PO000318,E021,V001,2024-11-01,2024-11-02,Delivered,2,627.96,15
SH004735,PO003034,E021,V026,2026-01-17,2026-01-20,Delayed,1,1377.53,72
SH004736,PO003034,E070,V029,2026-01-20,2026-01-22,Delivered,2,1511.79,41
SH004737,PO002175,E080,V026,2025-08-14,2025-08-14,Damaged,1,57.07,3
SH004738,PO002175,E009,V058,2025-08-18,2025-08-18,Delivered,2,317.48,11
SH004739,PO003659,E083,V001,2025-08-06,2025-08-07,Damaged,1,920.47,23
SH004740,PO003659,E002,V014,2025-08-17,2025-08-18,Delivered,2,691.62,18
SH004741,PO001683,E005,V037,2024-05-10,2024-05-11,Delayed,1,560.7,24
SH004742,PO001683,E074,V025,2024-05-13,2024-05-13,Delivered,2,51.27,1
SH004743,PO001506,E076,V043,2024-02-16,2024-02-19,Damaged,1,1248.17,77
SH004744,PO001506,E012,V055,2024-02-20,2024-02-21,Delivered,2,875.45,29
SH004745,PO004317,E073,V070,2024-06-26,2024-06-28,Delayed,1,986.2,56
SH004746,PO004317,E032,V028,2024-07-06,2024-07-06,Damaged,2,78.9,3
SH004747,PO003646,E016,V072,2025-10-23,2025-10-25,Damaged,1,1265.32,54
SH004748,PO003646,E043,V030,2025-10-25,2025-10-27,Delivered,2,1075.38,41
SH004749,PO000060,E117,V070,2024-12-07,2024-12-09,Damaged,1,1220.46,38
SH004750,PO000060,E013,V076,2024-12-16,2024-12-16,Delivered,2,104.93,3
SH004751,PO001234,E028,V046,2024-03-31,2024-03-31,Delayed,1,166.97,6
SH004752,PO001234,E074,V067,2024-04-08,2024-04-08,Delivered,2,376.97,11
SH004753,PO004444,E002,V066,2026-01-22,2026-01-24,Delayed,1,1581.75,53
SH004754,PO004444,E073,V003,2026-02-03,2026-02-04,Delivered,2,1000.35,20
SH004755,PO002005,E108,V032,2026-08-12,2026-08-13,Delayed,1,521.32,21
SH004756,PO002005,E006,V053,2026-08-12,2026-08-12,Delivered,2,218.35,5
SH004757,PO001909,E007,V014,2026-03-09,2026-03-10,Delayed,1,1074.73,35
SH004758,PO001909,E075,V066,2026-03-13,2026-03-14,Delivered,2,627.67,19
SH004759,PO002168,E081,V014,2024-06-20,2024-06-20,Damaged,1,274.56,6
SH004760,PO002168,E077,V027,2024-06-30,2024-07-01,Delivered,2,942.95,16
SH004761,PO002071,E034,V060,2024-04-08,2024-04-09,Delayed,1,415.75,25
SH004762,PO002071,E067,V033,2024-04-13,2024-04-14,Delivered,2,933.43,18
SH004763,PO000197,E038,V027,2024-11-09,2024-11-11,Delayed,1,1066.89,55
SH004764,PO000197,E045,V062,2024-11-17,2024-11-19,Delivered,2,1368.54,36
SH004765,PO003985,E069,V005,2025-12-24,2025-12-25,Damaged,1,562.41,19
SH004766,PO003985,E015,V042,2025-12-29,2025-12-29,Delivered,2,89.39,2
SH004767,PO001548,E073,V059,2024-12-29,2024-12-30,Damaged,1,384.46,13
SH004768,PO001548,E047,V068,2025-01-08,2025-01-08,Delivered,2,89.58,2
SH004769,PO002749,E031,V051,2025-05-11,2025-05-13,Delayed,1,1244.49,44
SH004770,PO002749,E034,V087,2025-05-23,2025-05-23,Delivered,2,69.16,2
SH004771,PO001301,E067,V035,2025-12-11,2025-12-13,Delayed,1,1093.36,37
SH004772,PO001301,E024,V032,2025-12-21,2025-12-23,Delivered,2,1754.51,44
SH004773,PO003076,E045,V062,2024-02-11,2024-02-13,Delayed,1,1563.36,43
SH004774,PO003076,E090,V036,2024-02-15,2024-02-17,Delivered,2,1413.79,37
SH004775,PO004682,E061,V016,2024-06-21,2024-06-22,Delayed,1,784.22,29
SH004776,PO004682,E077,V045,2024-06-24,2024-06-25,Delivered,2,622.87,14
SH004777,PO003282,E118,V055,2026-02-25,2026-02-26,Damaged,1,819.79,35
SH004778,PO003282,E035,V085,2026-02-27,2026-02-28,Delivered,2,1627.73,28
SH004779,PO000171,E067,V011,2026-06-16,2026-06-17,Delayed,1,525.29,21
SH004780,PO000171,E074,V018,2026-06-23,2026-06-23,Delivered,2,129.63,2
SH004781,PO003731,E015,V048,2025-03-17,2025-03-19,Delayed,1,1457.56,46
SH004782,PO003731,E118,V031,2025-03-20,2025-03-21,Delivered,2,683.04,16
SH004783,PO004971,E045,V054,2024-02-27,2024-02-29,Damaged,1,812.78,48
SH004784,PO004971,E083,V057,2024-03-09,2024-03-11,Damaged,2,1437.95,58
SH004785,PO004921,E116,V072,2026-01-09,2026-01-12,Damaged,1,1349.74,75
SH004786,PO004921,E001,V079,2026-01-19,2026-01-21,Delivered,2,1441.3,53
SH004787,PO000718,E075,V078,2026-07-05,2026-07-09,Delayed,1,1539.27,88
SH004788,PO000718,E052,V020,2026-07-15,2026-07-17,Delivered,2,1708.32,38
SH004789,PO004917,E017,V025,2024-10-16,2024-10-18,Delayed,1,648.17,36
SH004790,PO004917,E107,V058,2024-10-20,2024-10-21,Delivered,2,766.16,20
SH004791,PO003045,E090,V054,2026-04-13,2026-04-14,Damaged,1,952.32,34
SH004792,PO003045,E069,V035,2026-04-25,2026-04-27,Delivered,2,1591.25,53
SH004793,PO004696,E013,V068,2026-03-12,2026-03-15,Damaged,1,1584.34,75
SH004794,PO004696,E093,V076,2026-03-17,2026-03-19,Delivered,2,1466.5,36
SH004795,PO002834,E086,V010,2024-06-14,2024-06-14,Delayed,1,237.26,9
SH004796,PO002834,E115,V053,2024-06-24,2024-06-25,Delivered,2,1086.12,32
SH004797,PO003779,E105,V081,2026-01-22,2026-01-22,Delayed,1,185.06,8
SH004798,PO003779,E052,V032,2026-02-01,2026-02-01,Delivered,2,42.16,1
SH004799,PO003655,E108,V033,2025-02-15,2025-02-17,Delayed,1,1612.15,60
SH004800,PO003655,E020,V015,2025-02-26,2025-02-28,Delivered,2,1360.4,37
SH004801,PO004104,E107,V030,2024-05-29,2024-05-30,Delayed,1,489.24,20
SH004802,PO004104,E026,V068,2024-06-04,2024-06-05,Delivered,2,441.36,14
SH004803,PO001073,E104,V017,2025-02-01,2025-02-04,Damaged,1,1344.69,67
SH004804,PO001073,E050,V027,2025-02-06,2025-02-06,Delivered,2,365.09,12
SH004805,PO001529,E119,V049,2025-05-21,2025-05-21,Damaged,1,179.97,6
SH004806,PO001529,E077,V013,2025-05-29,2025-05-30,Delivered,2,668.74,16
SH004807,PO000527,E055,V032,2025-02-10,2025-02-15,Damaged,1,1453.17,112
SH004808,PO000527,E083,V047,2025-02-18,2025-02-20,Delivered,2,1167.24,52
SH004809,PO004131,E028,V050,2025-05-19,2025-05-23,Delayed,1,1715.91,88
SH004810,PO004131,E018,V056,2025-05-23,2025-05-24,Delivered,2,1079.13,22
SH004811,PO002741,E045,V034,2026-01-14,2026-01-15,Damaged,1,550.48,16
SH004812,PO002741,E017,V075,2026-01-19,2026-01-20,Delivered,2,845.02,24
SH004813,PO004547,E001,V064,2025-09-28,2025-09-30,Damaged,1,1621.11,59
SH004814,PO004547,E039,V074,2025-10-04,2025-10-06,Damaged,2,1403.81,48
SH004815,PO001021,E088,V054,2026-04-25,2026-04-27,Damaged,1,1121.23,43
SH004816,PO001021,E010,V027,2026-05-07,2026-05-08,Delivered,2,1041.56,17
SH004817,PO002295,E068,V072,2025-04-22,2025-04-25,Damaged,1,1390.28,62
SH004818,PO002295,E019,V046,2025-04-28,2025-04-30,Delivered,2,1619.16,36
SH004819,PO004660,E105,V049,2024-12-07,2024-12-07,Delayed,1,42.58,1
SH004820,PO004660,E035,V022,2024-12-11,2024-12-13,Delivered,2,1686.87,40
SH004821,PO001967,E079,V040,2024-09-10,2024-09-10,Delayed,1,54.24,1
SH004822,PO001967,E029,V036,2024-09-13,2024-09-13,Delivered,2,618.07,10
SH004823,PO002225,E038,V053,2024-07-27,2024-07-31,Delayed,1,1404.36,84
SH004824,PO002225,E041,V066,2024-08-07,2024-08-08,Delivered,2,660.56,27
SH004825,PO004676,E018,V027,2025-11-02,2025-11-04,Damaged,1,986.02,59
SH004826,PO004676,E041,V005,2025-11-09,2025-11-09,Delivered,2,491.71,10
SH004827,PO004051,E035,V009,2026-04-25,2026-04-27,Damaged,1,1029.26,39
SH004828,PO004051,E052,V090,2026-04-30,2026-05-01,Delivered,2,846.87,16
SH004829,PO004092,E056,V067,2026-05-10,2026-05-11,Delayed,1,958.5,22
SH004830,PO004092,E092,V071,2026-05-14,2026-05-15,Delivered,2,1121.57,24
SH004831,PO001671,E031,V066,2024-12-15,2024-12-19,Delayed,1,1657.73,84
SH004832,PO001671,E003,V056,2024-12-18,2024-12-18,Delivered,2,309.41,6
SH004833,PO004025,E068,V072,2024-06-16,2024-06-17,Damaged,1,320.93,13
SH004834,PO004025,E088,V007,2024-06-26,2024-06-27,Delivered,2,1429.24,33
SH004835,PO002546,E042,V057,2025-05-19,2025-05-20,Damaged,1,934.26,31
SH004836,PO002546,E058,V011,2025-05-26,2025-05-27,Delivered,2,593.53,18
SH004837,PO001456,E006,V078,2026-04-27,2026-04-30,Damaged,1,1695.01,75
SH004838,PO001456,E059,V047,2026-05-06,2026-05-07,Delivered,2,867.36,21
SH004839,PO003257,E011,V039,2026-01-14,2026-01-17,Delayed,1,1232.24,70
SH004840,PO003257,E082,V019,2026-01-26,2026-01-27,Delivered,2,572.62,17
SH004841,PO000706,E009,V003,2026-03-16,2026-03-19,Damaged,1,1269.66,63
SH004842,PO000706,E047,V036,2026-03-25,2026-03-26,Delivered,2,1249.06,17
SH004843,PO002826,E049,V079,2026-03-09,2026-03-10,Delayed,1,386.94,20
SH004844,PO002826,E035,V018,2026-03-19,2026-03-19,Delivered,2,90.28,2
SH004845,PO004977,E106,V037,2025-10-10,2025-10-12,Delayed,1,1548.94,56
SH004846,PO004977,E090,V052,2025-10-21,2025-10-22,Delivered,2,705.91,14
SH004847,PO003850,E022,V021,2025-04-05,2025-04-07,Damaged,1,706.56,39
SH004848,PO003850,E088,V001,2025-04-13,2025-04-13,Damaged,2,177.69,11
SH004849,PO003397,E079,V070,2024-01-17,2024-01-19,Delayed,1,1225.33,54
SH004850,PO003397,E034,V082,2024-01-29,2024-01-29,Delivered,2,109.95,2
SH004851,PO000699,E074,V046,2024-08-16,2024-08-18,Damaged,1,1776.08,60
SH004852,PO000699,E064,V037,2024-08-28,2024-08-28,Delivered,2,268.09,6
SH004853,PO001908,E103,V037,2025-11-16,2025-11-18,Delayed,1,1450.98,42
SH004854,PO001908,E051,V067,2025-11-28,2025-11-28,Delivered,2,224.02,6
SH004855,PO003604,E118,V040,2025-11-09,2025-11-09,Damaged,1,285.98,11
SH004856,PO003604,E078,V088,2025-11-19,2025-11-20,Delivered,2,1026.86,24
SH004857,PO001311,E051,V071,2024-03-25,2024-03-27,Delayed,1,1091.59,52
SH004858,PO001311,E050,V009,2024-04-02,2024-04-03,Delivered,2,1147.83,32
SH004859,PO002229,E079,V037,2025-09-22,2025-09-24,Damaged,1,823.7,36
SH004860,PO002229,E049,V029,2025-09-30,2025-10-02,Damaged,2,1151.87,37
SH004861,PO001200,E014,V062,2024-03-16,2024-03-16,Damaged,1,92.07,5
SH004862,PO001200,E081,V087,2024-03-26,2024-03-27,Delivered,2,1356.89,32
SH004863,PO004580,E017,V044,2024-09-01,2024-09-04,Delayed,1,1792.74,61
SH004864,PO004580,E095,V088,2024-09-03,2024-09-04,Delivered,2,1243.05,22
SH004865,PO002511,E065,V001,2026-07-15,2026-07-16,Damaged,1,658.33,20
SH004866,PO002511,E074,V013,2026-07-27,2026-07-29,Damaged,2,1133.86,58
SH004867,PO004420,E033,V075,2025-12-16,2025-12-19,Delayed,1,1638.56,78
SH004868,PO004420,E055,V033,2025-12-23,2025-12-26,Damaged,2,1447.22,67
SH004869,PO000872,E100,V038,2025-03-02,2025-03-03,Delayed,1,852.33,20
SH004870,PO000872,E001,V037,2025-03-05,2025-03-07,Delivered,2,1625.39,44
SH004871,PO003570,E097,V081,2025-12-14,2025-12-15,Damaged,1,830.0,30
SH004872,PO003570,E031,V026,2025-12-23,2025-12-24,Delivered,2,1646.97,22
SH004873,PO000577,E070,V066,2026-05-18,2026-05-18,Delayed,1,175.7,5
SH004874,PO000577,E023,V007,2026-05-30,2026-05-31,Delivered,2,1129.23,24
SH004875,PO002538,E034,V039,2025-10-14,2025-10-14,Damaged,1,68.43,1
SH004876,PO002538,E113,V067,2025-10-25,2025-10-26,Damaged,2,417.29,17
SH004877,PO004607,E085,V056,2024-04-24,2024-04-27,Damaged,1,1737.85,77
SH004878,PO004607,E041,V013,2024-04-29,2024-04-30,Damaged,2,594.77,26
SH004879,PO002354,E030,V059,2024-08-02,2024-08-04,Damaged,1,1100.77,39
SH004880,PO002354,E071,V082,2024-08-10,2024-08-10,Delivered,2,533.65,10
SH004881,PO001887,E045,V020,2025-12-21,2025-12-24,Damaged,1,1442.08,66
SH004882,PO001887,E073,V002,2025-12-28,2025-12-28,Delivered,2,250.07,9
SH004883,PO004668,E058,V049,2024-03-03,2024-03-04,Delayed,1,681.9,24
SH004884,PO004668,E035,V060,2024-03-08,2024-03-08,Damaged,2,281.39,8
SH004885,PO000686,E041,V028,2024-05-06,2024-05-08,Delayed,1,1245.88,50
SH004886,PO000686,E014,V088,2024-05-17,2024-05-18,Delivered,2,881.91,24
SH004887,PO000943,E100,V061,2025-12-20,2025-12-23,Damaged,1,1258.17,64
SH004888,PO000943,E001,V002,2025-12-30,2025-12-30,Delivered,2,116.81,2
SH004889,PO004869,E067,V059,2026-02-10,2026-02-11,Damaged,1,1133.13,28
SH004890,PO004869,E068,V057,2026-02-12,2026-02-12,Delivered,2,355.45,6
SH004891,PO002613,E089,V039,2024-06-22,2024-06-25,Delayed,1,1764.53,63
SH004892,PO002613,E080,V070,2024-06-26,2024-06-30,Damaged,2,1593.42,89
SH004893,PO003943,E036,V049,2024-06-02,2024-06-04,Damaged,1,780.8,38
SH004894,PO003943,E117,V001,2024-06-04,2024-06-04,Delivered,2,53.06,2
SH004895,PO002631,E105,V035,2026-04-25,2026-04-25,Damaged,1,268.97,9
SH004896,PO002631,E057,V046,2026-05-05,2026-05-07,Delivered,2,1788.01,40
SH004897,PO003136,E066,V017,2026-05-17,2026-05-21,Delayed,1,1678.86,94
SH004898,PO003136,E119,V033,2026-05-23,2026-05-24,Delivered,2,464.07,15
SH004899,PO001779,E027,V012,2024-08-16,2024-08-17,Delayed,1,962.64,32
SH004900,PO001779,E093,V057,2024-08-24,2024-08-27,Damaged,2,1788.49,79
SH004901,PO001847,E009,V040,2026-07-21,2026-07-23,Damaged,1,1041.27,47
SH004902,PO001847,E108,V035,2026-07-28,2026-07-28,Delivered,2,176.83,3
SH004903,PO001872,E115,V044,2025-07-08,2025-07-11,Delayed,1,1333.83,63
SH004904,PO001872,E014,V082,2025-07-12,2025-07-12,Delivered,2,278.93,9
SH004905,PO003246,E020,V020,2026-01-24,2026-01-27,Damaged,1,1271.69,64
SH004906,PO003246,E014,V059,2026-02-02,2026-02-03,Delivered,2,691.19,14
SH004907,PO003841,E065,V010,2026-06-28,2026-06-29,Damaged,1,1169.52,28
SH004908,PO003841,E035,V041,2026-07-01,2026-07-03,Damaged,2,1707.21,50
SH004909,PO003388,E041,V072,2026-01-18,2026-01-19,Delayed,1,1218.95,31
SH004910,PO003388,E004,V002,2026-01-28,2026-01-29,Delivered,2,647.12,16
SH004911,PO000414,E003,V011,2025-02-20,2025-02-22,Damaged,1,1227.43,53
SH004912,PO000414,E113,V058,2025-03-04,2025-03-06,Delivered,2,1437.9,53
SH004913,PO001383,E049,V071,2024-08-09,2024-08-11,Delayed,1,884.62,42
SH004914,PO001383,E020,V077,2024-08-11,2024-08-11,Delivered,2,532.25,12
SH004915,PO001361,E071,V089,2025-08-19,2025-08-21,Damaged,1,1797.36,44
SH004916,PO001361,E107,V050,2025-08-22,2025-08-22,Delivered,2,308.21,8
SH004917,PO003408,E005,V060,2025-01-03,2025-01-04,Delayed,1,594.39,19
SH004918,PO003408,E016,V052,2025-01-05,2025-01-05,Delivered,2,185.07,4
SH004919,PO001574,E047,V046,2024-10-12,2024-10-14,Damaged,1,1455.28,49
SH004920,PO001574,E063,V035,2024-10-16,2024-10-17,Delivered,2,1249.71,26
SH004921,PO004002,E029,V086,2025-11-03,2025-11-05,Damaged,1,1059.35,47
SH004922,PO004002,E001,V067,2025-11-08,2025-11-09,Delivered,2,794.72,28
SH004923,PO000424,E033,V073,2024-07-27,2024-07-28,Delayed,1,453.82,22
SH004924,PO000424,E024,V080,2024-08-08,2024-08-10,Delivered,2,1518.8,48
SH004925,PO002943,E019,V063,2026-03-28,2026-03-30,Delayed,1,1288.11,56
SH004926,PO002943,E026,V085,2026-04-09,2026-04-10,Damaged,2,722.92,26
SH004927,PO000298,E016,V049,2024-05-15,2024-05-17,Delayed,1,844.67,37
SH004928,PO000298,E018,V040,2024-05-24,2024-05-24,Damaged,2,436.58,12
SH004929,PO001674,E018,V079,2026-02-23,2026-02-24,Damaged,1,476.64,15
SH004930,PO001674,E065,V088,2026-02-25,2026-02-26,Delivered,2,1624.35,24
SH004931,PO002800,E107,V066,2024-04-12,2024-04-13,Delayed,1,336.55,18
SH004932,PO002800,E005,V052,2024-04-20,2024-04-21,Delivered,2,965.71,20
SH004933,PO004294,E074,V016,2026-08-10,2026-08-11,Damaged,1,762.87,21
SH004934,PO004294,E093,V007,2026-08-12,2026-08-12,Delivered,2,100.19,2
SH004935,PO000090,E043,V041,2026-07-05,2026-07-05,Delayed,1,308.3,11
SH004936,PO000090,E074,V032,2026-07-16,2026-07-17,Delivered,2,1101.22,23
SH004937,PO003444,E087,V028,2025-04-20,2025-04-20,Delayed,1,129.74,5
SH004938,PO003444,E039,V026,2025-04-30,2025-05-01,Delivered,2,1093.68,25
SH004939,PO003998,E017,V090,2025-11-09,2025-11-10,Delayed,1,320.54,13
SH004940,PO003998,E068,V080,2025-11-15,2025-11-15,Delivered,2,378.35,8
SH004941,PO000734,E081,V075,2026-05-24,2026-05-25,Damaged,1,1210.33,35
SH004942,PO000734,E093,V019,2026-05-26,2026-05-29,Damaged,2,1049.07,63
SH004943,PO002889,E107,V078,2026-04-02,2026-04-04,Damaged,1,1276.65,51
SH004944,PO002889,E048,V040,2026-04-13,2026-04-14,Delivered,2,908.43,22
SH004945,PO003455,E115,V068,2025-01-04,2025-01-04,Damaged,1,200.81,9
SH004946,PO003455,E059,V033,2025-01-06,2025-01-08,Damaged,2,1277.51,57
SH004947,PO000975,E077,V088,2026-01-25,2026-01-26,Damaged,1,904.41,32
SH004948,PO000975,E067,V001,2026-01-29,2026-01-30,Delivered,2,974.96,32
SH004949,PO004920,E079,V084,2025-06-25,2025-06-26,Damaged,1,706.68,34
SH004950,PO004920,E113,V019,2025-07-04,2025-07-05,Delivered,2,405.35,13
SH004951,PO003498,E101,V007,2025-10-25,2025-10-25,Delayed,1,386.57,12
SH004952,PO003498,E014,V014,2025-10-28,2025-10-29,Delivered,2,1522.32,34
SH004953,PO003252,E013,V045,2025-08-05,2025-08-06,Delayed,1,536.21,30
SH004954,PO003252,E105,V051,2025-08-16,2025-08-16,Delivered,2,135.42,3
SH004955,PO001322,E021,V071,2026-04-27,2026-04-27,Delayed,1,335.57,10
SH004956,PO001322,E054,V045,2026-05-04,2026-05-04,Damaged,2,136.83,4
SH004957,PO000068,E113,V042,2026-02-07,2026-02-09,Delayed,1,1078.77,46
SH004958,PO000068,E057,V046,2026-02-15,2026-02-16,Delivered,2,975.96,26
SH004959,PO004604,E101,V037,2026-01-12,2026-01-12,Damaged,1,50.77,2
SH004960,PO004604,E108,V052,2026-01-19,2026-01-19,Delivered,2,264.24,9
SH004961,PO004432,E086,V044,2024-03-31,2024-04-04,Damaged,1,1516.13,90
SH004962,PO004432,E107,V073,2024-04-11,2024-04-12,Delivered,2,649.33,21
SH004963,PO004864,E049,V085,2026-03-15,2026-03-17,Damaged,1,535.37,37
SH004964,PO004864,E076,V074,2026-03-22,2026-03-22,Delivered,2,218.26,8
SH004965,PO004576,E015,V071,2025-01-29,2025-01-29,Delayed,1,44.64,1
SH004966,PO004576,E005,V033,2025-02-06,2025-02-06,Delivered,2,540.03,10
SH004967,PO003861,E087,V065,2025-11-20,2025-11-22,Delayed,1,1068.07,53
SH004968,PO003861,E101,V068,2025-11-22,2025-11-23,Delivered,2,668.3,15
SH004969,PO004803,E001,V029,2026-08-08,2026-08-10,Delayed,1,1564.79,59
SH004970,PO004803,E082,V008,2026-08-12,2026-08-13,Delivered,2,576.24,16
SH004971,PO001037,E107,V084,2024-02-08,2024-02-08,Delayed,1,311.86,9
SH004972,PO001037,E101,V071,2024-02-11,2024-02-11,Delivered,2,173.88,3
SH004973,PO003840,E046,V069,2026-05-06,2026-05-07,Delayed,1,565.36,21
SH004974,PO003840,E013,V083,2026-05-18,2026-05-18,Delivered,2,203.84,5
SH004975,PO000183,E080,V077,2025-08-14,2025-08-15,Damaged,1,839.85,32
SH004976,PO000183,E085,V084,2025-08-22,2025-08-22,Delivered,2,333.64,9
SH004977,PO002125,E069,V052,2025-03-21,2025-03-22,Delayed,1,619.65,35
SH004978,PO002125,E051,V060,2025-03-27,2025-03-28,Delivered,2,1076.48,32
SH004979,PO001635,E100,V062,2024-08-17,2024-08-18,Damaged,1,407.85,21
SH004980,PO001635,E070,V023,2024-08-27,2024-08-28,Delivered,2,1003.72,21
SH004981,PO003192,E062,V008,2024-04-19,2024-04-20,Delayed,1,301.04,14
SH004982,PO003192,E084,V064,2024-04-30,2024-04-30,Delivered,2,176.77,5
SH004983,PO003991,E023,V069,2026-08-05,2026-08-06,Damaged,1,346.82,15
SH004984,PO003991,E031,V044,2026-08-09,2026-08-10,Delivered,2,776.99,18
SH004985,PO003765,E036,V034,2025-06-11,2025-06-12,Damaged,1,1002.47,26
SH004986,PO003765,E074,V001,2025-06-17,2025-06-17,Delivered,2,721.9,12
SH004987,PO001754,E032,V057,2025-12-20,2025-12-21,Delayed,1,935.91,35
SH004988,PO001754,E116,V057,2025-12-23,2025-12-24,Delivered,2,918.72,22
SH004989,PO001381,E045,V072,2025-12-28,2025-12-30,Damaged,1,1214.74,41
SH004990,PO001381,E026,V036,2026-01-03,2026-01-03,Delivered,2,508.76,12
SH004991,PO002717,E065,V075,2025-12-08,2025-12-10,Delayed,1,1307.51,45
SH004992,PO002717,E103,V076,2025-12-18,2025-12-18,Delivered,2,542.65,9
SH004993,PO001501,E003,V001,2024-06-20,2024-06-21,Damaged,1,1069.61,32
SH004994,PO001501,E007,V031,2024-06-29,2024-07-01,Delivered,2,1282.45,41
SH004995,PO001565,E053,V011,2025-05-06,2025-05-08,Delayed,1,1351.94,58
SH004996,PO001565,E003,V053,2025-05-14,2025-05-15,Delivered,2,767.65,19
SH004997,PO004944,E032,V047,2024-11-07,2024-11-10,Damaged,1,1488.99,74
SH004998,PO004944,E070,V028,2024-11-15,2024-11-16,Delivered,2,520.05,16
SH004999,PO003075,E074,V029,2026-06-10,2026-06-14,Delayed,1,1529.52,97
SH005000,PO003075,E062,V023,2026-06-17,2026-06-17,Delivered,2,478.42,12
SH005001,PO003848,E064,V012,2024-04-03,2024-04-05,Damaged,1,1194.65,50
SH005002,PO003848,E119,V027,2024-04-12,2024-04-13,Delivered,2,749.18,14
SH005003,PO003112,E020,V048,2025-03-28,2025-03-30,Damaged,1,1553.47,49
SH005004,PO003112,E048,V060,2025-04-01,2025-04-02,Delivered,2,671.09,15
SH005005,PO001283,E112,V075,2025-02-07,2025-02-08,Delayed,1,976.58,28
SH005006,PO001283,E027,V016,2025-02-15,2025-02-17,Delivered,2,1633.24,38
SH005007,PO001364,E013,V016,2026-05-24,2026-05-25,Delayed,1,938.74,34
SH005008,PO001364,E050,V021,2026-05-30,2026-05-30,Delivered,2,181.85,5
SH005009,PO003837,E101,V051,2024-09-08,2024-09-10,Delayed,1,1669.74,53
SH005010,PO003837,E055,V010,2024-09-10,2024-09-11,Delivered,2,519.91,13
SH005011,PO003671,E084,V059,2024-07-07,2024-07-10,Damaged,1,1255.65,64
SH005012,PO003671,E097,V072,2024-07-16,2024-07-16,Delivered,2,672.92,12
SH005013,PO000704,E108,V079,2026-06-19,2026-06-21,Damaged,1,1631.5,45
SH005014,PO000704,E026,V083,2026-06-26,2026-06-27,Delivered,2,1303.54,26
SH005015,PO000245,E028,V077,2026-05-03,2026-05-03,Damaged,1,277.07,11
SH005016,PO000245,E114,V039,2026-05-13,2026-05-14,Delivered,2,644.6,17
SH005017,PO000827,E073,V022,2024-06-25,2024-06-27,Damaged,1,1175.85,58
SH005018,PO000827,E040,V004,2024-07-05,2024-07-05,Delivered,2,248.93,8
SH005019,PO001102,E120,V076,2026-02-12,2026-02-15,Damaged,1,1794.07,81
SH005020,PO001102,E071,V074,2026-02-16,2026-02-16,Delivered,2,91.26,2
SH005021,PO003114,E021,V015,2024-05-24,2024-05-26,Damaged,1,1364.26,45
SH005022,PO003114,E037,V042,2024-06-03,2024-06-04,Delivered,2,544.23,14
SH005023,PO004542,E102,V089,2026-05-21,2026-05-23,Damaged,1,1529.69,59
SH005024,PO004542,E011,V081,2026-05-24,2026-05-25,Damaged,2,536.06,19
SH005025,PO000655,E110,V045,2025-05-11,2025-05-14,Damaged,1,1673.39,74
SH005026,PO000655,E065,V009,2025-05-18,2025-05-19,Delivered,2,1642.19,24
SH005027,PO004949,E057,V087,2026-03-29,2026-03-29,Delayed,1,301.65,8
SH005028,PO004949,E107,V037,2026-04-03,2026-04-03,Delivered,2,548.99,12
SH005029,PO004152,E087,V057,2024-07-09,2024-07-10,Delayed,1,349.52,22
SH005030,PO004152,E116,V020,2024-07-11,2024-07-13,Delivered,2,1529.15,38
SH005031,PO004887,E003,V072,2024-06-14,2024-06-14,Delayed,1,214.88,9
SH005032,PO004887,E102,V060,2024-06-18,2024-06-21,Delivered,2,1596.35,65
SH005033,PO000874,E026,V079,2025-12-14,2025-12-17,Delayed,1,1335.82,66
SH005034,PO000874,E103,V061,2025-12-18,2025-12-19,Delivered,2,908.21,18
SH005035,PO003340,E051,V018,2024-12-20,2024-12-21,Delayed,1,976.37,35
SH005036,PO003340,E081,V022,2024-12-27,2024-12-29,Delivered,2,1769.45,43
SH005037,PO002891,E003,V020,2025-02-25,2025-02-27,Delayed,1,1370.47,42
SH005038,PO002891,E015,V008,2025-03-04,2025-03-04,Delivered,2,294.26,8
SH005039,PO002378,E072,V077,2025-10-23,2025-10-25,Delayed,1,1481.55,51
SH005040,PO002378,E068,V038,2025-10-28,2025-10-29,Delivered,2,1372.11,29
SH005041,PO003698,E082,V041,2025-07-27,2025-07-27,Damaged,1,239.58,9
SH005042,PO003698,E107,V069,2025-08-05,2025-08-05,Delivered,2,164.08,4
SH005043,PO003745,E087,V031,2025-01-04,2025-01-05,Damaged,1,709.56,33
SH005044,PO003745,E094,V086,2025-01-06,2025-01-08,Delivered,2,1667.09,43
SH005045,PO002234,E064,V050,2024-04-14,2024-04-15,Delayed,1,745.71,23
SH005046,PO002234,E096,V003,2024-04-20,2024-04-21,Delivered,2,546.89,13
SH005047,PO000363,E059,V069,2024-03-04,2024-03-06,Delayed,1,1602.16,57
SH005048,PO000363,E011,V038,2024-03-11,2024-03-12,Delivered,2,1235.85,23
SH005049,PO002371,E004,V082,2024-09-18,2024-09-19,Damaged,1,578.38,33
SH005050,PO002371,E030,V052,2024-09-27,2024-09-29,Damaged,2,730.41,36
SH005051,PO004156,E039,V067,2024-02-22,2024-02-22,Damaged,1,74.08,2
SH005052,PO004156,E120,V067,2024-02-25,2024-02-25,Delivered,2,206.75,4
SH005053,PO000554,E072,V038,2026-01-11,2026-01-13,Delayed,1,1001.15,48
SH005054,PO000554,E033,V040,2026-01-17,2026-01-18,Delivered,2,1293.53,25
SH005055,PO003315,E081,V032,2025-08-27,2025-08-29,Delayed,1,1765.58,60
SH005056,PO003315,E083,V064,2025-08-29,2025-08-30,Delivered,2,1045.69,22
SH005057,PO000380,E119,V066,2025-03-17,2025-03-17,Delayed,1,305.65,12
SH005058,PO000380,E054,V073,2025-03-22,2025-03-22,Delivered,2,416.82,10
SH005059,PO002092,E063,V001,2026-07-10,2026-07-11,Delayed,1,1029.13,31
SH005060,PO002092,E069,V026,2026-07-13,2026-07-13,Delivered,2,598.28,11
SH005061,PO000835,E118,V007,2025-09-10,2025-09-12,Delayed,1,1227.15,44
SH005062,PO000835,E055,V024,2025-09-17,2025-09-17,Delivered,2,167.6,5
SH005063,PO000598,E009,V032,2025-02-07,2025-02-08,Damaged,1,424.72,21
SH005064,PO000598,E002,V086,2025-02-13,2025-02-13,Delivered,2,87.56,2
SH005065,PO003064,E113,V022,2024-01-17,2024-01-18,Delayed,1,323.0,16
SH005066,PO003064,E020,V084,2024-01-28,2024-01-30,Delivered,2,1338.93,37
SH005067,PO002233,E040,V024,2025-03-05,2025-03-06,Delayed,1,525.22,24
SH005068,PO002233,E086,V016,2025-03-15,2025-03-15,Delivered,2,423.52,8
SH005069,PO003999,E081,V074,2025-10-08,2025-10-09,Damaged,1,665.62,27
SH005070,PO003999,E015,V009,2025-10-14,2025-10-15,Delivered,2,535.57,14
SH005071,PO004897,E021,V060,2025-01-03,2025-01-04,Delayed,1,596.96,23
SH005072,PO004897,E075,V057,2025-01-12,2025-01-13,Delivered,2,547.92,18
SH005073,PO000180,E054,V066,2025-01-26,2025-01-27,Delayed,1,609.22,24
SH005074,PO000180,E099,V003,2025-02-05,2025-02-06,Delivered,2,527.37,17
SH005075,PO001497,E054,V083,2026-06-26,2026-07-01,Delayed,1,1668.11,109
SH005076,PO001497,E028,V053,2026-07-02,2026-07-03,Damaged,2,308.81,13
SH005077,PO004097,E118,V080,2024-04-12,2024-04-12,Damaged,1,187.89,9
SH005078,PO004097,E011,V045,2024-04-21,2024-04-23,Delivered,2,1676.55,47
SH005079,PO002156,E062,V033,2026-05-25,2026-05-29,Delayed,1,1669.13,99
SH005080,PO002156,E043,V037,2026-06-06,2026-06-07,Delivered,2,759.05,19
SH005081,PO001725,E041,V015,2024-06-06,2024-06-07,Damaged,1,913.25,27
SH005082,PO001725,E073,V038,2024-06-17,2024-06-20,Damaged,2,1063.45,69
SH005083,PO002745,E052,V006,2025-08-22,2025-08-24,Delayed,1,1355.77,53
SH005084,PO002745,E107,V021,2025-08-27,2025-08-29,Delivered,2,1461.67,38
SH005085,PO003528,E017,V060,2025-01-11,2025-01-12,Damaged,1,1004.23,35
SH005086,PO003528,E109,V088,2025-01-22,2025-01-22,Delivered,2,242.1,7
SH005087,PO002725,E013,V068,2026-05-29,2026-05-29,Delayed,1,269.88,9
SH005088,PO002725,E039,V018,2026-06-08,2026-06-09,Damaged,2,1049.08,31
SH005089,PO000139,E081,V007,2024-04-07,2024-04-08,Delayed,1,397.16,21
SH005090,PO000139,E061,V057,2024-04-11,2024-04-11,Delivered,2,94.87,2
SH005091,PO002729,E087,V064,2025-07-25,2025-07-26,Delayed,1,803.52,21
SH005092,PO002729,E005,V070,2025-08-03,2025-08-04,Delivered,2,1012.09,15
SH005093,PO001125,E038,V014,2024-03-14,2024-03-17,Delayed,1,1179.44,71
SH005094,PO001125,E003,V040,2024-03-21,2024-03-22,Delivered,2,424.02,14
SH005095,PO001519,E004,V002,2026-04-30,2026-04-30,Delayed,1,381.89,12
SH005096,PO001519,E006,V022,2026-05-10,2026-05-12,Damaged,2,1191.38,52
SH005097,PO002353,E076,V048,2024-04-11,2024-04-12,Damaged,1,433.62,28
SH005098,PO002353,E114,V028,2024-04-14,2024-04-14,Delivered,2,181.15,5
SH005099,PO001720,E018,V085,2025-05-25,2025-05-27,Delayed,1,1112.06,41
SH005100,PO001720,E042,V019,2025-06-01,2025-06-02,Delivered,2,714.46,16
SH005101,PO003587,E105,V070,2025-02-14,2025-02-14,Delayed,1,134.02,3
SH005102,PO003587,E005,V084,2025-02-18,2025-02-19,Delivered,2,546.34,15
SH005103,PO002313,E103,V009,2025-09-07,2025-09-08,Damaged,1,624.87,20
SH005104,PO002313,E103,V084,2025-09-11,2025-09-11,Delivered,2,328.79,8
SH005105,PO004271,E085,V052,2024-08-12,2024-08-13,Damaged,1,717.44,31
SH005106,PO004271,E060,V052,2024-08-15,2024-08-16,Delivered,2,765.44,17
SH005107,PO003000,E080,V025,2024-11-04,2024-11-04,Delayed,1,55.98,2
SH005108,PO003000,E101,V084,2024-11-15,2024-11-19,Damaged,2,1481.03,84
SH005109,PO003234,E021,V006,2025-05-28,2025-05-29,Delayed,1,850.55,33
SH005110,PO003234,E051,V045,2025-06-08,2025-06-09,Delivered,2,957.96,32
SH005111,PO004525,E003,V065,2026-04-02,2026-04-03,Delayed,1,726.08,34
SH005112,PO004525,E092,V030,2026-04-05,2026-04-05,Delivered,2,192.68,5
SH005113,PO000733,E028,V031,2025-07-13,2025-07-13,Damaged,1,77.08,3
SH005114,PO000733,E054,V083,2025-07-20,2025-07-20,Delivered,2,296.88,6
SH005115,PO004667,E064,V038,2024-08-30,2024-08-31,Delayed,1,340.04,19
SH005116,PO004667,E034,V019,2024-09-03,2024-09-04,Delivered,2,1482.02,24
SH005117,PO002327,E081,V011,2025-08-12,2025-08-13,Damaged,1,193.91,13
SH005118,PO002327,E100,V017,2025-08-23,2025-08-25,Delivered,2,1734.03,50
SH005119,PO003518,E110,V005,2024-07-02,2024-07-03,Damaged,1,892.83,28
SH005120,PO003518,E094,V049,2024-07-05,2024-07-06,Delivered,2,842.45,23
SH005121,PO002802,E104,V011,2025-06-21,2025-06-23,Delayed,1,1047.28,59
SH005122,PO002802,E005,V040,2025-06-28,2025-06-30,Delivered,2,1567.0,38
SH005123,PO001199,E120,V073,2025-09-04,2025-09-05,Damaged,1,994.05,33
SH005124,PO001199,E004,V042,2025-09-09,2025-09-09,Delivered,2,448.55,12
SH005125,PO001889,E085,V039,2026-03-31,2026-04-02,Damaged,1,797.27,59
SH005126,PO001889,E095,V002,2026-04-04,2026-04-05,Delivered,2,1130.52,31
SH005127,PO001767,E070,V053,2025-03-06,2025-03-07,Damaged,1,739.66,33
SH005128,PO001767,E076,V077,2025-03-15,2025-03-16,Delivered,2,591.9,17
SH005129,PO000216,E036,V041,2024-10-19,2024-10-23,Delayed,1,1603.13,89
SH005130,PO000216,E003,V083,2024-10-25,2024-10-26,Delivered,2,1399.89,27
SH005131,PO002293,E003,V027,2026-08-11,2026-08-13,Delayed,1,970.23,37
SH005132,PO002293,E117,V047,2026-08-12,2026-08-14,Delivered,2,1558.88,45
SH005133,PO001511,E089,V019,2026-05-06,2026-05-07,Delayed,1,753.3,20
SH005134,PO001511,E066,V083,2026-05-11,2026-05-12,Damaged,2,1285.38,24
SH005135,PO001479,E006,V088,2025-03-31,2025-04-02,Delayed,1,824.26,46
SH005136,PO001479,E106,V061,2025-04-09,2025-04-10,Delivered,2,688.91,15
SH005137,PO003363,E009,V078,2024-09-25,2024-09-26,Delayed,1,686.7,28
SH005138,PO003363,E036,V038,2024-09-29,2024-09-30,Delivered,2,527.39,16
SH005139,PO000710,E083,V069,2024-04-26,2024-04-27,Delayed,1,827.76,25
SH005140,PO000710,E032,V086,2024-05-02,2024-05-03,Damaged,2,336.17,17
SH005141,PO001564,E081,V053,2026-05-14,2026-05-16,Delayed,1,758.29,44
SH005142,PO001564,E066,V057,2026-05-20,2026-05-22,Delivered,2,1605.01,49
SH005143,PO001551,E073,V027,2024-07-25,2024-07-27,Delayed,1,1418.7,44
SH005144,PO001551,E016,V063,2024-07-27,2024-07-27,Delivered,2,247.39,5
SH005145,PO002054,E092,V019,2024-04-02,2024-04-03,Delayed,1,1086.87,31
SH005146,PO002054,E064,V048,2024-04-13,2024-04-14,Delivered,2,719.73,17
SH005147,PO003851,E073,V086,2025-05-13,2025-05-14,Delayed,1,1362.65,31
SH005148,PO003851,E040,V062,2025-05-25,2025-05-26,Delivered,2,918.64,19
SH005149,PO001317,E092,V073,2025-02-15,2025-02-18,Delayed,1,1156.57,65
SH005150,PO001317,E052,V054,2025-02-18,2025-02-19,Delivered,2,738.3,18
SH005151,PO003859,E095,V014,2025-08-30,2025-09-01,Delayed,1,1138.9,52
SH005152,PO003859,E039,V001,2025-09-03,2025-09-05,Delivered,2,1654.84,41
SH005153,PO003158,E023,V041,2026-03-04,2026-03-04,Damaged,1,247.29,10
SH005154,PO003158,E037,V004,2026-03-15,2026-03-17,Delivered,2,1585.39,54
SH005155,PO003424,E009,V020,2026-08-12,2026-08-14,Delayed,1,935.72,39
SH005156,PO003424,E008,V086,2026-08-12,2026-08-13,Delivered,2,669.87,18
SH005157,PO003490,E084,V034,2024-11-22,2024-11-22,Delayed,1,89.05,5
SH005158,PO003490,E062,V069,2024-11-25,2024-11-26,Delivered,2,1054.26,35
SH005159,PO001755,E010,V038,2026-06-13,2026-06-15,Delayed,1,1241.04,50
SH005160,PO001755,E119,V040,2026-06-25,2026-06-25,Delivered,2,214.81,3
SH005161,PO004200,E049,V082,2026-08-07,2026-08-10,Damaged,1,1130.53,71
SH005162,PO004200,E020,V043,2026-08-12,2026-08-13,Delivered,2,936.21,27
SH005163,PO001804,E059,V064,2024-07-25,2024-07-25,Damaged,1,91.49,4
SH005164,PO001804,E011,V035,2024-08-02,2024-08-04,Delivered,2,1746.37,36
SH005165,PO004562,E064,V020,2026-04-29,2026-04-30,Delayed,1,769.06,35
SH005166,PO004562,E066,V081,2026-05-01,2026-05-01,Delivered,2,557.14,11
SH005167,PO001134,E005,V018,2025-04-28,2025-04-30,Damaged,1,1009.91,36
SH005168,PO001134,E061,V040,2025-05-07,2025-05-07,Delivered,2,410.57,7
SH005169,PO003094,E030,V035,2025-04-26,2025-04-28,Delayed,1,1165.87,48
SH005170,PO003094,E068,V067,2025-05-06,2025-05-08,Delivered,2,1661.37,38
SH005171,PO001196,E071,V016,2025-11-28,2025-11-30,Damaged,1,1299.41,51
SH005172,PO001196,E107,V072,2025-12-08,2025-12-10,Delivered,2,1251.4,40
SH005173,PO004148,E024,V057,2024-04-05,2024-04-06,Damaged,1,221.6,13
SH005174,PO004148,E096,V045,2024-04-10,2024-04-12,Delivered,2,1539.02,38
SH005175,PO003069,E085,V036,2024-04-09,2024-04-11,Delayed,1,834.0,37
SH005176,PO003069,E111,V075,2024-04-16,2024-04-17,Delivered,2,722.53,22
SH005177,PO001541,E100,V069,2024-02-15,2024-02-15,Damaged,1,311.12,11
SH005178,PO001541,E120,V074,2024-02-24,2024-02-25,Delivered,2,639.93,15
SH005179,PO001634,E013,V014,2024-12-22,2024-12-23,Delayed,1,297.28,13
SH005180,PO001634,E006,V065,2024-12-29,2024-12-31,Delivered,2,1276.6,42
SH005181,PO002330,E016,V016,2025-11-28,2025-11-29,Delayed,1,669.45,23
SH005182,PO002330,E066,V082,2025-12-07,2025-12-09,Delivered,2,1484.6,37
SH005183,PO002648,E113,V064,2025-03-01,2025-03-04,Damaged,1,1644.74,67
SH005184,PO002648,E075,V068,2025-03-04,2025-03-06,Damaged,2,1614.13,57
SH005185,PO004960,E117,V002,2026-03-01,2026-03-03,Delayed,1,676.55,38
SH005186,PO004960,E100,V035,2026-03-11,2026-03-13,Delivered,2,1306.42,43
SH005187,PO002565,E005,V014,2025-08-27,2025-08-27,Delayed,1,114.32,3
SH005188,PO002565,E077,V028,2025-09-06,2025-09-08,Delivered,2,1684.66,41
SH005189,PO001135,E010,V085,2025-12-17,2025-12-18,Delayed,1,557.88,24
SH005190,PO001135,E013,V038,2025-12-20,2025-12-21,Delivered,2,1440.21,32
SH005191,PO004187,E050,V078,2024-01-10,2024-01-10,Damaged,1,102.69,3
SH005192,PO004187,E114,V007,2024-01-21,2024-01-22,Delivered,2,846.93,17
SH005193,PO004820,E081,V013,2026-07-31,2026-07-31,Delayed,1,186.15,9
SH005194,PO004820,E034,V066,2026-08-05,2026-08-05,Delivered,2,86.97,2
SH005195,PO001559,E045,V052,2024-01-13,2024-01-14,Delayed,1,539.96,23
SH005196,PO001559,E054,V004,2024-01-19,2024-01-20,Damaged,2,555.77,21
SH005197,PO002697,E092,V072,2025-09-30,2025-10-02,Damaged,1,1719.76,58
SH005198,PO002697,E037,V069,2025-10-11,2025-10-12,Delivered,2,1286.13,27
SH005199,PO001208,E100,V058,2024-07-01,2024-07-01,Delayed,1,104.11,3
SH005200,PO001208,E094,V028,2024-07-06,2024-07-07,Delivered,2,1197.27,24
SH005201,PO000970,E069,V043,2024-07-19,2024-07-20,Delayed,1,929.52,33
SH005202,PO000970,E100,V041,2024-07-25,2024-07-25,Delivered,2,301.98,6
SH005203,PO001420,E112,V053,2026-04-29,2026-04-30,Damaged,1,600.86,35
SH005204,PO001420,E108,V087,2026-05-10,2026-05-10,Delivered,2,325.15,9
SH005205,PO003410,E100,V008,2026-01-20,2026-01-20,Delayed,1,91.44,4
SH005206,PO003410,E044,V050,2026-02-01,2026-02-05,Damaged,2,1753.58,90
SH005207,PO001579,E053,V078,2024-03-24,2024-03-26,Damaged,1,1351.15,47
SH005208,PO001579,E004,V011,2024-03-30,2024-03-31,Delivered,2,1147.84,25
SH005209,PO003846,E016,V030,2024-11-25,2024-11-25,Delayed,1,267.05,7
SH005210,PO003846,E029,V074,2024-11-27,2024-11-29,Delivered,2,1479.93,38
SH005211,PO002388,E094,V052,2024-10-24,2024-10-25,Delayed,1,833.33,30
SH005212,PO002388,E071,V086,2024-10-26,2024-10-26,Delivered,2,504.55,11
SH005213,PO003941,E005,V023,2025-12-05,2025-12-09,Delayed,1,1469.03,94
SH005214,PO003941,E029,V068,2025-12-16,2025-12-16,Delivered,2,126.35,3
SH005215,PO000129,E050,V010,2024-07-26,2024-07-27,Damaged,1,361.81,15
SH005216,PO000129,E095,V059,2024-07-30,2024-07-31,Delivered,2,660.64,18
SH005217,PO004113,E011,V028,2025-01-21,2025-01-21,Delayed,1,297.08,12
SH005218,PO004113,E016,V069,2025-01-31,2025-02-02,Delivered,2,1589.99,39
SH005219,PO001472,E059,V049,2026-04-26,2026-04-30,Damaged,1,1293.08,97
SH005220,PO001472,E109,V049,2026-05-05,2026-05-07,Delivered,2,1600.37,41
SH005221,PO003095,E031,V058,2025-02-03,2025-02-05,Delayed,1,1337.54,53
SH005222,PO003095,E090,V086,2025-02-08,2025-02-08,Delivered,2,236.28,6
SH005223,PO003926,E085,V016,2024-02-12,2024-02-13,Damaged,1,411.56,23
SH005224,PO003926,E100,V039,2024-02-21,2024-02-23,Delivered,2,1597.46,38
SH005225,PO003130,E092,V012,2024-05-17,2024-05-19,Delayed,1,1786.37,55
SH005226,PO003130,E009,V071,2024-05-28,2024-05-30,Damaged,2,1449.52,46
SH005227,PO002201,E065,V002,2024-04-25,2024-04-27,Delayed,1,1323.04,45
SH005228,PO002201,E085,V001,2024-04-27,2024-04-27,Delivered,2,463.56,11
SH005229,PO003029,E017,V026,2025-05-17,2025-05-20,Damaged,1,1440.71,62
SH005230,PO003029,E070,V016,2025-05-27,2025-05-28,Delivered,2,1086.99,20
SH005231,PO003295,E034,V090,2024-01-25,2024-01-27,Delayed,1,1153.53,41
SH005232,PO003295,E085,V002,2024-02-02,2024-02-03,Damaged,2,735.0,25
SH005233,PO001079,E070,V053,2024-06-04,2024-06-06,Delayed,1,1597.74,55
SH005234,PO001079,E069,V082,2024-06-08,2024-06-10,Delivered,2,1339.16,41
SH005235,PO001835,E022,V030,2025-07-09,2025-07-09,Damaged,1,53.87,1
SH005236,PO001835,E028,V077,2025-07-13,2025-07-14,Delivered,2,1555.88,26
SH005237,PO003897,E079,V027,2024-10-10,2024-10-14,Damaged,1,1347.02,91
SH005238,PO003897,E051,V061,2024-10-18,2024-10-20,Delivered,2,1399.29,50
SH005239,PO003516,E016,V009,2026-06-29,2026-06-30,Damaged,1,716.15,24
SH005240,PO003516,E012,V031,2026-07-05,2026-07-06,Delivered,2,1083.54,20
SH005241,PO000100,E104,V090,2026-06-20,2026-06-22,Delayed,1,1062.04,56
SH005242,PO000100,E009,V022,2026-06-23,2026-06-24,Delivered,2,703.95,18
SH005243,PO004424,E097,V057,2026-05-27,2026-05-28,Delayed,1,348.59,19
SH005244,PO004424,E110,V014,2026-06-02,2026-06-04,Delivered,2,1554.87,44
SH005245,PO004500,E001,V011,2025-02-12,2025-02-16,Delayed,1,1663.27,95
SH005246,PO004500,E064,V017,2025-02-22,2025-02-23,Delivered,2,1132.86,26
SH005247,PO000071,E099,V022,2024-01-27,2024-01-29,Delayed,1,675.13,54
SH005248,PO000071,E062,V013,2024-01-31,2024-02-02,Delivered,2,1274.75,50
SH005249,PO002503,E116,V024,2024-02-09,2024-02-10,Delayed,1,732.51,24
SH005250,PO002503,E035,V087,2024-02-14,2024-02-16,Delivered,2,1431.97,51
SH005251,PO004195,E096,V067,2026-01-21,2026-01-23,Delayed,1,1703.39,40
SH005252,PO004195,E063,V073,2026-01-30,2026-01-30,Delivered,2,272.38,6
SH005253,PO002674,E030,V068,2025-05-19,2025-05-19,Damaged,1,155.48,6
SH005254,PO002674,E114,V080,2025-05-22,2025-05-24,Delivered,2,1726.87,40
SH005255,PO002817,E109,V087,2024-11-03,2024-11-06,Delayed,1,1602.96,62
SH005256,PO002817,E052,V019,2024-11-13,2024-11-13,Delivered,2,285.22,7
SH005257,PO000083,E045,V010,2024-06-04,2024-06-05,Delayed,1,285.12,13
SH005258,PO000083,E068,V013,2024-06-13,2024-06-14,Delivered,2,996.05,23
SH005259,PO003167,E116,V052,2025-01-08,2025-01-09,Delayed,1,596.72,16
SH005260,PO003167,E018,V028,2025-01-11,2025-01-12,Delivered,2,917.69,25
SH005261,PO000803,E052,V074,2025-02-11,2025-02-13,Delayed,1,1702.69,58
SH005262,PO000803,E085,V009,2025-02-16,2025-02-17,Delivered,2,1565.34,32
SH005263,PO004133,E048,V077,2024-02-08,2024-02-09,Delayed,1,562.64,21
SH005264,PO004133,E052,V057,2024-02-11,2024-02-11,Delivered,2,323.58,6
SH005265,PO001356,E069,V031,2024-06-03,2024-06-06,Damaged,1,1309.54,62
SH005266,PO001356,E048,V089,2024-06-08,2024-06-08,Delivered,2,577.0,12
SH005267,PO003792,E086,V082,2026-01-08,2026-01-11,Damaged,1,1529.65,64
SH005268,PO003792,E097,V006,2026-01-19,2026-01-20,Delivered,2,1519.27,29
SH005269,PO002547,E065,V062,2026-01-09,2026-01-10,Damaged,1,809.68,21
SH005270,PO002547,E044,V051,2026-01-16,2026-01-17,Delivered,2,1528.96,24
SH005271,PO000847,E044,V036,2025-01-07,2025-01-07,Damaged,1,297.49,11
SH005272,PO000847,E098,V072,2025-01-19,2025-01-20,Delivered,2,1277.04,24
SH005273,PO000697,E032,V031,2025-10-16,2025-10-18,Delayed,1,1113.26,51
SH005274,PO000697,E042,V007,2025-10-18,2025-10-19,Delivered,2,395.91,15
SH005275,PO001299,E049,V060,2024-11-20,2024-11-21,Delayed,1,310.75,16
SH005276,PO001299,E009,V084,2024-11-25,2024-11-25,Delivered,2,228.64,5
SH005277,PO003347,E077,V012,2026-08-11,2026-08-13,Delayed,1,1051.2,42
SH005278,PO003347,E056,V077,2026-08-12,2026-08-13,Delivered,2,824.5,20
SH005279,PO000258,E007,V043,2025-04-06,2025-04-07,Delayed,1,848.82,29
SH005280,PO000258,E036,V053,2025-04-08,2025-04-09,Delivered,2,1458.51,33
SH005281,PO000539,E014,V063,2026-05-20,2026-05-21,Damaged,1,1002.47,35
SH005282,PO000539,E010,V011,2026-05-26,2026-05-27,Delivered,2,646.21,13
SH005283,PO000080,E017,V054,2025-12-14,2025-12-19,Damaged,1,1506.88,109
SH005284,PO000080,E040,V086,2025-12-17,2025-12-18,Delivered,2,467.39,13
SH005285,PO004852,E065,V065,2024-07-16,2024-07-17,Damaged,1,736.02,35
SH005286,PO004852,E014,V056,2024-07-26,2024-07-28,Delivered,2,1732.83,38
SH005287,PO000855,E043,V001,2024-06-07,2024-06-10,Damaged,1,1687.06,74
SH005288,PO000855,E025,V089,2024-06-10,2024-06-11,Delivered,2,821.15,28
SH005289,PO000558,E011,V053,2026-07-11,2026-07-12,Damaged,1,302.45,15
SH005290,PO000558,E098,V068,2026-07-21,2026-07-22,Damaged,2,1220.02,34
SH005291,PO003758,E088,V037,2025-01-21,2025-01-24,Delayed,1,1579.67,72
SH005292,PO003758,E099,V064,2025-01-27,2025-01-28,Delivered,2,976.59,25
SH005293,PO001875,E004,V003,2025-11-12,2025-11-13,Damaged,1,1045.22,34
SH005294,PO001875,E077,V050,2025-11-14,2025-11-14,Delivered,2,370.38,10
SH005295,PO004561,E039,V037,2024-04-19,2024-04-21,Damaged,1,1664.65,57
SH005296,PO004561,E060,V028,2024-04-26,2024-04-27,Delivered,2,715.47,14
SH005297,PO002571,E012,V053,2025-02-21,2025-02-22,Damaged,1,1003.03,35
SH005298,PO002571,E020,V070,2025-03-04,2025-03-05,Delivered,2,1590.88,34
SH005299,PO000979,E104,V088,2026-06-18,2026-06-19,Delayed,1,1030.7,34
SH005300,PO000979,E065,V031,2026-06-20,2026-06-21,Delivered,2,605.8,16
SH005301,PO004722,E106,V020,2024-02-28,2024-02-28,Damaged,1,156.98,5
SH005302,PO004722,E099,V042,2024-03-03,2024-03-03,Delivered,2,92.45,3
SH005303,PO001546,E086,V053,2025-12-19,2025-12-20,Delayed,1,1014.56,30
SH005304,PO001546,E032,V089,2025-12-29,2025-12-30,Delivered,2,832.37,20
SH005305,PO001146,E014,V053,2025-06-15,2025-06-15,Damaged,1,169.61,9
SH005306,PO001146,E069,V082,2025-06-20,2025-06-21,Delivered,2,848.98,29
SH005307,PO003077,E049,V052,2025-05-20,2025-05-21,Delayed,1,863.25,32
SH005308,PO003077,E089,V010,2025-05-22,2025-05-24,Damaged,2,961.07,40
SH005309,PO002808,E063,V029,2025-05-05,2025-05-08,Damaged,1,1667.86,71
SH005310,PO002808,E002,V061,2025-05-08,2025-05-09,Delivered,2,1041.58,26
SH005311,PO004938,E083,V034,2025-12-14,2025-12-16,Delayed,1,979.31,54
SH005312,PO004938,E111,V086,2025-12-23,2025-12-24,Damaged,2,558.63,25
SH005313,PO002615,E044,V076,2024-08-22,2024-08-23,Damaged,1,531.44,14
SH005314,PO002615,E056,V069,2024-08-26,2024-08-27,Damaged,2,535.88,17
SH005315,PO001592,E014,V025,2026-05-16,2026-05-18,Damaged,1,1762.94,57
SH005316,PO001592,E047,V052,2026-05-24,2026-05-25,Delivered,2,1045.11,19
SH005317,PO002414,E022,V008,2024-08-07,2024-08-08,Damaged,1,391.03,13
SH005318,PO002414,E063,V039,2024-08-17,2024-08-19,Delivered,2,1423.34,41
SH005319,PO001318,E038,V020,2026-05-11,2026-05-13,Delayed,1,687.06,49
SH005320,PO001318,E056,V024,2026-05-21,2026-05-23,Delivered,2,1646.0,51
SH005321,PO002884,E065,V082,2026-06-06,2026-06-07,Damaged,1,746.43,29
SH005322,PO002884,E064,V075,2026-06-18,2026-06-20,Delivered,2,1759.12,38
SH005323,PO000715,E092,V046,2026-08-03,2026-08-04,Delayed,1,280.1,18
SH005324,PO000715,E060,V021,2026-08-09,2026-08-10,Delivered,2,846.8,29
SH005325,PO004998,E076,V015,2026-06-13,2026-06-14,Delayed,1,467.92,15
SH005326,PO004998,E105,V004,2026-06-25,2026-06-26,Delivered,2,1102.31,23
SH005327,PO003845,E115,V007,2025-12-07,2025-12-09,Delayed,1,1183.66,36
SH005328,PO003845,E047,V027,2025-12-19,2025-12-20,Delivered,2,1200.48,30
SH005329,PO003352,E078,V037,2026-01-09,2026-01-11,Damaged,1,1146.12,46
SH005330,PO003352,E109,V078,2026-01-19,2026-01-20,Damaged,2,543.45,22
SH005331,PO000918,E079,V044,2024-02-14,2024-02-15,Damaged,1,543.26,13
SH005332,PO000918,E004,V073,2024-02-19,2024-02-19,Delivered,2,76.77,1
SH005333,PO004624,E098,V055,2025-02-16,2025-02-18,Delayed,1,1394.78,56
SH005334,PO004624,E108,V012,2025-02-24,2025-02-25,Delivered,2,556.44,13
SH005335,PO003161,E042,V064,2024-09-17,2024-09-20,Damaged,1,1395.34,80
SH005336,PO003161,E089,V017,2024-09-26,2024-09-27,Delivered,2,855.76,30
SH005337,PO003627,E110,V055,2026-04-13,2026-04-16,Delayed,1,1577.62,63
SH005338,PO003627,E030,V016,2026-04-23,2026-04-25,Delivered,2,1278.39,43
SH005339,PO002219,E003,V071,2025-05-11,2025-05-13,Damaged,1,1345.48,55
SH005340,PO002219,E108,V046,2025-05-21,2025-05-22,Delivered,2,549.02,19
SH005341,PO002592,E013,V082,2024-10-12,2024-10-12,Damaged,1,354.64,12
SH005342,PO002592,E052,V080,2024-10-15,2024-10-16,Delivered,2,748.86,20
SH005343,PO001173,E090,V051,2024-01-30,2024-01-31,Delayed,1,963.45,25
SH005344,PO001173,E050,V066,2024-02-05,2024-02-06,Delivered,2,1381.0,24
SH005345,PO001129,E107,V051,2026-01-24,2026-01-26,Damaged,1,1671.56,48
SH005346,PO001129,E051,V021,2026-01-26,2026-01-26,Delivered,2,135.79,3
SH005347,PO001645,E035,V061,2024-07-06,2024-07-07,Delayed,1,963.79,27
SH005348,PO001645,E059,V044,2024-07-15,2024-07-15,Delivered,2,235.26,4
SH005349,PO000047,E099,V020,2024-12-20,2024-12-22,Damaged,1,1488.77,51
SH005350,PO000047,E017,V065,2024-12-28,2024-12-29,Delivered,2,1539.9,27
SH005351,PO001660,E018,V064,2026-08-12,2026-08-12,Damaged,1,146.76,6
SH005352,PO001660,E045,V068,2026-08-12,2026-08-13,Damaged,2,965.19,34
SH005353,PO000634,E027,V042,2024-09-09,2024-09-11,Delayed,1,1484.07,39
SH005354,PO000634,E017,V055,2024-09-20,2024-09-21,Delivered,2,983.11,16
SH005355,PO001473,E029,V049,2024-03-16,2024-03-18,Delayed,1,1040.12,56
SH005356,PO001473,E100,V003,2024-03-21,2024-03-24,Delivered,2,1725.43,68
SH005357,PO001895,E001,V054,2025-08-02,2025-08-05,Delayed,1,1573.5,79
SH005358,PO001895,E005,V024,2025-08-12,2025-08-12,Delivered,2,287.74,10
SH005359,PO001871,E044,V018,2025-05-21,2025-05-22,Damaged,1,405.72,14
SH005360,PO001871,E099,V082,2025-05-27,2025-05-27,Delivered,2,133.13,4
SH005361,PO004308,E020,V053,2025-08-26,2025-08-27,Delayed,1,806.7,24
SH005362,PO004308,E101,V086,2025-09-03,2025-09-05,Delivered,2,1431.91,53
SH005363,PO000200,E048,V072,2024-05-10,2024-05-13,Damaged,1,1388.0,63
SH005364,PO000200,E098,V018,2024-05-16,2024-05-16,Damaged,2,97.67,3
SH005365,PO004537,E047,V004,2025-06-23,2025-06-24,Damaged,1,421.66,15
SH005366,PO004537,E006,V067,2025-07-04,2025-07-05,Delivered,2,1469.02,27
SH005367,PO001328,E028,V061,2026-02-09,2026-02-10,Damaged,1,417.08,17
SH005368,PO001328,E027,V022,2026-02-19,2026-02-19,Damaged,2,84.66,4
SH005369,PO001746,E042,V065,2025-12-24,2025-12-27,Delayed,1,1473.77,72
SH005370,PO001746,E043,V033,2025-12-31,2026-01-01,Delivered,2,1333.4,31
SH005371,PO003140,E033,V061,2024-11-18,2024-11-22,Damaged,1,1682.41,93
SH005372,PO003140,E005,V010,2024-11-23,2024-11-25,Delivered,2,1060.16,39
SH005373,PO004146,E055,V023,2024-12-03,2024-12-06,Damaged,1,1516.67,68
SH005374,PO004146,E009,V023,2024-12-15,2024-12-15,Delivered,2,130.19,3
SH005375,PO002678,E053,V048,2025-05-22,2025-05-26,Delayed,1,1685.69,94
SH005376,PO002678,E099,V065,2025-06-01,2025-06-01,Delivered,2,458.6,10
SH005377,PO000528,E089,V070,2025-05-28,2025-05-30,Delayed,1,1450.17,52
SH005378,PO000528,E024,V026,2025-06-07,2025-06-08,Delivered,2,1573.19,30
SH005379,PO001998,E007,V047,2026-06-19,2026-06-20,Delayed,1,388.18,13
SH005380,PO001998,E013,V070,2026-07-01,2026-07-02,Delivered,2,408.95,15
SH005381,PO004613,E098,V038,2024-03-17,2024-03-18,Delayed,1,929.95,32
SH005382,PO004613,E038,V058,2024-03-27,2024-03-28,Delivered,2,598.33,14
SH005383,PO003438,E088,V012,2024-08-30,2024-08-30,Delayed,1,96.05,3
SH005384,PO003438,E078,V079,2024-09-01,2024-09-03,Damaged,2,1064.55,43
SH005385,PO002987,E016,V046,2024-01-27,2024-01-27,Damaged,1,363.27,11
SH005386,PO002987,E014,V032,2024-02-07,2024-02-08,Delivered,2,1044.0,31
SH005387,PO000508,E115,V014,2024-09-13,2024-09-15,Damaged,1,1263.74,50
SH005388,PO000508,E092,V081,2024-09-25,2024-09-26,Delivered,2,845.55,28
SH005389,PO004765,E008,V075,2026-07-24,2026-07-24,Delayed,1,98.06,4
SH005390,PO004765,E026,V050,2026-07-26,2026-07-26,Delivered,2,419.95,9
SH005391,PO000209,E104,V029,2026-07-03,2026-07-04,Delayed,1,665.91,26
SH005392,PO000209,E076,V024,2026-07-12,2026-07-14,Delivered,2,986.7,40
SH005393,PO000936,E010,V022,2024-09-29,2024-10-01,Delayed,1,1339.05,50
SH005394,PO000936,E071,V014,2024-10-06,2024-10-08,Delivered,2,1413.14,38
SH005395,PO002598,E119,V047,2026-01-27,2026-01-30,Damaged,1,1493.55,71
SH005396,PO002598,E080,V060,2026-02-02,2026-02-03,Delivered,2,1246.37,24
SH005397,PO002250,E079,V089,2025-08-07,2025-08-10,Damaged,1,928.59,61
SH005398,PO002250,E048,V020,2025-08-17,2025-08-19,Delivered,2,1501.54,48
SH005399,PO003376,E085,V068,2025-06-24,2025-06-25,Damaged,1,792.58,33
SH005400,PO003376,E047,V048,2025-07-02,2025-07-04,Delivered,2,971.11,41
SH005401,PO000079,E052,V066,2024-11-23,2024-11-24,Damaged,1,319.93,15
SH005402,PO000079,E046,V048,2024-11-27,2024-11-29,Damaged,2,1100.58,48
SH005403,PO000033,E035,V033,2024-06-09,2024-06-10,Delayed,1,688.68,19
SH005404,PO000033,E079,V028,2024-06-12,2024-06-14,Delivered,2,1774.67,36
SH005405,PO001695,E005,V072,2024-11-26,2024-11-26,Damaged,1,178.42,5
SH005406,PO001695,E083,V003,2024-11-28,2024-11-29,Delivered,2,1022.1,28
SH005407,PO001662,E024,V019,2025-04-06,2025-04-08,Damaged,1,1473.42,44
SH005408,PO001662,E025,V063,2025-04-15,2025-04-16,Damaged,2,497.81,21
SH005409,PO004456,E101,V022,2024-04-04,2024-04-06,Damaged,1,964.38,53
SH005410,PO004456,E002,V057,2024-04-10,2024-04-10,Delivered,2,317.31,8
SH005411,PO004502,E030,V062,2025-06-30,2025-07-02,Delayed,1,1280.05,60
SH005412,PO004502,E043,V020,2025-07-09,2025-07-11,Delivered,2,1703.74,42
SH005413,PO003332,E101,V040,2025-04-16,2025-04-20,Delayed,1,1760.97,87
SH005414,PO003332,E030,V016,2025-04-25,2025-04-25,Delivered,2,412.48,10
SH005415,PO003126,E006,V079,2025-07-07,2025-07-09,Delayed,1,898.72,40
SH005416,PO003126,E036,V076,2025-07-09,2025-07-09,Damaged,2,223.6,10
SH005417,PO003309,E091,V013,2025-11-06,2025-11-06,Damaged,1,60.57,1
SH005418,PO003309,E095,V049,2025-11-11,2025-11-11,Delivered,2,89.24,2
SH005419,PO000355,E042,V040,2025-11-02,2025-11-03,Delayed,1,1080.86,34
SH005420,PO000355,E105,V046,2025-11-11,2025-11-12,Delivered,2,1021.57,25
SH005421,PO000832,E020,V024,2026-08-03,2026-08-05,Damaged,1,1295.56,44
SH005422,PO000832,E001,V033,2026-08-10,2026-08-10,Delivered,2,123.78,2
SH005423,PO002685,E070,V022,2025-12-26,2025-12-29,Damaged,1,1092.9,64
SH005424,PO002685,E048,V071,2025-12-29,2025-12-31,Delivered,2,1460.0,36
SH005425,PO002483,E085,V029,2025-06-13,2025-06-14,Damaged,1,779.96,22
SH005426,PO002483,E033,V066,2025-06-17,2025-06-18,Delivered,2,975.3,16
SH005427,PO001562,E029,V088,2024-03-18,2024-03-20,Delayed,1,1306.15,53
SH005428,PO001562,E010,V033,2024-03-21,2024-03-22,Delivered,2,1185.74,29
SH005429,PO002869,E119,V051,2024-11-06,2024-11-08,Damaged,1,1231.47,47
SH005430,PO002869,E111,V002,2024-11-15,2024-11-15,Delivered,2,61.29,1
SH005431,PO002534,E107,V049,2024-11-14,2024-11-16,Damaged,1,841.25,56
SH005432,PO002534,E035,V025,2024-11-17,2024-11-18,Delivered,2,1321.82,31
SH005433,PO001850,E103,V008,2025-06-11,2025-06-13,Damaged,1,1239.4,50
SH005434,PO001850,E026,V018,2025-06-17,2025-06-17,Delivered,2,519.04,12
SH005435,PO003541,E063,V038,2024-10-18,2024-10-19,Delayed,1,300.97,17
SH005436,PO003541,E118,V054,2024-10-25,2024-10-26,Delivered,2,1104.83,26
SH005437,PO002614,E006,V034,2025-03-06,2025-03-08,Damaged,1,946.87,50
SH005438,PO002614,E051,V055,2025-03-14,2025-03-14,Delivered,2,148.79,3
SH005439,PO004343,E097,V023,2024-11-21,2024-11-21,Delayed,1,163.67,4
SH005440,PO004343,E013,V055,2024-11-25,2024-11-26,Delivered,2,1101.13,22
SH005441,PO001325,E056,V031,2025-07-20,2025-07-20,Damaged,1,354.85,12
SH005442,PO001325,E038,V065,2025-07-29,2025-07-30,Delivered,2,744.65,14
SH005443,PO003080,E043,V054,2024-01-09,2024-01-10,Damaged,1,518.19,28
SH005444,PO003080,E075,V086,2024-01-19,2024-01-21,Delivered,2,1365.59,43
SH005445,PO002261,E053,V059,2025-06-10,2025-06-11,Delayed,1,1257.06,31
SH005446,PO002261,E031,V043,2025-06-20,2025-06-22,Delivered,2,1669.96,39
SH005447,PO004733,E034,V035,2026-08-08,2026-08-08,Delayed,1,325.9,12
SH005448,PO004733,E107,V090,2026-08-12,2026-08-13,Delivered,2,1025.04,22
SH005449,PO000904,E055,V028,2024-06-20,2024-06-21,Damaged,1,704.98,24
SH005450,PO000904,E070,V037,2024-06-28,2024-06-29,Damaged,2,214.54,17
SH005451,PO002822,E114,V045,2024-09-05,2024-09-06,Damaged,1,742.45,22
SH005452,PO002822,E103,V079,2024-09-14,2024-09-15,Delivered,2,818.19,19
SH005453,PO000243,E011,V025,2025-09-26,2025-09-27,Damaged,1,787.57,28
SH005454,PO000243,E040,V046,2025-10-01,2025-10-02,Delivered,2,811.03,21
SH005455,PO004179,E083,V039,2026-04-21,2026-04-22,Damaged,1,350.43,20
SH005456,PO004179,E073,V018,2026-05-01,2026-05-01,Delivered,2,72.25,2
SH005457,PO000815,E082,V023,2025-04-11,2025-04-13,Damaged,1,1006.69,36
SH005458,PO000815,E071,V082,2025-04-23,2025-04-24,Delivered,2,1206.48,29
SH005459,PO002797,E099,V055,2026-04-20,2026-04-22,Delayed,1,1649.08,48
SH005460,PO002797,E056,V018,2026-04-26,2026-04-27,Delivered,2,1036.37,14
SH005461,PO000045,E067,V024,2026-01-07,2026-01-08,Delayed,1,417.57,13
SH005462,PO000045,E017,V041,2026-01-14,2026-01-16,Delivered,2,1782.98,49
SH005463,PO003133,E098,V008,2025-04-20,2025-04-22,Damaged,1,1391.4,50
SH005464,PO003133,E058,V024,2025-04-22,2025-04-23,Delivered,2,621.69,13
SH005465,PO004440,E045,V012,2025-05-02,2025-05-02,Damaged,1,135.1,6
SH005466,PO004440,E022,V053,2025-05-07,2025-05-09,Delivered,2,1645.93,38
SH005467,PO004754,E042,V030,2026-07-05,2026-07-06,Damaged,1,716.42,25
SH005468,PO004754,E108,V048,2026-07-11,2026-07-12,Delivered,2,911.62,27
SH005469,PO004718,E020,V009,2024-09-10,2024-09-13,Delayed,1,1730.11,62
SH005470,PO004718,E065,V002,2024-09-21,2024-09-22,Delivered,2,1657.23,30
SH005471,PO002807,E055,V023,2025-12-25,2025-12-27,Delayed,1,1337.15,54
SH005472,PO002807,E096,V074,2025-12-27,2025-12-28,Delivered,2,822.36,21
SH005473,PO000945,E116,V050,2025-10-07,2025-10-07,Delayed,1,298.31,9
SH005474,PO000945,E078,V035,2025-10-13,2025-10-15,Damaged,2,1302.8,43
SH005475,PO004249,E005,V004,2025-06-14,2025-06-14,Delayed,1,128.09,4
SH005476,PO004249,E029,V090,2025-06-20,2025-06-21,Delivered,2,476.84,15
SH005477,PO004926,E050,V006,2025-06-01,2025-06-02,Damaged,1,669.73,21
SH005478,PO004926,E039,V019,2025-06-12,2025-06-13,Delivered,2,1257.24,31
SH005479,PO001650,E077,V002,2024-11-12,2024-11-14,Delayed,1,944.17,51
SH005480,PO001650,E050,V048,2024-11-18,2024-11-19,Delivered,2,1433.34,28
SH005481,PO003006,E093,V022,2026-05-29,2026-06-01,Delayed,1,1538.58,63
SH005482,PO003006,E049,V006,2026-06-07,2026-06-07,Delivered,2,155.9,3
SH005483,PO003145,E104,V075,2026-07-28,2026-07-30,Delayed,1,1793.72,42
SH005484,PO003145,E114,V066,2026-08-02,2026-08-03,Delivered,2,745.07,15
SH005485,PO003104,E079,V048,2024-08-26,2024-08-28,Delayed,1,1014.07,37
SH005486,PO003104,E081,V007,2024-08-30,2024-08-31,Delivered,2,677.44,14
SH005487,PO003099,E086,V021,2025-06-06,2025-06-07,Delayed,1,578.05,21
SH005488,PO003099,E087,V078,2025-06-08,2025-06-08,Delivered,2,289.3,5
SH005489,PO003035,E013,V090,2025-06-21,2025-06-22,Damaged,1,792.41,21
SH005490,PO003035,E039,V074,2025-07-02,2025-07-04,Delivered,2,1765.65,41
SH005491,PO000701,E042,V007,2024-03-09,2024-03-11,Damaged,1,1423.86,48
SH005492,PO000701,E036,V090,2024-03-14,2024-03-14,Delivered,2,395.63,10
SH005493,PO003483,E042,V089,2025-07-31,2025-08-02,Damaged,1,1387.64,40
SH005494,PO003483,E116,V076,2025-08-12,2025-08-13,Delivered,2,1631.03,26
SH005495,PO001986,E113,V013,2026-03-06,2026-03-07,Delayed,1,917.31,21
SH005496,PO001986,E020,V034,2026-03-11,2026-03-12,Delivered,2,929.44,15
SH005497,PO003139,E107,V053,2025-09-13,2025-09-14,Damaged,1,447.97,17
SH005498,PO003139,E019,V050,2025-09-24,2025-09-25,Delivered,2,786.78,16
SH005499,PO001463,E026,V055,2025-07-29,2025-08-01,Delayed,1,1157.7,62
SH005500,PO001463,E108,V086,2025-08-06,2025-08-06,Delivered,2,319.41,8
SH005501,PO000326,E114,V072,2024-12-23,2024-12-24,Delayed,1,489.68,27
SH005502,PO000326,E091,V020,2024-12-31,2025-01-02,Delivered,2,1488.09,41
SH005503,PO004339,E073,V064,2024-11-04,2024-11-06,Delayed,1,1017.92,39
SH005504,PO004339,E091,V087,2024-11-11,2024-11-13,Delivered,2,1473.49,42
SH005505,PO000629,E030,V011,2026-07-05,2026-07-08,Delayed,1,1013.94,69
SH005506,PO000629,E079,V050,2026-07-16,2026-07-17,Delivered,2,1156.0,26
SH005507,PO001859,E007,V045,2025-03-15,2025-03-17,Delayed,1,1477.67,54
SH005508,PO001859,E015,V044,2025-03-27,2025-03-27,Delivered,2,47.51,2
SH005509,PO004286,E088,V008,2025-02-07,2025-02-10,Damaged,1,1781.07,65
SH005510,PO004286,E070,V089,2025-02-14,2025-02-14,Delivered,2,232.98,10
SH005511,PO002630,E096,V090,2024-07-13,2024-07-15,Delayed,1,763.22,38
SH005512,PO002630,E066,V001,2024-07-24,2024-07-26,Delivered,2,1156.59,39
SH005513,PO003287,E020,V028,2025-10-25,2025-10-28,Damaged,1,1778.77,67
SH005514,PO003287,E117,V048,2025-11-05,2025-11-07,Delivered,2,1577.82,42
SH005515,PO000942,E071,V054,2026-05-21,2026-05-23,Delayed,1,1021.56,37
SH005516,PO000942,E116,V015,2026-05-31,2026-06-01,Delivered,2,1145.44,26
SH005517,PO000054,E087,V042,2026-08-02,2026-08-04,Damaged,1,1217.72,41
SH005518,PO000054,E110,V074,2026-08-05,2026-08-05,Delivered,2,498.86,9
SH005519,PO001664,E052,V052,2025-07-03,2025-07-03,Damaged,1,146.57,6
SH005520,PO001664,E102,V038,2025-07-06,2025-07-07,Delivered,2,576.22,18
SH005521,PO002873,E008,V017,2026-05-15,2026-05-16,Damaged,1,506.8,28
SH005522,PO002873,E029,V038,2026-05-17,2026-05-19,Delivered,2,1610.54,53
SH005523,PO001414,E110,V045,2025-11-03,2025-11-04,Damaged,1,783.21,23
SH005524,PO001414,E096,V030,2025-11-07,2025-11-07,Delivered,2,593.37,9
SH005525,PO000212,E101,V018,2024-06-25,2024-06-29,Damaged,1,1471.13,86
SH005526,PO000212,E095,V030,2024-07-02,2024-07-04,Delivered,2,1294.11,46
SH005527,PO000867,E072,V024,2026-06-01,2026-06-02,Damaged,1,604.82,16
SH005528,PO000867,E105,V072,2026-06-13,2026-06-13,Delivered,2,60.26,1
SH005529,PO002491,E088,V057,2025-01-31,2025-02-02,Damaged,1,1360.0,50
SH005530,PO002491,E074,V054,2025-02-09,2025-02-09,Delivered,2,257.77,4
SH005531,PO003756,E072,V081,2026-03-17,2026-03-17,Delayed,1,219.68,8
SH005532,PO003756,E040,V028,2026-03-28,2026-03-28,Delivered,2,351.21,7
SH005533,PO000015,E018,V039,2025-12-23,2025-12-23,Delayed,1,166.84,6
SH005534,PO000015,E072,V019,2025-12-31,2026-01-01,Delivered,2,981.75,19
SH005535,PO002650,E018,V029,2024-03-05,2024-03-05,Damaged,1,164.97,6
SH005536,PO002650,E023,V040,2024-03-10,2024-03-11,Delivered,2,563.47,15
SH005537,PO003301,E071,V025,2025-10-01,2025-10-01,Damaged,1,155.73,6
SH005538,PO003301,E015,V068,2025-10-05,2025-10-06,Delivered,2,1052.43,27
SH005539,PO001156,E034,V063,2024-12-29,2024-12-31,Delayed,1,1060.53,50
SH005540,PO001156,E118,V074,2025-01-08,2025-01-09,Delivered,2,1253.83,27
SH005541,PO002561,E120,V016,2024-11-04,2024-11-05,Damaged,1,482.24,27
SH005542,PO002561,E016,V074,2024-11-08,2024-11-08,Delivered,2,220.2,5
SH005543,PO001877,E015,V032,2024-03-05,2024-03-06,Damaged,1,1073.18,34
SH005544,PO001877,E100,V086,2024-03-17,2024-03-17,Damaged,2,263.5,7
SH005545,PO001499,E043,V068,2024-05-07,2024-05-08,Delayed,1,618.81,19
SH005546,PO001499,E089,V090,2024-05-11,2024-05-12,Delivered,2,868.73,18
SH005547,PO003180,E046,V051,2024-04-27,2024-04-28,Damaged,1,1380.37,34
SH005548,PO003180,E010,V071,2024-05-06,2024-05-08,Damaged,2,1503.7,51
SH005549,PO000120,E043,V067,2026-08-12,2026-08-14,Damaged,1,703.81,42
SH005550,PO000120,E087,V050,2026-08-12,2026-08-14,Delivered,2,1407.83,49
SH005551,PO004074,E049,V014,2025-06-17,2025-06-17,Delayed,1,167.51,7
SH005552,PO004074,E103,V060,2025-06-24,2025-06-24,Delivered,2,615.88,9
SH005553,PO004435,E081,V007,2026-08-08,2026-08-10,Delayed,1,1406.42,36
SH005554,PO004435,E064,V022,2026-08-12,2026-08-13,Delivered,2,881.47,20
SH005555,PO003559,E030,V089,2026-06-11,2026-06-11,Delayed,1,216.46,10
SH005556,PO003559,E004,V080,2026-06-19,2026-06-22,Damaged,2,1576.19,66
SH005557,PO004056,E014,V026,2025-04-24,2025-04-25,Delayed,1,1136.28,35
SH005558,PO004056,E009,V088,2025-05-04,2025-05-04,Delivered,2,246.49,4
SH005559,PO002127,E005,V053,2024-12-27,2024-12-28,Damaged,1,529.06,25
SH005560,PO002127,E039,V044,2025-01-07,2025-01-08,Delivered,2,1223.51,23
SH005561,PO002872,E109,V085,2024-05-06,2024-05-09,Delayed,1,1749.05,78
SH005562,PO002872,E090,V067,2024-05-13,2024-05-14,Delivered,2,1272.76,25
SH005563,PO004817,E004,V032,2024-06-29,2024-06-29,Damaged,1,350.3,8
SH005564,PO004817,E054,V070,2024-07-08,2024-07-09,Delivered,2,1732.74,33
SH005565,PO003386,E032,V031,2025-06-12,2025-06-12,Delayed,1,57.31,1
SH005566,PO003386,E077,V036,2025-06-18,2025-06-20,Delivered,2,1640.29,49
SH005567,PO004612,E116,V073,2026-04-07,2026-04-10,Damaged,1,1179.6,69
SH005568,PO004612,E036,V008,2026-04-11,2026-04-12,Delivered,2,759.21,21
SH005569,PO002743,E106,V039,2025-07-21,2025-07-22,Damaged,1,594.89,29
SH005570,PO002743,E086,V089,2025-07-24,2025-07-26,Delivered,2,1559.72,41
SH005571,PO001600,E033,V071,2025-10-11,2025-10-12,Delayed,1,445.21,17
SH005572,PO001600,E067,V019,2025-10-23,2025-10-23,Delivered,2,416.5,9
SH005573,PO001026,E120,V078,2024-07-04,2024-07-05,Damaged,1,412.56,25
SH005574,PO001026,E031,V029,2024-07-13,2024-07-14,Delivered,2,899.4,18
SH005575,PO004468,E081,V030,2024-05-30,2024-06-01,Damaged,1,1147.09,36
SH005576,PO004468,E090,V063,2024-06-02,2024-06-02,Delivered,2,305.73,8
SH005577,PO004636,E051,V076,2025-12-27,2025-12-28,Delayed,1,675.67,27
SH005578,PO004636,E030,V066,2026-01-06,2026-01-06,Damaged,2,305.66,9
SH005579,PO004619,E045,V029,2026-02-20,2026-02-20,Damaged,1,64.44,2
SH005580,PO004619,E057,V072,2026-03-01,2026-03-01,Damaged,2,176.0,6
SH005581,PO004919,E022,V075,2025-12-11,2025-12-12,Damaged,1,732.32,25
SH005582,PO004919,E111,V066,2025-12-20,2025-12-20,Delivered,2,121.59,4
SH005583,PO004201,E021,V078,2026-05-30,2026-05-31,Delayed,1,335.74,20
SH005584,PO004201,E032,V026,2026-06-06,2026-06-08,Delivered,2,1541.68,36
SH005585,PO003606,E053,V040,2026-06-19,2026-06-20,Damaged,1,601.85,24
SH005586,PO003606,E041,V046,2026-06-24,2026-06-25,Delivered,2,1599.04,34
SH005587,PO001132,E021,V020,2025-10-15,2025-10-17,Delayed,1,1065.94,49
SH005588,PO001132,E028,V075,2025-10-23,2025-10-25,Delivered,2,1697.54,42
SH005589,PO004894,E120,V083,2026-05-15,2026-05-20,Damaged,1,1445.03,121
SH005590,PO004894,E044,V008,2026-05-19,2026-05-21,Delivered,2,1205.99,40
SH005591,PO003396,E061,V022,2024-10-11,2024-10-11,Delayed,1,248.61,9
SH005592,PO003396,E015,V049,2024-10-18,2024-10-19,Delivered,2,1751.5,35
SH005593,PO000247,E073,V056,2024-07-22,2024-07-23,Damaged,1,1046.39,32
SH005594,PO000247,E016,V023,2024-08-02,2024-08-04,Delivered,2,1714.98,51
SH005595,PO002203,E065,V022,2026-07-27,2026-07-29,Damaged,1,1582.51,48
SH005596,PO002203,E006,V045,2026-08-06,2026-08-08,Delivered,2,1252.8,49
SH005597,PO002494,E081,V075,2025-03-14,2025-03-16,Delayed,1,1204.77,54
SH005598,PO002494,E015,V022,2025-03-26,2025-03-27,Delivered,2,1368.09,28
SH005599,PO004330,E067,V089,2025-12-29,2026-01-01,Damaged,1,1430.44,78
SH005600,PO004330,E018,V076,2026-01-04,2026-01-06,Delivered,2,1483.49,52
SH005601,PO003437,E101,V077,2025-07-21,2025-07-22,Delayed,1,660.51,31
SH005602,PO003437,E057,V083,2025-07-24,2025-07-26,Delivered,2,1238.03,36
SH005603,PO000332,E034,V049,2025-11-08,2025-11-09,Damaged,1,842.63,30
SH005604,PO000332,E086,V022,2025-11-13,2025-11-14,Delivered,2,1721.56,34
SH005605,PO001007,E074,V047,2024-04-01,2024-04-02,Damaged,1,499.71,15
SH005606,PO001007,E089,V059,2024-04-06,2024-04-07,Damaged,2,969.84,28
SH005607,PO003482,E048,V021,2025-03-31,2025-04-02,Delayed,1,1332.78,42
SH005608,PO003482,E017,V034,2025-04-06,2025-04-07,Delivered,2,1241.91,30
SH005609,PO000831,E053,V041,2024-09-02,2024-09-03,Delayed,1,633.92,26
SH005610,PO000831,E052,V024,2024-09-09,2024-09-10,Delivered,2,971.61,21
SH005611,PO002142,E112,V042,2025-10-24,2025-10-26,Delayed,1,1357.59,51
SH005612,PO002142,E013,V064,2025-10-30,2025-10-31,Delivered,2,454.76,13
SH005613,PO004276,E019,V062,2024-04-19,2024-04-22,Damaged,1,1690.7,73
SH005614,PO004276,E070,V082,2024-04-25,2024-04-25,Delivered,2,568.15,12
SH005615,PO003969,E105,V057,2024-07-27,2024-07-29,Delayed,1,1730.9,60
SH005616,PO003969,E053,V053,2024-08-08,2024-08-09,Delivered,2,1010.41,23
SH005617,PO001246,E014,V055,2026-04-26,2026-04-26,Damaged,1,208.56,9
SH005618,PO001246,E020,V057,2026-04-30,2026-04-30,Delivered,2,271.76,7
SH005619,PO004508,E064,V009,2025-12-16,2025-12-16,Damaged,1,107.95,6
SH005620,PO004508,E029,V021,2025-12-26,2025-12-28,Delivered,2,1419.1,49
SH005621,PO002864,E049,V015,2026-04-03,2026-04-05,Damaged,1,1161.19,57
SH005622,PO002864,E057,V061,2026-04-11,2026-04-13,Delivered,2,1488.46,54
SH005623,PO002600,E043,V064,2024-07-16,2024-07-16,Delayed,1,157.25,6
SH005624,PO002600,E052,V004,2024-07-28,2024-07-29,Delivered,2,512.72,16
SH005625,PO001732,E048,V045,2025-09-29,2025-10-01,Damaged,1,1461.7,40
SH005626,PO001732,E100,V065,2025-10-09,2025-10-11,Damaged,2,1126.38,41
SH005627,PO000757,E014,V051,2024-06-20,2024-06-20,Delayed,1,107.45,4
SH005628,PO000757,E098,V021,2024-06-29,2024-06-29,Delivered,2,458.25,11
SH005629,PO002480,E025,V027,2024-06-22,2024-06-25,Delayed,1,1661.49,74
SH005630,PO002480,E114,V014,2024-06-26,2024-06-28,Damaged,2,995.44,44
SH005631,PO001185,E105,V020,2025-12-09,2025-12-11,Delayed,1,1262.39,47
SH005632,PO001185,E053,V019,2025-12-16,2025-12-17,Delivered,2,1443.46,33
SH005633,PO004009,E049,V075,2025-10-30,2025-10-31,Damaged,1,551.23,22
SH005634,PO004009,E018,V017,2025-11-10,2025-11-11,Delivered,2,994.29,33
SH005635,PO003668,E076,V027,2025-02-28,2025-02-28,Delayed,1,240.2,6
SH005636,PO003668,E075,V003,2025-03-05,2025-03-06,Damaged,2,963.83,29
SH005637,PO004073,E052,V045,2025-04-24,2025-04-26,Delayed,1,879.68,38
SH005638,PO004073,E082,V086,2025-05-01,2025-05-02,Delivered,2,988.6,31
SH005639,PO002166,E052,V078,2026-01-12,2026-01-14,Damaged,1,1320.09,58
SH005640,PO002166,E102,V066,2026-01-16,2026-01-17,Damaged,2,1116.22,31
SH005641,PO003679,E099,V035,2026-07-19,2026-07-20,Delayed,1,371.16,16
SH005642,PO003679,E078,V062,2026-07-26,2026-07-26,Delivered,2,439.69,10
SH005643,PO003213,E016,V053,2025-12-30,2026-01-01,Damaged,1,762.35,41
SH005644,PO003213,E040,V088,2026-01-03,2026-01-05,Delivered,2,1533.55,37
SH005645,PO003122,E099,V055,2026-07-03,2026-07-03,Damaged,1,285.31,6
SH005646,PO003122,E007,V067,2026-07-06,2026-07-07,Delivered,2,1133.83,17
SH005647,PO004806,E052,V020,2025-09-24,2025-09-24,Delayed,1,277.93,12
SH005648,PO004806,E075,V009,2025-10-06,2025-10-07,Delivered,2,1042.37,20
SH005649,PO001082,E100,V089,2025-10-18,2025-10-20,Damaged,1,1601.17,51
SH005650,PO001082,E116,V030,2025-10-28,2025-10-28,Damaged,2,72.62,3
SH005651,PO003313,E091,V036,2025-04-12,2025-04-13,Delayed,1,239.7,13
SH005652,PO003313,E049,V030,2025-04-15,2025-04-17,Delivered,2,1629.99,42
SH005653,PO000213,E107,V037,2025-01-17,2025-01-18,Damaged,1,777.08,30
SH005654,PO000213,E048,V090,2025-01-19,2025-01-20,Delivered,2,1222.62,31
SH005655,PO001171,E004,V044,2024-02-09,2024-02-11,Delayed,1,1567.21,46
SH005656,PO001171,E068,V009,2024-02-16,2024-02-18,Damaged,2,911.48,37
SH005657,PO000249,E006,V056,2025-06-01,2025-06-02,Damaged,1,573.87,26
SH005658,PO000249,E072,V012,2025-06-05,2025-06-07,Delivered,2,1424.09,45
SH005659,PO002804,E089,V088,2024-09-16,2024-09-17,Damaged,1,528.95,21
SH005660,PO002804,E107,V016,2024-09-21,2024-09-21,Delivered,2,627.93,10
SH005661,PO002469,E032,V013,2024-08-22,2024-08-24,Delayed,1,1488.26,43
SH005662,PO002469,E050,V053,2024-09-03,2024-09-03,Delivered,2,95.27,3
SH005663,PO004093,E005,V071,2024-04-10,2024-04-11,Damaged,1,1002.29,33
SH005664,PO004093,E013,V021,2024-04-17,2024-04-17,Delivered,2,65.11,1
SH005665,PO003938,E046,V050,2026-04-13,2026-04-16,Damaged,1,1711.3,78
SH005666,PO003938,E067,V071,2026-04-19,2026-04-20,Delivered,2,972.41,22
SH005667,PO004932,E090,V011,2025-04-24,2025-04-26,Delayed,1,1379.13,40
SH005668,PO004932,E077,V048,2025-04-30,2025-04-30,Delivered,2,224.85,5
SH005669,PO003965,E065,V058,2025-07-16,2025-07-18,Delayed,1,1691.22,55
SH005670,PO003965,E008,V051,2025-07-26,2025-07-28,Damaged,2,1094.12,58
SH005671,PO004421,E111,V063,2025-11-11,2025-11-13,Delayed,1,1534.44,52
SH005672,PO004421,E082,V058,2025-11-17,2025-11-17,Delivered,2,93.19,3
SH005673,PO003319,E045,V010,2026-06-06,2026-06-08,Damaged,1,1416.73,54
SH005674,PO003319,E100,V028,2026-06-17,2026-06-18,Delivered,2,1571.99,29
SH005675,PO000893,E022,V038,2025-06-25,2025-06-25,Damaged,1,82.42,1
SH005676,PO000893,E002,V015,2025-06-28,2025-06-29,Damaged,2,1442.19,30
SH005677,PO001819,E110,V036,2026-07-18,2026-07-20,Damaged,1,1216.8,38
SH005678,PO001819,E097,V005,2026-07-25,2026-07-26,Delivered,2,1550.42,32
SH005679,PO003331,E088,V052,2025-10-20,2025-10-21,Delayed,1,1353.78,34
SH005680,PO003331,E045,V076,2025-10-30,2025-11-01,Damaged,2,1552.33,40
SH005681,PO000935,E073,V068,2026-04-09,2026-04-10,Damaged,1,480.33,22
SH005682,PO000935,E065,V062,2026-04-21,2026-04-22,Delivered,2,1325.81,26
SH005683,PO003647,E032,V035,2026-01-10,2026-01-11,Delayed,1,435.61,15
SH005684,PO003647,E068,V013,2026-01-19,2026-01-20,Delivered,2,959.56,20
SH005685,PO000610,E110,V079,2024-09-21,2024-09-25,Delayed,1,1505.45,94
SH005686,PO000610,E025,V005,2024-09-23,2024-09-25,Delivered,2,1206.3,43
SH005687,PO004720,E081,V059,2025-01-24,2025-01-25,Damaged,1,708.23,19
SH005688,PO004720,E043,V002,2025-02-01,2025-02-02,Delivered,2,1618.06,33
SH005689,PO004140,E048,V051,2025-10-26,2025-10-29,Damaged,1,1465.65,80
SH005690,PO004140,E052,V056,2025-10-30,2025-11-01,Delivered,2,1608.2,44
SH005691,PO004973,E111,V051,2026-04-21,2026-04-21,Delayed,1,186.6,5
SH005692,PO004973,E052,V066,2026-04-23,2026-04-25,Delivered,2,1493.75,38
SH005693,PO002766,E100,V047,2026-07-13,2026-07-14,Delayed,1,723.97,21
SH005694,PO002766,E118,V023,2026-07-23,2026-07-24,Delivered,2,1014.19,23
SH005695,PO000460,E012,V087,2025-07-12,2025-07-12,Delayed,1,141.65,7
SH005696,PO000460,E117,V062,2025-07-14,2025-07-15,Delivered,2,936.09,23
SH005697,PO004745,E009,V004,2026-04-03,2026-04-06,Damaged,1,1583.47,65
SH005698,PO004745,E005,V069,2026-04-06,2026-04-07,Delivered,2,903.72,30
SH005699,PO000024,E035,V015,2024-11-02,2024-11-04,Damaged,1,1325.25,43
SH005700,PO000024,E011,V033,2024-11-08,2024-11-10,Delivered,2,1746.65,38
SH005701,PO002531,E103,V033,2025-10-05,2025-10-05,Damaged,1,127.4,5
SH005702,PO002531,E039,V040,2025-10-16,2025-10-16,Delivered,2,399.56,11
SH005703,PO003858,E091,V021,2026-08-06,2026-08-06,Damaged,1,292.03,7
SH005704,PO003858,E084,V035,2026-08-11,2026-08-11,Delivered,2,460.74,8
SH005705,PO002069,E048,V008,2026-02-28,2026-03-01,Delayed,1,852.57,26
SH005706,PO002069,E109,V054,2026-03-07,2026-03-08,Delivered,2,1710.61,29
SH005707,PO000811,E031,V042,2026-05-12,2026-05-13,Damaged,1,730.72,35
SH005708,PO000811,E031,V003,2026-05-22,2026-05-23,Delivered,2,1504.37,33
SH005709,PO001857,E009,V071,2025-01-02,2025-01-04,Delayed,1,1239.91,39
SH005710,PO001857,E032,V076,2025-01-09,2025-01-11,Delivered,2,1641.27,38
SH005711,PO000666,E033,V003,2025-09-12,2025-09-14,Delayed,1,1347.98,41
SH005712,PO000666,E082,V061,2025-09-17,2025-09-17,Damaged,2,343.34,8
SH005713,PO001604,E008,V030,2026-06-15,2026-06-15,Delayed,1,73.45,1
SH005714,PO001604,E087,V004,2026-06-19,2026-06-19,Delivered,2,364.97,8
SH005715,PO001023,E106,V027,2025-12-21,2025-12-23,Damaged,1,1778.85,46
SH005716,PO001023,E056,V035,2025-12-26,2025-12-27,Delivered,2,607.66,16
SH005717,PO004189,E020,V002,2025-05-18,2025-05-21,Damaged,1,1513.34,72
SH005718,PO004189,E038,V071,2025-05-27,2025-05-27,Delivered,2,320.08,7
SH005719,PO002620,E104,V017,2024-09-20,2024-09-22,Delayed,1,909.14,41
SH005720,PO002620,E067,V017,2024-09-30,2024-10-01,Delivered,2,1160.74,35
SH005721,PO000605,E058,V031,2025-07-09,2025-07-10,Damaged,1,1040.26,27
SH005722,PO000605,E077,V065,2025-07-17,2025-07-17,Delivered,2,159.46,4
SH005723,PO001616,E075,V044,2024-12-03,2024-12-05,Damaged,1,1010.99,45
SH005724,PO001616,E080,V055,2024-12-11,2024-12-12,Delivered,2,1422.23,33
SH005725,PO003173,E036,V072,2025-02-07,2025-02-07,Delayed,1,273.29,9
SH005726,PO003173,E088,V030,2025-02-17,2025-02-18,Delivered,2,1424.76,34
SH005727,PO000523,E033,V034,2025-12-27,2025-12-29,Delayed,1,1440.58,58
SH005728,PO000523,E044,V006,2026-01-06,2026-01-08,Damaged,2,1019.84,49
SH005729,PO000607,E100,V081,2024-08-18,2024-08-20,Delayed,1,1707.67,58
SH005730,PO000607,E006,V063,2024-08-25,2024-08-26,Delivered,2,1345.97,28
SH005731,PO000590,E052,V070,2026-01-02,2026-01-04,Damaged,1,1173.06,45
SH005732,PO000590,E059,V030,2026-01-12,2026-01-12,Delivered,2,234.11,6
SH005733,PO000416,E013,V058,2024-03-25,2024-03-27,Damaged,1,1776.95,52
SH005734,PO000416,E051,V018,2024-04-04,2024-04-04,Delivered,2,75.47,2
SH005735,PO004588,E020,V010,2024-08-31,2024-09-02,Delayed,1,1736.08,55
SH005736,PO004588,E042,V035,2024-09-08,2024-09-08,Delivered,2,136.41,2
SH005737,PO000145,E031,V016,2024-08-21,2024-08-22,Delayed,1,432.93,23
SH005738,PO000145,E037,V059,2024-08-25,2024-08-27,Delivered,2,1296.37,40
SH005739,PO000040,E017,V016,2026-02-04,2026-02-06,Delayed,1,1195.55,40
SH005740,PO000040,E105,V067,2026-02-13,2026-02-14,Delivered,2,639.39,13
SH005741,PO002347,E083,V025,2026-04-19,2026-04-20,Delayed,1,959.09,27
SH005742,PO002347,E020,V005,2026-04-30,2026-05-01,Delivered,2,936.99,18
SH005743,PO000361,E001,V001,2024-06-02,2024-06-03,Delayed,1,468.61,19
SH005744,PO000361,E026,V082,2024-06-12,2024-06-13,Delivered,2,1194.72,33
SH005745,PO004043,E079,V027,2025-08-21,2025-08-23,Damaged,1,1357.24,41
SH005746,PO004043,E111,V076,2025-08-28,2025-08-30,Delivered,2,1719.51,56
SH005747,PO001209,E063,V043,2026-02-08,2026-02-10,Delayed,1,640.1,37
SH005748,PO001209,E082,V082,2026-02-15,2026-02-16,Delivered,2,640.88,25
SH005749,PO002200,E073,V068,2026-03-14,2026-03-15,Damaged,1,397.87,16
SH005750,PO002200,E107,V076,2026-03-25,2026-03-27,Delivered,2,1660.43,58
SH005751,PO003175,E086,V027,2026-07-21,2026-07-23,Damaged,1,1319.36,51
SH005752,PO003175,E045,V004,2026-07-25,2026-07-25,Damaged,2,103.7,6
SH005753,PO004047,E081,V010,2024-10-14,2024-10-15,Damaged,1,967.23,34
SH005754,PO004047,E120,V089,2024-10-21,2024-10-21,Delivered,2,414.29,8
SH005755,PO001802,E002,V087,2024-04-03,2024-04-03,Delayed,1,98.81,2
SH005756,PO001802,E064,V084,2024-04-14,2024-04-14,Delivered,2,301.52,8
SH005757,PO003021,E107,V039,2026-03-13,2026-03-13,Damaged,1,271.49,11
SH005758,PO003021,E079,V081,2026-03-21,2026-03-22,Delivered,2,572.13,17
SH005759,PO001144,E011,V048,2024-09-03,2024-09-04,Damaged,1,729.34,20
SH005760,PO001144,E111,V021,2024-09-05,2024-09-05,Delivered,2,491.34,10
SH005761,PO003222,E103,V040,2024-10-24,2024-10-26,Damaged,1,1739.42,55
SH005762,PO003222,E052,V067,2024-10-30,2024-10-30,Damaged,2,71.65,2
SH005763,PO003280,E102,V049,2025-05-09,2025-05-10,Damaged,1,636.01,23
SH005764,PO003280,E115,V050,2025-05-17,2025-05-17,Delivered,2,116.79,2
SH005765,PO004162,E030,V031,2024-06-08,2024-06-09,Delayed,1,524.21,29
SH005766,PO004162,E075,V012,2024-06-14,2024-06-14,Delivered,2,114.86,3
SH005767,PO001949,E104,V025,2024-11-27,2024-12-01,Damaged,1,1747.94,90
SH005768,PO001949,E047,V077,2024-12-09,2024-12-11,Delivered,2,1521.5,39
SH005769,PO003733,E108,V048,2024-04-01,2024-04-04,Damaged,1,1513.55,65
SH005770,PO003733,E085,V011,2024-04-07,2024-04-09,Delivered,2,1599.96,60
SH005771,PO002838,E034,V001,2026-02-18,2026-02-22,Damaged,1,1444.04,87
SH005772,PO002838,E088,V029,2026-02-24,2026-02-26,Delivered,2,1619.43,38
SH005773,PO003876,E088,V083,2024-02-04,2024-02-05,Damaged,1,904.93,33
SH005774,PO003876,E085,V009,2024-02-09,2024-02-10,Delivered,2,594.23,13
SH005775,PO003345,E039,V046,2024-11-15,2024-11-16,Delayed,1,959.59,32
SH005776,PO003345,E103,V029,2024-11-17,2024-11-18,Delivered,2,1315.32,30
SH005777,PO003093,E005,V077,2024-10-07,2024-10-07,Delayed,1,95.66,4
SH005778,PO003093,E023,V013,2024-10-10,2024-10-12,Damaged,2,1043.94,53
SH005779,PO004220,E107,V004,2025-08-18,2025-08-18,Damaged,1,173.51,8
SH005780,PO004220,E109,V086,2025-08-28,2025-08-28,Delivered,2,270.18,5
SH005781,PO000299,E037,V026,2026-01-24,2026-01-25,Delayed,1,730.91,30
SH005782,PO000299,E098,V082,2026-01-26,2026-01-26,Delivered,2,363.8,11
SH005783,PO002061,E112,V058,2025-07-22,2025-07-23,Delayed,1,968.01,26
SH005784,PO002061,E084,V068,2025-08-03,2025-08-03,Delivered,2,494.4,10
SH005785,PO003505,E117,V042,2024-07-28,2024-07-29,Delayed,1,313.17,13
SH005786,PO003505,E064,V083,2024-08-02,2024-08-03,Delivered,2,627.89,17
SH005787,PO004282,E089,V050,2026-01-01,2026-01-03,Delayed,1,804.2,39
SH005788,PO004282,E107,V055,2026-01-06,2026-01-07,Delivered,2,715.05,17
SH005789,PO001030,E092,V043,2024-04-28,2024-04-29,Damaged,1,575.43,33
SH005790,PO001030,E084,V084,2024-05-04,2024-05-06,Damaged,2,1136.92,53
SH005791,PO004475,E015,V066,2025-07-24,2025-07-25,Delayed,1,589.63,18
SH005792,PO004475,E116,V013,2025-07-31,2025-08-01,Delivered,2,695.56,21
SH005793,PO002134,E106,V028,2024-05-14,2024-05-15,Damaged,1,322.76,13
SH005794,PO002134,E100,V023,2024-05-17,2024-05-19,Delivered,2,1664.03,50
SH005795,PO000269,E079,V029,2024-04-27,2024-04-27,Delayed,1,72.61,1
SH005796,PO000269,E062,V025,2024-05-03,2024-05-04,Delivered,2,785.18,20
SH005797,PO002433,E058,V029,2024-02-14,2024-02-16,Damaged,1,1682.84,46
SH005798,PO002433,E084,V074,2024-02-17,2024-02-19,Delivered,2,1288.03,37
SH005799,PO002863,E029,V059,2025-09-05,2025-09-06,Delayed,1,715.82,30
SH005800,PO002863,E075,V046,2025-09-09,2025-09-11,Delivered,2,1627.89,37
